Entity,Code,Year,Use of nutrient nitrogen per area of cropland
Afghanistan,AFG,1961,0.13
Afghanistan,AFG,1962,0.13
Afghanistan,AFG,1963,0.13
Afghanistan,AFG,1964,0.13
Afghanistan,AFG,1965,0.13
Afghanistan,AFG,1966,0.13
Afghanistan,AFG,1967,1.13
Afghanistan,AFG,1968,1.75
Afghanistan,AFG,1969,1.88
Afghanistan,AFG,1970,2
Afghanistan,AFG,1971,1.84
Afghanistan,AFG,1972,1.99
Afghanistan,AFG,1973,2.2
Afghanistan,AFG,1974,3.01
Afghanistan,AFG,1975,3.44
Afghanistan,AFG,1976,3.81
Afghanistan,AFG,1977,4.6
Afghanistan,AFG,1978,4.41
Afghanistan,AFG,1979,4.13
Afghanistan,AFG,1980,4.7
Afghanistan,AFG,1981,3.57
Afghanistan,AFG,1982,4.82
Afghanistan,AFG,1983,4.57
Afghanistan,AFG,1984,6.56
Afghanistan,AFG,1985,6.6
Afghanistan,AFG,1986,6.3
Afghanistan,AFG,1987,6.56
Afghanistan,AFG,1988,6.2
Afghanistan,AFG,1989,6.22
Afghanistan,AFG,1990,5.49
Afghanistan,AFG,1991,5.33
Afghanistan,AFG,1992,4.84
Afghanistan,AFG,1993,5.04
Afghanistan,AFG,1996,0.64
Afghanistan,AFG,1997,0.64
Afghanistan,AFG,1998,0.76
Afghanistan,AFG,1999,0.64
Afghanistan,AFG,2000,0.64
Afghanistan,AFG,2001,2.36
Afghanistan,AFG,2002,3.15
Afghanistan,AFG,2003,2.59
Afghanistan,AFG,2004,2.82
Afghanistan,AFG,2005,2.59
Afghanistan,AFG,2006,2.59
Afghanistan,AFG,2007,2.07
Afghanistan,AFG,2008,1.82
Afghanistan,AFG,2009,1.79
Afghanistan,AFG,2010,1.63
Afghanistan,AFG,2011,2.9
Afghanistan,AFG,2012,2.16
Afghanistan,AFG,2013,4.41
Afghanistan,AFG,2014,9.34
Afghanistan,AFG,2015,11.7
Afghanistan,AFG,2016,12.22
Afghanistan,AFG,2017,17.8
Afghanistan,AFG,2018,15.06
Afghanistan,AFG,2019,7.45
Afghanistan,AFG,2020,5.36
Afghanistan,AFG,2021,4.14
Afghanistan,AFG,2022,3.23
Afghanistan,AFG,2023,4.4
Africa (FAO),,1961,2.08
Africa (FAO),,1962,2.22
Africa (FAO),,1963,2.56
Africa (FAO),,1964,2.92
Africa (FAO),,1965,3.17
Africa (FAO),,1966,3.06
Africa (FAO),,1967,3.35
Africa (FAO),,1968,3.73
Africa (FAO),,1969,4.01
Africa (FAO),,1970,4.55
Africa (FAO),,1971,5.15
Africa (FAO),,1972,5.65
Africa (FAO),,1973,5.63
Africa (FAO),,1974,5.72
Africa (FAO),,1975,6.46
Africa (FAO),,1976,6.75
Africa (FAO),,1977,6.84
Africa (FAO),,1978,7.09
Africa (FAO),,1979,7.63
Africa (FAO),,1980,9.01
Africa (FAO),,1981,9.54
Africa (FAO),,1982,9.42
Africa (FAO),,1983,8.7
Africa (FAO),,1984,9.08
Africa (FAO),,1985,9.42
Africa (FAO),,1986,10.08
Africa (FAO),,1987,9.59
Africa (FAO),,1988,10.26
Africa (FAO),,1989,9.83
Africa (FAO),,1990,10.05
Africa (FAO),,1991,9.75
Africa (FAO),,1992,9.48
Africa (FAO),,1993,10.39
Africa (FAO),,1994,8.98
Africa (FAO),,1995,9.28
Africa (FAO),,1996,10.04
Africa (FAO),,1997,9.72
Africa (FAO),,1998,10.03
Africa (FAO),,1999,10.19
Africa (FAO),,2000,10.37
Africa (FAO),,2001,10.47
Africa (FAO),,2002,11.47
Africa (FAO),,2003,10.74
Africa (FAO),,2004,12.21
Africa (FAO),,2005,11.56
Africa (FAO),,2006,11.92
Africa (FAO),,2007,10.68
Africa (FAO),,2008,10.86
Africa (FAO),,2009,10.8
Africa (FAO),,2010,12.08
Africa (FAO),,2011,11.48
Africa (FAO),,2012,11.13
Africa (FAO),,2013,11.66
Africa (FAO),,2014,11.88
Africa (FAO),,2015,11.78
Africa (FAO),,2016,12.98
Africa (FAO),,2017,14.84
Africa (FAO),,2018,14.03
Africa (FAO),,2019,14.12
Africa (FAO),,2020,16.49
Africa (FAO),,2021,15.05
Africa (FAO),,2022,13.26
Africa (FAO),,2023,14.37
Albania,ALB,1961,6.65
Albania,ALB,1962,4.11
Albania,ALB,1963,4.04
Albania,ALB,1964,3.99
Albania,ALB,1965,3.83
Albania,ALB,1966,5.56
Albania,ALB,1967,12.59
Albania,ALB,1968,33.33
Albania,ALB,1969,27.35
Albania,ALB,1970,37.56
Albania,ALB,1971,50.82
Albania,ALB,1972,52.24
Albania,ALB,1973,56.76
Albania,ALB,1974,55.67
Albania,ALB,1975,54.38
Albania,ALB,1976,66.13
Albania,ALB,1977,72.25
Albania,ALB,1978,103.16
Albania,ALB,1979,101.72
Albania,ALB,1980,98.01
Albania,ALB,1981,102.69
Albania,ALB,1982,99.86
Albania,ALB,1983,102.82
Albania,ALB,1984,105.19
Albania,ALB,1985,105.19
Albania,ALB,1986,105.19
Albania,ALB,1987,92.58
Albania,ALB,1988,97.06
Albania,ALB,1989,113.01
Albania,ALB,1990,104.4
Albania,ALB,1991,31.72
Albania,ALB,1992,21.05
Albania,ALB,1993,21.68
Albania,ALB,1994,18.06
Albania,ALB,1995,14.25
Albania,ALB,1996,7.83
Albania,ALB,1997,6
Albania,ALB,1998,25.75
Albania,ALB,1999,8.3
Albania,ALB,2000,17.31
Albania,ALB,2001,15.31
Albania,ALB,2002,54.67
Albania,ALB,2003,53.47
Albania,ALB,2004,51.67
Albania,ALB,2005,56.47
Albania,ALB,2006,43.03
Albania,ALB,2007,45.11
Albania,ALB,2008,41.24
Albania,ALB,2009,48.76
Albania,ALB,2010,44.96
Albania,ALB,2011,53.01
Albania,ALB,2012,50.21
Albania,ALB,2013,44.11
Albania,ALB,2014,44.13
Albania,ALB,2015,52.87
Albania,ALB,2016,60.98
Albania,ALB,2017,56.28
Albania,ALB,2018,35.59
Albania,ALB,2019,55.07
Albania,ALB,2020,47.38
Albania,ALB,2021,38.96
Albania,ALB,2022,23.99
Albania,ALB,2023,37.03
Algeria,DZA,1961,1.27
Algeria,DZA,1962,2.17
Algeria,DZA,1963,2.64
Algeria,DZA,1964,2.37
Algeria,DZA,1965,1.97
Algeria,DZA,1966,2.53
Algeria,DZA,1967,2.12
Algeria,DZA,1968,2.95
Algeria,DZA,1969,4.27
Algeria,DZA,1970,6.32
Algeria,DZA,1971,9.74
Algeria,DZA,1972,11.39
Algeria,DZA,1973,10.65
Algeria,DZA,1974,9.21
Algeria,DZA,1975,5.34
Algeria,DZA,1976,6.58
Algeria,DZA,1977,6.91
Algeria,DZA,1978,7.64
Algeria,DZA,1979,8.04
Algeria,DZA,1980,11.19
Algeria,DZA,1981,7.68
Algeria,DZA,1982,6.49
Algeria,DZA,1983,8.2
Algeria,DZA,1984,11.68
Algeria,DZA,1985,13.07
Algeria,DZA,1986,14.96
Algeria,DZA,1987,10.49
Algeria,DZA,1988,6.88
Algeria,DZA,1989,6.03
Algeria,DZA,1990,8.25
Algeria,DZA,1991,5.25
Algeria,DZA,1992,5.77
Algeria,DZA,1993,9.15
Algeria,DZA,1994,7.27
Algeria,DZA,1995,2.29
Algeria,DZA,1996,1.74
Algeria,DZA,1997,4.41
Algeria,DZA,1998,5.38
Algeria,DZA,1999,5.74
Algeria,DZA,2000,5.41
Algeria,DZA,2001,5.55
Algeria,DZA,2002,3.42
Algeria,DZA,2003,2.07
Algeria,DZA,2004,12.62
Algeria,DZA,2005,0.49
Algeria,DZA,2006,5.23
Algeria,DZA,2007,4.37
Algeria,DZA,2008,2.75
Algeria,DZA,2009,4.42
Algeria,DZA,2010,7.15
Algeria,DZA,2011,6.69
Algeria,DZA,2012,8.61
Algeria,DZA,2013,7.59
Algeria,DZA,2014,9.06
Algeria,DZA,2015,8.79
Algeria,DZA,2016,8.34
Algeria,DZA,2017,8.27
Algeria,DZA,2018,8.26
Algeria,DZA,2019,8.25
Algeria,DZA,2020,8.28
Algeria,DZA,2021,8.29
Algeria,DZA,2022,8.24
Algeria,DZA,2023,8.22
Americas (FAO),,1961,8.88
Americas (FAO),,1962,10.31
Americas (FAO),,1963,11.76
Americas (FAO),,1964,12.68
Americas (FAO),,1965,14.17
Americas (FAO),,1966,16.11
Americas (FAO),,1967,18.29
Americas (FAO),,1968,18.8
Americas (FAO),,1969,19.43
Americas (FAO),,1970,21.2
Americas (FAO),,1971,21.7
Americas (FAO),,1972,22.82
Americas (FAO),,1973,24.61
Americas (FAO),,1974,24.68
Americas (FAO),,1975,26.95
Americas (FAO),,1976,29.32
Americas (FAO),,1977,29.23
Americas (FAO),,1978,29.38
Americas (FAO),,1979,30.99
Americas (FAO),,1980,32.55
Americas (FAO),,1981,31.66
Americas (FAO),,1982,28.75
Americas (FAO),,1983,30.03
Americas (FAO),,1984,33.19
Americas (FAO),,1985,32.12
Americas (FAO),,1986,32.11
Americas (FAO),,1987,33
Americas (FAO),,1988,32.85
Americas (FAO),,1989,33.61
Americas (FAO),,1990,33.94
Americas (FAO),,1991,33.98
Americas (FAO),,1992,34.5
Americas (FAO),,1993,36.95
Americas (FAO),,1994,37.2
Americas (FAO),,1995,37.77
Americas (FAO),,1996,40.1
Americas (FAO),,1997,40.75
Americas (FAO),,1998,41.16
Americas (FAO),,1999,41.34
Americas (FAO),,2000,40.38
Americas (FAO),,2001,40.69
Americas (FAO),,2002,41.15
Americas (FAO),,2003,44.51
Americas (FAO),,2004,43.71
Americas (FAO),,2005,42.69
Americas (FAO),,2006,44.52
Americas (FAO),,2007,47.84
Americas (FAO),,2008,43.91
Americas (FAO),,2009,44.23
Americas (FAO),,2010,48.68
Americas (FAO),,2011,54.46
Americas (FAO),,2012,54.01
Americas (FAO),,2013,54.49
Americas (FAO),,2014,55.08
Americas (FAO),,2015,50.95
Americas (FAO),,2016,52.48
Americas (FAO),,2017,55.15
Americas (FAO),,2018,56.62
Americas (FAO),,2019,56.77
Americas (FAO),,2020,61.37
Americas (FAO),,2021,62.64
Americas (FAO),,2022,60.28
Americas (FAO),,2023,60.51
Angola,AGO,1961,0.16
Angola,AGO,1962,0.16
Angola,AGO,1963,0.16
Angola,AGO,1964,0.31
Angola,AGO,1965,0.86
Angola,AGO,1966,1.09
Angola,AGO,1967,1.5
Angola,AGO,1968,1.49
Angola,AGO,1969,1.47
Angola,AGO,1970,1.62
Angola,AGO,1971,3.29
Angola,AGO,1972,3.29
Angola,AGO,1973,2.68
Angola,AGO,1974,1.91
Angola,AGO,1975,0.62
Angola,AGO,1976,0.31
Angola,AGO,1977,4.09
Angola,AGO,1978,3.13
Angola,AGO,1979,2.95
Angola,AGO,1980,2.89
Angola,AGO,1981,1.45
Angola,AGO,1982,0.88
Angola,AGO,1983,1.2
Angola,AGO,1984,1.18
Angola,AGO,1985,4.05
Angola,AGO,1986,1.61
Angola,AGO,1987,1.29
Angola,AGO,1988,1.68
Angola,AGO,1989,2.96
Angola,AGO,1990,0.81
Angola,AGO,1991,0.73
Angola,AGO,1992,0.97
Angola,AGO,1993,0.63
Angola,AGO,1994,0.63
Angola,AGO,1995,0.63
Angola,AGO,1996,0.63
Angola,AGO,1997,0.63
Angola,AGO,1998,0.72
Angola,AGO,1999,0.72
Angola,AGO,2000,0.44
Angola,AGO,2002,0.84
Angola,AGO,2003,0.51
Angola,AGO,2004,2.05
Angola,AGO,2005,1.05
Angola,AGO,2006,1.9
Angola,AGO,2007,1.55
Angola,AGO,2008,2.27
Angola,AGO,2009,2.47
Angola,AGO,2010,3.92
Angola,AGO,2011,3.32
Angola,AGO,2012,3.92
Angola,AGO,2013,3.98
Angola,AGO,2014,5.2
Angola,AGO,2015,4.7
Angola,AGO,2016,3.67
Angola,AGO,2017,4.72
Angola,AGO,2018,3.82
Angola,AGO,2019,2.97
Angola,AGO,2020,4.22
Angola,AGO,2021,3.04
Angola,AGO,2022,5.37
Angola,AGO,2023,3.18
Antigua and Barbuda,ATG,2002,2
Antigua and Barbuda,ATG,2003,6.6
Antigua and Barbuda,ATG,2004,0
Antigua and Barbuda,ATG,2005,3.4
Antigua and Barbuda,ATG,2006,1.8
Antigua and Barbuda,ATG,2007,0.4
Antigua and Barbuda,ATG,2008,1.8
Antigua and Barbuda,ATG,2009,4.6
Antigua and Barbuda,ATG,2010,0.8
Antigua and Barbuda,ATG,2011,0.8
Antigua and Barbuda,ATG,2012,5.34
Antigua and Barbuda,ATG,2013,6.48
Antigua and Barbuda,ATG,2014,4.12
Antigua and Barbuda,ATG,2015,1.54
Antigua and Barbuda,ATG,2016,12.23
Antigua and Barbuda,ATG,2017,1.8
Antigua and Barbuda,ATG,2018,1.8
Antigua and Barbuda,ATG,2019,5.4
Antigua and Barbuda,ATG,2020,0.46
Antigua and Barbuda,ATG,2021,0.91
Antigua and Barbuda,ATG,2022,3.16
Antigua and Barbuda,ATG,2023,0
Argentina,ARG,1961,0.43
Argentina,ARG,1962,0.43
Argentina,ARG,1963,0.81
Argentina,ARG,1964,0.96
Argentina,ARG,1965,1.17
Argentina,ARG,1966,1.13
Argentina,ARG,1967,1.59
Argentina,ARG,1968,1.24
Argentina,ARG,1969,1.41
Argentina,ARG,1970,1.64
Argentina,ARG,1971,1.79
Argentina,ARG,1972,1.94
Argentina,ARG,1973,1.72
Argentina,ARG,1974,1.64
Argentina,ARG,1975,1.09
Argentina,ARG,1976,1.52
Argentina,ARG,1977,1.61
Argentina,ARG,1978,1.83
Argentina,ARG,1979,2.25
Argentina,ARG,1980,2.38
Argentina,ARG,1981,1.93
Argentina,ARG,1982,2
Argentina,ARG,1983,2.33
Argentina,ARG,1984,3.86
Argentina,ARG,1985,3.87
Argentina,ARG,1986,3.43
Argentina,ARG,1987,3.47
Argentina,ARG,1988,3.62
Argentina,ARG,1989,3.62
Argentina,ARG,1990,3.67
Argentina,ARG,1991,3.45
Argentina,ARG,1992,5.27
Argentina,ARG,1993,6.01
Argentina,ARG,1994,10.06
Argentina,ARG,1995,11.34
Argentina,ARG,1996,18.08
Argentina,ARG,1997,16.81
Argentina,ARG,1998,14.86
Argentina,ARG,1999,16.03
Argentina,ARG,2000,17.4
Argentina,ARG,2001,17.27
Argentina,ARG,2002,18.52
Argentina,ARG,2003,24.03
Argentina,ARG,2004,24.29
Argentina,ARG,2005,18.41
Argentina,ARG,2006,21.53
Argentina,ARG,2007,25.84
Argentina,ARG,2008,20.8
Argentina,ARG,2009,13.44
Argentina,ARG,2010,19.77
Argentina,ARG,2011,21.63
Argentina,ARG,2012,18.09
Argentina,ARG,2013,19.51
Argentina,ARG,2014,19.61
Argentina,ARG,2015,14.59
Argentina,ARG,2016,22.5
Argentina,ARG,2017,23.59
Argentina,ARG,2018,28.13
Argentina,ARG,2019,30.5
Argentina,ARG,2020,32.57
Argentina,ARG,2021,38.29
Argentina,ARG,2022,40.02
Argentina,ARG,2023,30.38
Armenia,ARM,1992,31.06
Armenia,ARM,1993,30.43
Armenia,ARM,1994,14
Armenia,ARM,1995,14.17
Armenia,ARM,1996,15.81
Armenia,ARM,1997,16.06
Armenia,ARM,1998,19.51
Armenia,ARM,1999,12.62
Armenia,ARM,2000,14.34
Armenia,ARM,2001,10.14
Armenia,ARM,2002,31.98
Armenia,ARM,2003,21.15
Armenia,ARM,2004,26.11
Armenia,ARM,2005,20.3
Armenia,ARM,2006,114.9
Armenia,ARM,2007,52.97
Armenia,ARM,2008,48.24
Armenia,ARM,2009,78.71
Armenia,ARM,2010,58.75
Armenia,ARM,2011,71.52
Armenia,ARM,2012,113.73
Armenia,ARM,2013,115.82
Armenia,ARM,2014,96.35
Armenia,ARM,2015,125.48
Armenia,ARM,2016,290.03
Armenia,ARM,2017,178.75
Armenia,ARM,2018,59.06
Armenia,ARM,2019,48.74
Armenia,ARM,2020,51.91
Armenia,ARM,2021,36.59
Armenia,ARM,2022,33.29
Armenia,ARM,2023,30.85
Aruba,ABW,2002,0
Aruba,ABW,2003,0
Aruba,ABW,2004,0
Aruba,ABW,2005,0
Aruba,ABW,2006,0
Aruba,ABW,2007,0
Aruba,ABW,2008,0
Aruba,ABW,2009,1.09
Aruba,ABW,2010,1.03
Aruba,ABW,2011,1.46
Aruba,ABW,2012,77.08
Aruba,ABW,2013,0.84
Aruba,ABW,2014,1.64
Aruba,ABW,2015,2.97
Aruba,ABW,2016,1.41
Aruba,ABW,2017,1.5
Aruba,ABW,2018,0.93
Aruba,ABW,2019,0.87
Aruba,ABW,2020,0.56
Aruba,ABW,2021,2.65
Aruba,ABW,2022,2.65
Aruba,ABW,2023,0
Asia (FAO),,1961,4.5
Asia (FAO),,1962,5.35
Asia (FAO),,1963,5.97
Asia (FAO),,1964,6.9
Asia (FAO),,1965,8.42
Asia (FAO),,1966,11.16
Asia (FAO),,1967,10.87
Asia (FAO),,1968,12.15
Asia (FAO),,1969,14.04
Asia (FAO),,1970,16.29
Asia (FAO),,1971,17.39
Asia (FAO),,1972,19.44
Asia (FAO),,1973,21.18
Asia (FAO),,1974,19.12
Asia (FAO),,1975,24.7
Asia (FAO),,1976,24.4
Asia (FAO),,1977,31.53
Asia (FAO),,1978,38.22
Asia (FAO),,1979,41.42
Asia (FAO),,1980,45.71
Asia (FAO),,1981,45.85
Asia (FAO),,1982,47.7
Asia (FAO),,1983,52.8
Asia (FAO),,1984,56.54
Asia (FAO),,1985,54.22
Asia (FAO),,1986,56.15
Asia (FAO),,1987,60.97
Asia (FAO),,1988,67.72
Asia (FAO),,1989,69.06
Asia (FAO),,1990,71.43
Asia (FAO),,1991,72.98
Asia (FAO),,1992,72.25
Asia (FAO),,1993,68.38
Asia (FAO),,1994,71.02
Asia (FAO),,1995,80.51
Asia (FAO),,1996,85.68
Asia (FAO),,1997,82.35
Asia (FAO),,1998,84.36
Asia (FAO),,1999,87.53
Asia (FAO),,2000,83.08
Asia (FAO),,2001,83.39
Asia (FAO),,2002,87.36
Asia (FAO),,2003,89.11
Asia (FAO),,2004,92.95
Asia (FAO),,2005,95.52
Asia (FAO),,2006,98.77
Asia (FAO),,2007,100.98
Asia (FAO),,2008,102.41
Asia (FAO),,2009,107.37
Asia (FAO),,2010,109.14
Asia (FAO),,2011,110.92
Asia (FAO),,2012,110.92
Asia (FAO),,2013,112.25
Asia (FAO),,2014,112.98
Asia (FAO),,2015,112.66
Asia (FAO),,2016,112.1
Asia (FAO),,2017,112.29
Asia (FAO),,2018,110.49
Asia (FAO),,2019,109.99
Asia (FAO),,2020,114.18
Asia (FAO),,2021,111.44
Asia (FAO),,2022,110.34
Asia (FAO),,2023,113.44
Australia,AUS,1961,2.17
Australia,AUS,1962,2.51
Australia,AUS,1963,4.06
Australia,AUS,1964,3.5
Australia,AUS,1965,3.6
Australia,AUS,1966,4.05
Australia,AUS,1967,6.01
Australia,AUS,1968,5.85
Australia,AUS,1969,5.69
Australia,AUS,1970,5.94
Australia,AUS,1971,6.56
Australia,AUS,1972,8.7
Australia,AUS,1973,10.27
Australia,AUS,1974,10.69
Australia,AUS,1975,10.93
Australia,AUS,1976,12.77
Australia,AUS,1977,10.61
Australia,AUS,1978,11.52
Australia,AUS,1979,12.64
Australia,AUS,1980,12.43
Australia,AUS,1981,12.23
Australia,AUS,1982,11.84
Australia,AUS,1983,14.13
Australia,AUS,1984,14.13
Australia,AUS,1985,14.48
Australia,AUS,1986,14.35
Australia,AUS,1987,16.53
Australia,AUS,1988,19.25
Australia,AUS,1989,22.38
Australia,AUS,1990,23.08
Australia,AUS,1991,23.94
Australia,AUS,1992,26.78
Australia,AUS,1993,29.42
Australia,AUS,1994,29.09
Australia,AUS,1995,35.46
Australia,AUS,1996,38.24
Australia,AUS,1997,35.75
Australia,AUS,1998,40.8
Australia,AUS,1999,41.86
Australia,AUS,2000,36.01
Australia,AUS,2001,37.95
Australia,AUS,2002,36.37
Australia,AUS,2003,35.61
Australia,AUS,2004,36.46
Australia,AUS,2005,32.05
Australia,AUS,2006,31.44
Australia,AUS,2007,32.44
Australia,AUS,2008,30.83
Australia,AUS,2009,27.8
Australia,AUS,2010,34.03
Australia,AUS,2011,30.83
Australia,AUS,2012,31.64
Australia,AUS,2013,34.79
Australia,AUS,2014,39.13
Australia,AUS,2015,37.34
Australia,AUS,2016,43.67
Australia,AUS,2017,43.27
Australia,AUS,2018,40.57
Australia,AUS,2019,38.93
Australia,AUS,2020,52.43
Australia,AUS,2021,58.63
Australia,AUS,2022,54.67
Australia,AUS,2023,61.68
Australia and New Zealand (FAO),,1961,2.13
Australia and New Zealand (FAO),,1962,2.47
Australia and New Zealand (FAO),,1963,3.98
Australia and New Zealand (FAO),,1964,3.44
Australia and New Zealand (FAO),,1965,3.55
Australia and New Zealand (FAO),,1966,4
Australia and New Zealand (FAO),,1967,5.91
Australia and New Zealand (FAO),,1968,5.77
Australia and New Zealand (FAO),,1969,5.62
Australia and New Zealand (FAO),,1970,5.85
Australia and New Zealand (FAO),,1971,6.45
Australia and New Zealand (FAO),,1972,8.64
Australia and New Zealand (FAO),,1973,10.17
Australia and New Zealand (FAO),,1974,10.5
Australia and New Zealand (FAO),,1975,10.67
Australia and New Zealand (FAO),,1976,12.52
Australia and New Zealand (FAO),,1977,10.42
Australia and New Zealand (FAO),,1978,11.34
Australia and New Zealand (FAO),,1979,12.42
Australia and New Zealand (FAO),,1980,12.23
Australia and New Zealand (FAO),,1981,12.03
Australia and New Zealand (FAO),,1982,11.68
Australia and New Zealand (FAO),,1983,13.92
Australia and New Zealand (FAO),,1984,13.96
Australia and New Zealand (FAO),,1985,14.25
Australia and New Zealand (FAO),,1986,14.11
Australia and New Zealand (FAO),,1987,16.3
Australia and New Zealand (FAO),,1988,18.9
Australia and New Zealand (FAO),,1989,21.96
Australia and New Zealand (FAO),,1990,22.72
Australia and New Zealand (FAO),,1991,23.65
Australia and New Zealand (FAO),,1992,26.53
Australia and New Zealand (FAO),,1993,29.17
Australia and New Zealand (FAO),,1994,28.95
Australia and New Zealand (FAO),,1995,35.27
Australia and New Zealand (FAO),,1996,37.95
Australia and New Zealand (FAO),,1997,35.52
Australia and New Zealand (FAO),,1998,40.53
Australia and New Zealand (FAO),,1999,41.67
Australia and New Zealand (FAO),,2000,36.1
Australia and New Zealand (FAO),,2001,38.12
Australia and New Zealand (FAO),,2002,36.6
Australia and New Zealand (FAO),,2003,35.99
Australia and New Zealand (FAO),,2004,36.85
Australia and New Zealand (FAO),,2005,32.51
Australia and New Zealand (FAO),,2006,31.85
Australia and New Zealand (FAO),,2007,32.8
Australia and New Zealand (FAO),,2008,31.24
Australia and New Zealand (FAO),,2009,28.11
Australia and New Zealand (FAO),,2010,34.32
Australia and New Zealand (FAO),,2011,31.22
Australia and New Zealand (FAO),,2012,31.96
Australia and New Zealand (FAO),,2013,35.05
Australia and New Zealand (FAO),,2014,39.33
Australia and New Zealand (FAO),,2015,37.78
Australia and New Zealand (FAO),,2016,43.93
Australia and New Zealand (FAO),,2017,43.62
Australia and New Zealand (FAO),,2018,40.97
Australia and New Zealand (FAO),,2019,39.31
Australia and New Zealand (FAO),,2020,52.62
Australia and New Zealand (FAO),,2021,58.47
Australia and New Zealand (FAO),,2022,54.68
Australia and New Zealand (FAO),,2023,61.46
Austria,AUT,1961,26.84
Austria,AUT,1962,33.11
Austria,AUT,1963,35.69
Austria,AUT,1964,38.31
Austria,AUT,1965,47.55
Austria,AUT,1966,47.82
Austria,AUT,1967,53.24
Austria,AUT,1968,60.78
Austria,AUT,1969,64.68
Austria,AUT,1970,67.36
Austria,AUT,1971,74.62
Austria,AUT,1972,72.76
Austria,AUT,1973,73.75
Austria,AUT,1974,70.1
Austria,AUT,1975,67.93
Austria,AUT,1976,79.69
Austria,AUT,1977,74.41
Austria,AUT,1978,84.26
Austria,AUT,1979,87.67
Austria,AUT,1980,87.91
Austria,AUT,1981,88.22
Austria,AUT,1982,82.44
Austria,AUT,1983,91.5
Austria,AUT,1984,95.26
Austria,AUT,1985,97.43
Austria,AUT,1986,81.37
Austria,AUT,1987,78.22
Austria,AUT,1988,83.3
Austria,AUT,1989,73.44
Austria,AUT,1990,81.15
Austria,AUT,1991,77.95
Austria,AUT,1992,74.1
Austria,AUT,1993,72.1
Austria,AUT,1994,72.65
Austria,AUT,1995,75.4
Austria,AUT,1996,75.89
Austria,AUT,1997,80.21
Austria,AUT,1998,77.77
Austria,AUT,1999,73.01
Austria,AUT,2000,74.48
Austria,AUT,2001,72.28
Austria,AUT,2002,78.86
Austria,AUT,2003,58.57
Austria,AUT,2004,62.76
Austria,AUT,2005,62.03
Austria,AUT,2006,64.57
Austria,AUT,2007,64.36
Austria,AUT,2008,84.26
Austria,AUT,2009,54.18
Austria,AUT,2010,57.08
Austria,AUT,2011,73.74
Austria,AUT,2012,61.92
Austria,AUT,2013,71.02
Austria,AUT,2014,70.89
Austria,AUT,2015,83.05
Austria,AUT,2016,78.19
Austria,AUT,2017,75.89
Austria,AUT,2018,73.04
Austria,AUT,2019,63.5
Austria,AUT,2020,74.75
Austria,AUT,2021,68.92
Austria,AUT,2022,63.28
Austria,AUT,2023,63.32
Azerbaijan,AZE,1992,24.82
Azerbaijan,AZE,1993,16.78
Azerbaijan,AZE,1994,16.73
Azerbaijan,AZE,1995,16.7
Azerbaijan,AZE,1996,8.11
Azerbaijan,AZE,1997,9.7
Azerbaijan,AZE,1998,6.31
Azerbaijan,AZE,1999,6.69
Azerbaijan,AZE,2000,1.02
Azerbaijan,AZE,2001,4.8
Azerbaijan,AZE,2002,7.63
Azerbaijan,AZE,2003,6.1
Azerbaijan,AZE,2004,9.52
Azerbaijan,AZE,2005,8.51
Azerbaijan,AZE,2006,9.87
Azerbaijan,AZE,2007,8.07
Azerbaijan,AZE,2008,14.21
Azerbaijan,AZE,2009,9.17
Azerbaijan,AZE,2010,6.07
Azerbaijan,AZE,2011,10.65
Azerbaijan,AZE,2012,12.94
Azerbaijan,AZE,2013,11.78
Azerbaijan,AZE,2014,17.57
Azerbaijan,AZE,2015,41.26
Azerbaijan,AZE,2016,38.65
Azerbaijan,AZE,2017,30.62
Azerbaijan,AZE,2018,50.55
Azerbaijan,AZE,2019,29.52
Azerbaijan,AZE,2020,37.2
Azerbaijan,AZE,2021,14.94
Azerbaijan,AZE,2022,6.97
Azerbaijan,AZE,2023,27.26
Bahamas,BHS,1966,22.22
Bahamas,BHS,1967,33.33
Bahamas,BHS,1968,44.44
Bahamas,BHS,1969,44.44
Bahamas,BHS,1970,55.56
Bahamas,BHS,1971,55.56
Bahamas,BHS,1972,66.67
Bahamas,BHS,1973,87.33
Bahamas,BHS,1974,58.22
Bahamas,BHS,1975,51.44
Bahamas,BHS,1976,58.78
Bahamas,BHS,1977,66.67
Bahamas,BHS,1978,44.44
Bahamas,BHS,1979,44.44
Bahamas,BHS,1980,55.56
Bahamas,BHS,1981,55.56
Bahamas,BHS,1982,44.44
Bahamas,BHS,1983,33.33
Bahamas,BHS,1984,33.33
Bahamas,BHS,1985,22.22
Bahamas,BHS,1986,22.22
Bahamas,BHS,1987,22.22
Bahamas,BHS,1988,22.22
Bahamas,BHS,1989,22.22
Bahamas,BHS,1991,22.22
Bahamas,BHS,1992,22.22
Bahamas,BHS,1993,11.11
Bahamas,BHS,1994,12.5
Bahamas,BHS,1995,12.5
Bahamas,BHS,1996,25
Bahamas,BHS,1997,12.5
Bahamas,BHS,1998,12.5
Bahamas,BHS,1999,12.5
Bahamas,BHS,2000,11.11
Bahamas,BHS,2001,44.44
Bahamas,BHS,2012,63.33
Bahamas,BHS,2013,44.46
Bahamas,BHS,2014,50.52
Bahamas,BHS,2015,60.19
Bahamas,BHS,2016,116.32
Bahamas,BHS,2017,148
Bahamas,BHS,2018,180.83
Bahamas,BHS,2019,57.53
Bahamas,BHS,2020,41.1
Bahamas,BHS,2021,41.1
Bahrain,BHR,1972,1
Bahrain,BHR,1973,2.67
Bahrain,BHR,1974,3.33
Bahrain,BHR,1975,3.83
Bahrain,BHR,1978,3.83
Bahrain,BHR,1979,2.17
Bahrain,BHR,1981,50
Bahrain,BHR,1982,10.33
Bahrain,BHR,1983,31.67
Bahrain,BHR,1984,46.67
Bahrain,BHR,1985,31.67
Bahrain,BHR,1986,156.67
Bahrain,BHR,1987,26.67
Bahrain,BHR,1988,32.5
Bahrain,BHR,1989,38.67
Bahrain,BHR,1990,45
Bahrain,BHR,1991,50
Bahrain,BHR,1992,50
Bahrain,BHR,1993,33.33
Bahrain,BHR,1994,33.33
Bahrain,BHR,1995,33.33
Bahrain,BHR,1996,33.33
Bahrain,BHR,1997,33.33
Bahrain,BHR,1998,112.5
Bahrain,BHR,1999,23.83
Bahrain,BHR,2000,19.32
Bahrain,BHR,2001,17.27
Bahrain,BHR,2002,312.62
Bahrain,BHR,2003,318.78
Bahrain,BHR,2004,324.6
Bahrain,BHR,2005,331.25
Bahrain,BHR,2006,337.53
Bahrain,BHR,2007,206.46
Bahrain,BHR,2008,450.96
Bahrain,BHR,2009,247.02
Bahrain,BHR,2010,311.14
Bahrain,BHR,2011,375.27
Bahrain,BHR,2012,306.76
Bahrain,BHR,2013,238.25
Bahrain,BHR,2014,169.74
Bahrain,BHR,2015,101.23
Bahrain,BHR,2016,32.72
Bahrain,BHR,2017,26.83
Bahrain,BHR,2018,30.23
Bahrain,BHR,2019,36.81
Bahrain,BHR,2020,37.79
Bahrain,BHR,2021,37.79
Bahrain,BHR,2022,15.47
Bangladesh,BGD,1961,2.25
Bangladesh,BGD,1962,2.7
Bangladesh,BGD,1963,4.05
Bangladesh,BGD,1964,3.81
Bangladesh,BGD,1965,4.75
Bangladesh,BGD,1966,6.22
Bangladesh,BGD,1967,7.8
Bangladesh,BGD,1968,8.39
Bangladesh,BGD,1969,9.96
Bangladesh,BGD,1970,10.74
Bangladesh,BGD,1971,8.59
Bangladesh,BGD,1972,13.77
Bangladesh,BGD,1973,13.52
Bangladesh,BGD,1974,8.82
Bangladesh,BGD,1975,15.59
Bangladesh,BGD,1976,17.85
Bangladesh,BGD,1977,23.98
Bangladesh,BGD,1978,24.27
Bangladesh,BGD,1979,27.73
Bangladesh,BGD,1980,28.54
Bangladesh,BGD,1981,26.82
Bangladesh,BGD,1982,32.51
Bangladesh,BGD,1983,36.84
Bangladesh,BGD,1984,40.66
Bangladesh,BGD,1985,39.01
Bangladesh,BGD,1986,44.8
Bangladesh,BGD,1987,49.88
Bangladesh,BGD,1988,53.79
Bangladesh,BGD,1989,63.98
Bangladesh,BGD,1990,62.25
Bangladesh,BGD,1991,72.59
Bangladesh,BGD,1992,79.71
Bangladesh,BGD,1993,82.93
Bangladesh,BGD,1994,91.75
Bangladesh,BGD,1995,107.48
Bangladesh,BGD,1996,114.14
Bangladesh,BGD,1997,100.01
Bangladesh,BGD,1998,99.9
Bangladesh,BGD,1999,114.19
Bangladesh,BGD,2000,113.17
Bangladesh,BGD,2001,119.76
Bangladesh,BGD,2002,123.28
Bangladesh,BGD,2003,109
Bangladesh,BGD,2004,109.37
Bangladesh,BGD,2005,114.03
Bangladesh,BGD,2006,126.6
Bangladesh,BGD,2007,120.99
Bangladesh,BGD,2008,148.73
Bangladesh,BGD,2009,133.72
Bangladesh,BGD,2010,135.03
Bangladesh,BGD,2011,149.49
Bangladesh,BGD,2012,132.6
Bangladesh,BGD,2013,130.67
Bangladesh,BGD,2014,144.75
Bangladesh,BGD,2015,154.28
Bangladesh,BGD,2016,136.41
Bangladesh,BGD,2017,144.45
Bangladesh,BGD,2018,154.68
Bangladesh,BGD,2019,150.93
Bangladesh,BGD,2020,154.23
Bangladesh,BGD,2021,173.31
Bangladesh,BGD,2022,171
Bangladesh,BGD,2023,170.35
Barbados,BRB,1961,148.24
Barbados,BRB,1962,270.47
Barbados,BRB,1963,222.29
Barbados,BRB,1964,249.94
Barbados,BRB,1965,207.76
Barbados,BRB,1966,190.35
Barbados,BRB,1967,203.18
Barbados,BRB,1968,145.29
Barbados,BRB,1969,112.65
Barbados,BRB,1970,147.06
Barbados,BRB,1971,94.12
Barbados,BRB,1972,127.06
Barbados,BRB,1973,128.82
Barbados,BRB,1974,88.24
Barbados,BRB,1975,70.59
Barbados,BRB,1976,112.76
Barbados,BRB,1977,86.47
Barbados,BRB,1978,111.76
Barbados,BRB,1979,100
Barbados,BRB,1980,105.88
Barbados,BRB,1981,117.65
Barbados,BRB,1982,117.65
Barbados,BRB,1983,93.82
Barbados,BRB,1984,96.06
Barbados,BRB,1985,74.18
Barbados,BRB,1986,82.35
Barbados,BRB,1987,88.24
Barbados,BRB,1988,88.24
Barbados,BRB,1989,88.24
Barbados,BRB,1990,88.24
Barbados,BRB,1991,88.24
Barbados,BRB,1992,88.24
Barbados,BRB,1993,88.24
Barbados,BRB,1994,88.24
Barbados,BRB,1995,117.65
Barbados,BRB,1996,117.65
Barbados,BRB,1997,117.65
Barbados,BRB,1998,105.88
Barbados,BRB,1999,112.5
Barbados,BRB,2000,112.5
Barbados,BRB,2001,112.5
Barbados,BRB,2002,39.13
Barbados,BRB,2003,44.87
Barbados,BRB,2004,196.86
Barbados,BRB,2005,88
Barbados,BRB,2006,85.71
Barbados,BRB,2007,80.5
Barbados,BRB,2008,108.79
Barbados,BRB,2009,30.21
Barbados,BRB,2010,33.46
Barbados,BRB,2011,65.92
Barbados,BRB,2012,107.11
Barbados,BRB,2013,116.2
Barbados,BRB,2014,67.04
Barbados,BRB,2015,45.2
Barbados,BRB,2016,35.14
Barbados,BRB,2017,67.75
Barbados,BRB,2018,28.77
Barbados,BRB,2019,18.47
Barbados,BRB,2020,21.9
Barbados,BRB,2021,13.48
Barbados,BRB,2022,23.05
Barbados,BRB,2023,17.61
Belarus,BLR,1992,39.93
Belarus,BLR,1993,36.33
Belarus,BLR,1994,31.39
Belarus,BLR,1995,36.06
Belarus,BLR,1996,40.78
Belarus,BLR,1997,44.31
Belarus,BLR,1998,44.37
Belarus,BLR,1999,45.35
Belarus,BLR,2000,44.75
Belarus,BLR,2001,49.29
Belarus,BLR,2002,43.08
Belarus,BLR,2003,54.49
Belarus,BLR,2004,61.11
Belarus,BLR,2005,71.73
Belarus,BLR,2006,84.67
Belarus,BLR,2007,79.31
Belarus,BLR,2008,92.87
Belarus,BLR,2009,97.74
Belarus,BLR,2010,93.67
Belarus,BLR,2011,106.37
Belarus,BLR,2012,98.78
Belarus,BLR,2013,94.18
Belarus,BLR,2014,78.91
Belarus,BLR,2015,76.64
Belarus,BLR,2016,60.14
Belarus,BLR,2017,69.65
Belarus,BLR,2018,69.53
Belarus,BLR,2019,69.97
Belarus,BLR,2020,80.18
Belarus,BLR,2021,74.83
Belarus,BLR,2022,81.23
Belarus,BLR,2023,86.82
Belgium,BEL,2002,177.11
Belgium,BEL,2003,178.81
Belgium,BEL,2004,170.26
Belgium,BEL,2005,167.56
Belgium,BEL,2006,162.19
Belgium,BEL,2007,177.56
Belgium,BEL,2008,157.95
Belgium,BEL,2009,180.61
Belgium,BEL,2010,200.11
Belgium,BEL,2011,196.71
Belgium,BEL,2012,200.39
Belgium,BEL,2013,199.71
Belgium,BEL,2014,209.57
Belgium,BEL,2015,207.98
Belgium,BEL,2016,184.41
Belgium,BEL,2017,177.49
Belgium,BEL,2018,174.34
Belgium,BEL,2019,174.08
Belgium,BEL,2020,168.69
Belgium,BEL,2021,175.21
Belgium,BEL,2022,123.94
Belgium,BEL,2023,120.36
Belgium-Luxembourg (FAO),,1961,104.53
Belgium-Luxembourg (FAO),,1962,142.94
Belgium-Luxembourg (FAO),,1963,156.03
Belgium-Luxembourg (FAO),,1964,123.66
Belgium-Luxembourg (FAO),,1965,149.3
Belgium-Luxembourg (FAO),,1966,156.76
Belgium-Luxembourg (FAO),,1967,174.58
Belgium-Luxembourg (FAO),,1968,170.06
Belgium-Luxembourg (FAO),,1969,185.8
Belgium-Luxembourg (FAO),,1970,175.62
Belgium-Luxembourg (FAO),,1971,177.65
Belgium-Luxembourg (FAO),,1972,178.42
Belgium-Luxembourg (FAO),,1973,178.33
Belgium-Luxembourg (FAO),,1974,184.73
Belgium-Luxembourg (FAO),,1975,182.67
Belgium-Luxembourg (FAO),,1976,189.8
Belgium-Luxembourg (FAO),,1977,193.54
Belgium-Luxembourg (FAO),,1978,199.65
Belgium-Luxembourg (FAO),,1979,202.62
Belgium-Luxembourg (FAO),,1980,250.68
Belgium-Luxembourg (FAO),,1981,253.13
Belgium-Luxembourg (FAO),,1982,256.49
Belgium-Luxembourg (FAO),,1983,265.5
Belgium-Luxembourg (FAO),,1984,256.9
Belgium-Luxembourg (FAO),,1985,256.24
Belgium-Luxembourg (FAO),,1986,256.43
Belgium-Luxembourg (FAO),,1987,255.33
Belgium-Luxembourg (FAO),,1988,251.28
Belgium-Luxembourg (FAO),,1989,242.97
Belgium-Luxembourg (FAO),,1990,238.16
Belgium-Luxembourg (FAO),,1991,234.54
Belgium-Luxembourg (FAO),,1992,203.77
Belgium-Luxembourg (FAO),,1993,196.74
Belgium-Luxembourg (FAO),,1994,175.37
Belgium-Luxembourg (FAO),,1995,187.22
Belgium-Luxembourg (FAO),,1996,195.45
Belgium-Luxembourg (FAO),,1997,192.35
Belgium-Luxembourg (FAO),,1998,191.49
Belgium-Luxembourg (FAO),,1999,191.49
Belize,BLZ,1961,3.57
Belize,BLZ,1962,8.64
Belize,BLZ,1963,6.91
Belize,BLZ,1964,3.21
Belize,BLZ,1965,5.21
Belize,BLZ,1966,4.55
Belize,BLZ,1967,11.36
Belize,BLZ,1968,17.07
Belize,BLZ,1969,25.93
Belize,BLZ,1970,33.33
Belize,BLZ,1971,8.59
Belize,BLZ,1972,15.8
Belize,BLZ,1973,13.77
Belize,BLZ,1974,12.77
Belize,BLZ,1975,16.67
Belize,BLZ,1976,6.25
Belize,BLZ,1977,5.14
Belize,BLZ,1978,14.76
Belize,BLZ,1979,14.36
Belize,BLZ,1980,15.94
Belize,BLZ,1981,9.45
Belize,BLZ,1982,8.43
Belize,BLZ,1983,13.51
Belize,BLZ,1984,15.55
Belize,BLZ,1985,21.25
Belize,BLZ,1986,26.25
Belize,BLZ,1987,23.47
Belize,BLZ,1988,27.19
Belize,BLZ,1989,26.39
Belize,BLZ,1990,19.48
Belize,BLZ,1991,18.52
Belize,BLZ,1992,17.24
Belize,BLZ,1993,15.96
Belize,BLZ,1994,12.77
Belize,BLZ,1995,13.54
Belize,BLZ,1996,10.31
Belize,BLZ,1997,13.27
Belize,BLZ,1998,19.78
Belize,BLZ,1999,22.95
Belize,BLZ,2000,28.69
Belize,BLZ,2001,19.19
Belize,BLZ,2002,119.02
Belize,BLZ,2003,202.88
Belize,BLZ,2004,25.43
Belize,BLZ,2005,40.28
Belize,BLZ,2006,28.05
Belize,BLZ,2007,25.43
Belize,BLZ,2008,16.35
Belize,BLZ,2009,55.79
Belize,BLZ,2010,21.31
Belize,BLZ,2011,53.28
Belize,BLZ,2012,55.42
Belize,BLZ,2013,124.42
Belize,BLZ,2014,161.69
Belize,BLZ,2015,146.7
Belize,BLZ,2016,140.1
Belize,BLZ,2017,111.3
Belize,BLZ,2018,132.3
Belize,BLZ,2019,133.4
Belize,BLZ,2020,127.96
Belize,BLZ,2021,128.65
Belize,BLZ,2022,51.18
Belize,BLZ,2023,127.04
Benin,BEN,1961,0.02
Benin,BEN,1962,0.02
Benin,BEN,1963,0.07
Benin,BEN,1964,0.13
Benin,BEN,1965,0.09
Benin,BEN,1966,0.09
Benin,BEN,1967,0.61
Benin,BEN,1968,1.06
Benin,BEN,1969,1.28
Benin,BEN,1970,1.58
Benin,BEN,1971,1.67
Benin,BEN,1972,1.53
Benin,BEN,1973,0.95
Benin,BEN,1974,0.96
Benin,BEN,1975,0.55
Benin,BEN,1976,0.69
Benin,BEN,1977,0.47
Benin,BEN,1978,1.06
Benin,BEN,1979,0.59
Benin,BEN,1980,0.24
Benin,BEN,1981,0.33
Benin,BEN,1982,0.68
Benin,BEN,1983,1.85
Benin,BEN,1984,2.17
Benin,BEN,1985,2.27
Benin,BEN,1986,2.56
Benin,BEN,1987,2.02
Benin,BEN,1988,1.24
Benin,BEN,1989,0.64
Benin,BEN,1990,2.99
Benin,BEN,1991,2.92
Benin,BEN,1992,3.56
Benin,BEN,1993,4.43
Benin,BEN,1994,4.21
Benin,BEN,1995,7.13
Benin,BEN,1996,6.71
Benin,BEN,1997,8.02
Benin,BEN,1998,6.16
Benin,BEN,1999,13.54
Benin,BEN,2000,5.41
Benin,BEN,2001,5.57
Benin,BEN,2002,8.36
Benin,BEN,2003,0.45
Benin,BEN,2004,0.05
Benin,BEN,2005,0.14
Benin,BEN,2006,0
Benin,BEN,2007,0.2
Benin,BEN,2008,0.12
Benin,BEN,2009,1.82
Benin,BEN,2010,4.11
Benin,BEN,2011,1.35
Benin,BEN,2012,2.78
Benin,BEN,2013,1.47
Benin,BEN,2014,4.28
Benin,BEN,2015,0.05
Benin,BEN,2016,4.26
Benin,BEN,2017,0.01
Benin,BEN,2018,12.29
Benin,BEN,2019,18.46
Benin,BEN,2020,14.5
Benin,BEN,2021,14.12
Benin,BEN,2022,15.6
Benin,BEN,2023,13.17
Bermuda,BMU,1985,36.67
Bermuda,BMU,1986,333.33
Bermuda,BMU,1987,333.33
Bermuda,BMU,1988,333.33
Bermuda,BMU,1989,333.33
Bermuda,BMU,1992,333.33
Bermuda,BMU,1993,333.33
Bermuda,BMU,1994,333.33
Bermuda,BMU,1995,250
Bermuda,BMU,1996,250
Bermuda,BMU,1997,250
Bermuda,BMU,1998,250
Bermuda,BMU,1999,250
Bermuda,BMU,2000,250
Bermuda,BMU,2001,250
Bermuda,BMU,2013,177.56
Bermuda,BMU,2014,147.37
Bermuda,BMU,2015,137.11
Bermuda,BMU,2016,74.21
Bermuda,BMU,2017,133.33
Bermuda,BMU,2018,256.67
Bermuda,BMU,2019,153.33
Bermuda,BMU,2020,179.67
Bermuda,BMU,2021,98.67
Bermuda,BMU,2023,45.37
Bhutan,BTN,1974,0.56
Bhutan,BTN,1975,0.76
Bhutan,BTN,1976,0.73
Bhutan,BTN,1977,0.73
Bhutan,BTN,1978,0.73
Bhutan,BTN,1979,0.7
Bhutan,BTN,1980,0.68
Bhutan,BTN,1981,0.68
Bhutan,BTN,1982,0.65
Bhutan,BTN,1983,0.74
Bhutan,BTN,1984,0.72
Bhutan,BTN,1985,0.61
Bhutan,BTN,1986,0.61
Bhutan,BTN,1987,0.61
Bhutan,BTN,1988,0.63
Bhutan,BTN,1989,0.66
Bhutan,BTN,1990,0.65
Bhutan,BTN,1991,0.65
Bhutan,BTN,1992,0.65
Bhutan,BTN,1993,0.65
Bhutan,BTN,1994,0.63
Bhutan,BTN,1995,0.61
Bhutan,BTN,1996,0.59
Bhutan,BTN,1997,0.58
Bhutan,BTN,2002,4.47
Bhutan,BTN,2003,4.47
Bhutan,BTN,2004,4.62
Bhutan,BTN,2005,4.77
Bhutan,BTN,2006,4.52
Bhutan,BTN,2007,5.13
Bhutan,BTN,2008,6.77
Bhutan,BTN,2009,14.23
Bhutan,BTN,2010,6.07
Bhutan,BTN,2011,7.5
Bhutan,BTN,2012,6.89
Bhutan,BTN,2013,6.73
Bhutan,BTN,2014,7.89
Bhutan,BTN,2015,8.17
Bhutan,BTN,2016,8.05
Bhutan,BTN,2017,7.9
Bhutan,BTN,2018,15.08
Bhutan,BTN,2019,8.02
Bhutan,BTN,2020,10.83
Bhutan,BTN,2021,6.44
Bhutan,BTN,2022,6.02
Bhutan,BTN,2023,5.64
Bolivia,BOL,1961,0.24
Bolivia,BOL,1962,0.28
Bolivia,BOL,1963,0.31
Bolivia,BOL,1964,0.34
Bolivia,BOL,1965,0.33
Bolivia,BOL,1966,0.32
Bolivia,BOL,1967,1.26
Bolivia,BOL,1968,0.62
Bolivia,BOL,1969,0.74
Bolivia,BOL,1970,0.35
Bolivia,BOL,1971,1.61
Bolivia,BOL,1972,2.07
Bolivia,BOL,1973,1.53
Bolivia,BOL,1974,2.06
Bolivia,BOL,1975,0.85
Bolivia,BOL,1976,0.68
Bolivia,BOL,1977,0.97
Bolivia,BOL,1978,0.77
Bolivia,BOL,1979,0.8
Bolivia,BOL,1980,0.7
Bolivia,BOL,1981,1.29
Bolivia,BOL,1982,0.61
Bolivia,BOL,1983,1.44
Bolivia,BOL,1984,1.14
Bolivia,BOL,1985,1.23
Bolivia,BOL,1986,1.27
Bolivia,BOL,1987,2.11
Bolivia,BOL,1988,1.36
Bolivia,BOL,1989,2.05
Bolivia,BOL,1990,1.03
Bolivia,BOL,1991,1.55
Bolivia,BOL,1992,2.36
Bolivia,BOL,1993,1.07
Bolivia,BOL,1994,1.71
Bolivia,BOL,1995,1.02
Bolivia,BOL,1996,1.41
Bolivia,BOL,1997,1.6
Bolivia,BOL,1998,0.42
Bolivia,BOL,1999,0.28
Bolivia,BOL,2000,0.97
Bolivia,BOL,2001,1.61
Bolivia,BOL,2002,1.74
Bolivia,BOL,2003,1.67
Bolivia,BOL,2004,1.66
Bolivia,BOL,2005,3.04
Bolivia,BOL,2006,2.1
Bolivia,BOL,2007,2.77
Bolivia,BOL,2008,3.05
Bolivia,BOL,2009,3.05
Bolivia,BOL,2010,3.85
Bolivia,BOL,2011,4.25
Bolivia,BOL,2012,3.9
Bolivia,BOL,2013,4.73
Bolivia,BOL,2014,4.56
Bolivia,BOL,2015,4.43
Bolivia,BOL,2016,3.92
Bolivia,BOL,2017,4.14
Bolivia,BOL,2018,3.54
Bolivia,BOL,2019,2.65
Bolivia,BOL,2020,4.08
Bolivia,BOL,2021,4.71
Bolivia,BOL,2022,2.94
Bolivia,BOL,2023,3.38
Bosnia and Herzegovina,BIH,1995,5.13
Bosnia and Herzegovina,BIH,1996,2.94
Bosnia and Herzegovina,BIH,1997,2.96
Bosnia and Herzegovina,BIH,1998,21.7
Bosnia and Herzegovina,BIH,1999,26.54
Bosnia and Herzegovina,BIH,2000,25.27
Bosnia and Herzegovina,BIH,2001,16.8
Bosnia and Herzegovina,BIH,2002,17.02
Bosnia and Herzegovina,BIH,2003,9.68
Bosnia and Herzegovina,BIH,2004,29.74
Bosnia and Herzegovina,BIH,2005,31.71
Bosnia and Herzegovina,BIH,2006,20.45
Bosnia and Herzegovina,BIH,2007,18.89
Bosnia and Herzegovina,BIH,2008,38.54
Bosnia and Herzegovina,BIH,2009,57.82
Bosnia and Herzegovina,BIH,2010,55.28
Bosnia and Herzegovina,BIH,2011,76.02
Bosnia and Herzegovina,BIH,2012,91.56
Bosnia and Herzegovina,BIH,2013,76.25
Bosnia and Herzegovina,BIH,2014,94.16
Bosnia and Herzegovina,BIH,2015,99.5
Bosnia and Herzegovina,BIH,2016,76.61
Bosnia and Herzegovina,BIH,2017,76.4
Bosnia and Herzegovina,BIH,2018,61.52
Bosnia and Herzegovina,BIH,2019,37.41
Bosnia and Herzegovina,BIH,2020,54.97
Bosnia and Herzegovina,BIH,2021,42.08
Bosnia and Herzegovina,BIH,2022,106.31
Bosnia and Herzegovina,BIH,2023,55.14
Botswana,BWA,1961,2.5
Botswana,BWA,1962,2.5
Botswana,BWA,1963,2.5
Botswana,BWA,1964,3.75
Botswana,BWA,1965,4.99
Botswana,BWA,1966,4.99
Botswana,BWA,1967,6.23
Botswana,BWA,1968,2.49
Botswana,BWA,1969,2.49
Botswana,BWA,1970,2.74
Botswana,BWA,1971,2.62
Botswana,BWA,1972,2.86
Botswana,BWA,1973,2.99
Botswana,BWA,1974,2.89
Botswana,BWA,1975,3.73
Botswana,BWA,1976,2.49
Botswana,BWA,1977,2.49
Botswana,BWA,1978,2.49
Botswana,BWA,1979,1.24
Botswana,BWA,1980,1.49
Botswana,BWA,1981,1.49
Botswana,BWA,1982,1.48
Botswana,BWA,1983,1.23
Botswana,BWA,1984,0.99
Botswana,BWA,1985,0.34
Botswana,BWA,1986,0.53
Botswana,BWA,1987,0.73
Botswana,BWA,1988,0.73
Botswana,BWA,1989,0.72
Botswana,BWA,1990,0.71
Botswana,BWA,1991,1
Botswana,BWA,1992,1.2
Botswana,BWA,1993,1.14
Botswana,BWA,1994,1.26
Botswana,BWA,1995,6.16
Botswana,BWA,1996,9.22
Botswana,BWA,1997,11.63
Botswana,BWA,1998,16.23
Botswana,BWA,1999,17.01
Botswana,BWA,2000,11.68
Botswana,BWA,2001,20.4
Botswana,BWA,2009,42.86
Botswana,BWA,2010,76.39
Botswana,BWA,2011,25.95
Botswana,BWA,2012,52.79
Botswana,BWA,2013,77.95
Botswana,BWA,2014,52.37
Botswana,BWA,2015,50.17
Botswana,BWA,2016,40.9
Botswana,BWA,2017,21.37
Botswana,BWA,2018,48.34
Botswana,BWA,2019,38.16
Botswana,BWA,2020,52.07
Botswana,BWA,2021,49.94
Botswana,BWA,2022,60.69
Botswana,BWA,2023,66.97
Brazil,BRA,1961,1.58
Brazil,BRA,1962,1.42
Brazil,BRA,1963,1.72
Brazil,BRA,1964,1.38
Brazil,BRA,1965,1.89
Brazil,BRA,1966,1.88
Brazil,BRA,1967,2.77
Brazil,BRA,1968,3.7
Brazil,BRA,1969,4.15
Brazil,BRA,1970,6.93
Brazil,BRA,1971,6.7
Brazil,BRA,1972,9.6
Brazil,BRA,1973,7.86
Brazil,BRA,1974,8.54
Brazil,BRA,1975,8.66
Brazil,BRA,1976,9.88
Brazil,BRA,1977,12.99
Brazil,BRA,1978,12.23
Brazil,BRA,1979,12.78
Brazil,BRA,1980,14.05
Brazil,BRA,1981,10.19
Brazil,BRA,1982,9.64
Brazil,BRA,1983,8.4
Brazil,BRA,1984,11.83
Brazil,BRA,1985,11.95
Brazil,BRA,1986,14.35
Brazil,BRA,1987,14.3
Brazil,BRA,1988,12.43
Brazil,BRA,1989,12.51
Brazil,BRA,1990,12.7
Brazil,BRA,1991,13.55
Brazil,BRA,1992,14.04
Brazil,BRA,1993,18.56
Brazil,BRA,1994,21.39
Brazil,BRA,1995,20.48
Brazil,BRA,1996,22.05
Brazil,BRA,1997,24.88
Brazil,BRA,1998,26.26
Brazil,BRA,1999,27.72
Brazil,BRA,2000,27.36
Brazil,BRA,2001,26.44
Brazil,BRA,2002,31.35
Brazil,BRA,2003,35.54
Brazil,BRA,2004,39.99
Brazil,BRA,2005,33.21
Brazil,BRA,2006,34.84
Brazil,BRA,2007,45.76
Brazil,BRA,2008,41.55
Brazil,BRA,2009,35.63
Brazil,BRA,2010,45.13
Brazil,BRA,2011,55.56
Brazil,BRA,2012,50.02
Brazil,BRA,2013,58.61
Brazil,BRA,2014,65
Brazil,BRA,2015,50.04
Brazil,BRA,2016,51.68
Brazil,BRA,2017,64.56
Brazil,BRA,2018,65.12
Brazil,BRA,2019,69.65
Brazil,BRA,2020,83.85
Brazil,BRA,2021,95.08
Brazil,BRA,2022,96.18
Brazil,BRA,2023,90.92
Brunei,BRN,1980,0.33
Brunei,BRN,1981,7.56
Brunei,BRN,1982,22.88
Brunei,BRN,1983,11.75
Brunei,BRN,1984,22.13
Brunei,BRN,1985,9.13
Brunei,BRN,1986,30.88
Brunei,BRN,1987,37.5
Brunei,BRN,1988,37.5
Brunei,BRN,1989,12.5
Brunei,BRN,2002,2.11
Brunei,BRN,2003,8.67
Brunei,BRN,2004,11.22
Brunei,BRN,2005,33.22
Brunei,BRN,2006,9.11
Brunei,BRN,2007,49.11
Brunei,BRN,2008,14
Brunei,BRN,2009,17.2
Brunei,BRN,2010,60.4
Brunei,BRN,2011,26.3
Brunei,BRN,2012,29.3
Brunei,BRN,2013,7
Brunei,BRN,2014,24.3
Brunei,BRN,2015,24.3
Brunei,BRN,2016,24.3
Brunei,BRN,2017,24.3
Brunei,BRN,2018,24.3
Brunei,BRN,2019,24.3
Brunei,BRN,2020,24.3
Brunei,BRN,2021,24.3
Brunei,BRN,2022,24.3
Brunei,BRN,2023,24.3
Bulgaria,BGR,1961,15.85
Bulgaria,BGR,1962,14.33
Bulgaria,BGR,1963,19.67
Bulgaria,BGR,1964,34.76
Bulgaria,BGR,1965,48.01
Bulgaria,BGR,1966,61.73
Bulgaria,BGR,1967,70.98
Bulgaria,BGR,1968,85.57
Bulgaria,BGR,1969,84.94
Bulgaria,BGR,1970,83.68
Bulgaria,BGR,1971,71.25
Bulgaria,BGR,1972,78.42
Bulgaria,BGR,1973,72.87
Bulgaria,BGR,1974,73.43
Bulgaria,BGR,1975,87.49
Bulgaria,BGR,1976,80.52
Bulgaria,BGR,1977,84.07
Bulgaria,BGR,1978,87.76
Bulgaria,BGR,1979,98.86
Bulgaria,BGR,1980,107.73
Bulgaria,BGR,1981,124.34
Bulgaria,BGR,1982,129.06
Bulgaria,BGR,1983,132.89
Bulgaria,BGR,1984,115.94
Bulgaria,BGR,1985,120.71
Bulgaria,BGR,1986,115.65
Bulgaria,BGR,1987,113.63
Bulgaria,BGR,1988,132.37
Bulgaria,BGR,1989,119.39
Bulgaria,BGR,1990,108.97
Bulgaria,BGR,1991,90.65
Bulgaria,BGR,1992,43.69
Bulgaria,BGR,1993,38.55
Bulgaria,BGR,1994,49.25
Bulgaria,BGR,1995,26.65
Bulgaria,BGR,1996,34.53
Bulgaria,BGR,1997,35.09
Bulgaria,BGR,1998,35.38
Bulgaria,BGR,1999,28.66
Bulgaria,BGR,2000,38.35
Bulgaria,BGR,2001,46.42
Bulgaria,BGR,2002,79.14
Bulgaria,BGR,2003,89.23
Bulgaria,BGR,2004,68.28
Bulgaria,BGR,2005,56.51
Bulgaria,BGR,2006,44.32
Bulgaria,BGR,2007,61.12
Bulgaria,BGR,2008,65.27
Bulgaria,BGR,2009,84.07
Bulgaria,BGR,2010,80.64
Bulgaria,BGR,2011,108.8
Bulgaria,BGR,2012,70.48
Bulgaria,BGR,2013,80.9
Bulgaria,BGR,2014,82.09
Bulgaria,BGR,2015,90.46
Bulgaria,BGR,2016,100.61
Bulgaria,BGR,2017,96.54
Bulgaria,BGR,2018,93.45
Bulgaria,BGR,2019,97.13
Bulgaria,BGR,2020,99.98
Bulgaria,BGR,2021,93.94
Bulgaria,BGR,2022,95.14
Bulgaria,BGR,2023,94.08
Burkina Faso,BFA,1969,0.1
Burkina Faso,BFA,1970,0.12
Burkina Faso,BFA,1971,0.15
Burkina Faso,BFA,1972,0.19
Burkina Faso,BFA,1973,0.12
Burkina Faso,BFA,1974,0.23
Burkina Faso,BFA,1975,0.13
Burkina Faso,BFA,1976,0.72
Burkina Faso,BFA,1977,0.58
Burkina Faso,BFA,1978,1.11
Burkina Faso,BFA,1979,0.65
Burkina Faso,BFA,1980,0.41
Burkina Faso,BFA,1981,1.01
Burkina Faso,BFA,1982,1.09
Burkina Faso,BFA,1983,1.33
Burkina Faso,BFA,1984,1.33
Burkina Faso,BFA,1985,1.43
Burkina Faso,BFA,1986,1.97
Burkina Faso,BFA,1987,2.31
Burkina Faso,BFA,1988,2.15
Burkina Faso,BFA,1989,2.13
Burkina Faso,BFA,1990,2.33
Burkina Faso,BFA,1991,2.41
Burkina Faso,BFA,1992,2.21
Burkina Faso,BFA,1993,2.08
Burkina Faso,BFA,1994,2.59
Burkina Faso,BFA,1995,2.49
Burkina Faso,BFA,1996,2.44
Burkina Faso,BFA,1997,5.04
Burkina Faso,BFA,1998,3.31
Burkina Faso,BFA,1999,3.32
Burkina Faso,BFA,2000,1.89
Burkina Faso,BFA,2001,0.17
Burkina Faso,BFA,2002,0.37
Burkina Faso,BFA,2003,4.76
Burkina Faso,BFA,2004,5.07
Burkina Faso,BFA,2005,6.03
Burkina Faso,BFA,2006,4.98
Burkina Faso,BFA,2007,3.83
Burkina Faso,BFA,2008,4.86
Burkina Faso,BFA,2009,4.41
Burkina Faso,BFA,2010,6.24
Burkina Faso,BFA,2011,4.37
Burkina Faso,BFA,2012,6.84
Burkina Faso,BFA,2013,7.07
Burkina Faso,BFA,2014,6.67
Burkina Faso,BFA,2015,6.82
Burkina Faso,BFA,2016,8.86
Burkina Faso,BFA,2017,7.49
Burkina Faso,BFA,2018,7.08
Burkina Faso,BFA,2019,3.69
Burkina Faso,BFA,2020,6.1
Burkina Faso,BFA,2021,5.07
Burkina Faso,BFA,2022,6.31
Burkina Faso,BFA,2023,7.55
Burundi,BDI,1966,0.1
Burundi,BDI,1967,0.1
Burundi,BDI,1968,0.1
Burundi,BDI,1969,0.18
Burundi,BDI,1970,0.35
Burundi,BDI,1971,0.38
Burundi,BDI,1972,0.49
Burundi,BDI,1973,0.19
Burundi,BDI,1974,0.49
Burundi,BDI,1975,0.27
Burundi,BDI,1976,0.38
Burundi,BDI,1977,0.35
Burundi,BDI,1978,0.33
Burundi,BDI,1979,0.4
Burundi,BDI,1980,0.72
Burundi,BDI,1981,0.24
Burundi,BDI,1982,0.4
Burundi,BDI,1983,1
Burundi,BDI,1984,0.51
Burundi,BDI,1985,1.29
Burundi,BDI,1986,0.87
Burundi,BDI,1987,0.78
Burundi,BDI,1988,0.78
Burundi,BDI,1989,1.55
Burundi,BDI,1990,0.78
Burundi,BDI,1991,0.78
Burundi,BDI,1992,1.38
Burundi,BDI,1993,1.05
Burundi,BDI,1994,0.77
Burundi,BDI,1995,0.76
Burundi,BDI,1996,0.76
Burundi,BDI,1997,0.76
Burundi,BDI,1998,1.06
Burundi,BDI,1999,1.38
Burundi,BDI,2000,1.14
Burundi,BDI,2001,1.12
Burundi,BDI,2002,0.38
Burundi,BDI,2003,0.21
Burundi,BDI,2004,0.31
Burundi,BDI,2005,0.82
Burundi,BDI,2006,1.11
Burundi,BDI,2007,0.6
Burundi,BDI,2008,0.74
Burundi,BDI,2009,0.78
Burundi,BDI,2010,1.44
Burundi,BDI,2011,1.97
Burundi,BDI,2012,2.3
Burundi,BDI,2013,2.81
Burundi,BDI,2014,3.92
Burundi,BDI,2015,3.17
Burundi,BDI,2016,5.45
Burundi,BDI,2017,6.71
Burundi,BDI,2018,8.74
Burundi,BDI,2019,4.4
Burundi,BDI,2020,4.32
Burundi,BDI,2021,4.25
Burundi,BDI,2022,4.19
Burundi,BDI,2023,4.12
Cambodia,KHM,1961,1.43
Cambodia,KHM,1962,0.05
Cambodia,KHM,1963,0.07
Cambodia,KHM,1964,0.1
Cambodia,KHM,1965,0.1
Cambodia,KHM,1966,0.1
Cambodia,KHM,1967,0.98
Cambodia,KHM,1968,1
Cambodia,KHM,1969,1.38
Cambodia,KHM,1970,0.62
Cambodia,KHM,1971,1.13
Cambodia,KHM,1972,0.53
Cambodia,KHM,1973,0.53
Cambodia,KHM,1974,0.47
Cambodia,KHM,1975,0.05
Cambodia,KHM,1976,0.05
Cambodia,KHM,1980,3.48
Cambodia,KHM,1981,5.07
Cambodia,KHM,1982,3.48
Cambodia,KHM,1983,0.76
Cambodia,KHM,1984,0.24
Cambodia,KHM,1990,0.42
Cambodia,KHM,1991,1.1
Cambodia,KHM,1992,2.46
Cambodia,KHM,1993,2.62
Cambodia,KHM,1994,1.57
Cambodia,KHM,1995,1.57
Cambodia,KHM,1996,1.12
Cambodia,KHM,1997,4.94
Cambodia,KHM,1998,0.84
Cambodia,KHM,2002,2.11
Cambodia,KHM,2003,1.35
Cambodia,KHM,2004,1.94
Cambodia,KHM,2005,2.87
Cambodia,KHM,2006,2.77
Cambodia,KHM,2007,2.91
Cambodia,KHM,2008,3.26
Cambodia,KHM,2009,4.54
Cambodia,KHM,2010,5.84
Cambodia,KHM,2011,9.28
Cambodia,KHM,2012,13.71
Cambodia,KHM,2013,12.45
Cambodia,KHM,2014,15.66
Cambodia,KHM,2015,19.49
Cambodia,KHM,2016,13.25
Cambodia,KHM,2017,26.84
Cambodia,KHM,2018,29.32
Cambodia,KHM,2019,25.19
Cambodia,KHM,2020,24.18
Cambodia,KHM,2021,26.32
Cambodia,KHM,2022,18.23
Cambodia,KHM,2023,30.04
Cameroon,CMR,1961,0.27
Cameroon,CMR,1962,0.27
Cameroon,CMR,1963,0.36
Cameroon,CMR,1964,0.44
Cameroon,CMR,1965,0.52
Cameroon,CMR,1966,1.09
Cameroon,CMR,1967,1.45
Cameroon,CMR,1968,1.81
Cameroon,CMR,1969,1.48
Cameroon,CMR,1970,1.93
Cameroon,CMR,1971,1.49
Cameroon,CMR,1972,1.2
Cameroon,CMR,1973,1.51
Cameroon,CMR,1974,1.55
Cameroon,CMR,1975,0.95
Cameroon,CMR,1976,0.61
Cameroon,CMR,1977,2.2
Cameroon,CMR,1978,2.31
Cameroon,CMR,1979,2.05
Cameroon,CMR,1980,2.32
Cameroon,CMR,1981,2.38
Cameroon,CMR,1982,2.41
Cameroon,CMR,1983,3.47
Cameroon,CMR,1984,3.66
Cameroon,CMR,1985,3.76
Cameroon,CMR,1986,2.86
Cameroon,CMR,1987,3.41
Cameroon,CMR,1988,3.06
Cameroon,CMR,1989,2.53
Cameroon,CMR,1990,1.26
Cameroon,CMR,1991,0.84
Cameroon,CMR,1992,1.31
Cameroon,CMR,1993,1.43
Cameroon,CMR,1994,2.09
Cameroon,CMR,1995,2.09
Cameroon,CMR,1996,2.51
Cameroon,CMR,1997,2.64
Cameroon,CMR,1998,2.31
Cameroon,CMR,1999,3.63
Cameroon,CMR,2000,3.05
Cameroon,CMR,2001,3.57
Cameroon,CMR,2002,2.9
Cameroon,CMR,2003,2.71
Cameroon,CMR,2004,4.6
Cameroon,CMR,2005,3.16
Cameroon,CMR,2006,3.52
Cameroon,CMR,2007,3.09
Cameroon,CMR,2008,3.15
Cameroon,CMR,2009,3.46
Cameroon,CMR,2010,3.31
Cameroon,CMR,2011,4.77
Cameroon,CMR,2012,3.63
Cameroon,CMR,2013,4.79
Cameroon,CMR,2014,3.36
Cameroon,CMR,2015,5.5
Cameroon,CMR,2016,5.13
Cameroon,CMR,2017,5.98
Cameroon,CMR,2018,5.39
Cameroon,CMR,2019,5.38
Cameroon,CMR,2020,6.27
Cameroon,CMR,2021,5.82
Cameroon,CMR,2022,4.06
Cameroon,CMR,2023,5.09
Canada,CAN,1961,2.41
Canada,CAN,1962,2.97
Canada,CAN,1963,3.62
Canada,CAN,1964,4.08
Canada,CAN,1965,5.17
Canada,CAN,1966,6.5
Canada,CAN,1967,7.52
Canada,CAN,1968,5.67
Canada,CAN,1969,6.31
Canada,CAN,1970,6.81
Canada,CAN,1971,8.15
Canada,CAN,1972,9.51
Canada,CAN,1973,11.86
Canada,CAN,1974,12.25
Canada,CAN,1975,12.95
Canada,CAN,1976,13.73
Canada,CAN,1977,17.19
Canada,CAN,1978,18.86
Canada,CAN,1979,18.65
Canada,CAN,1980,20.9
Canada,CAN,1981,21.38
Canada,CAN,1982,23.56
Canada,CAN,1983,27.5
Canada,CAN,1984,29.19
Canada,CAN,1985,26.58
Canada,CAN,1986,24.72
Canada,CAN,1987,25.57
Canada,CAN,1988,25.11
Canada,CAN,1989,25.95
Canada,CAN,1990,25.12
Canada,CAN,1991,27.23
Canada,CAN,1992,28.65
Canada,CAN,1993,30.6
Canada,CAN,1994,31.72
Canada,CAN,1995,34.37
Canada,CAN,1996,36.47
Canada,CAN,1997,36.1
Canada,CAN,1998,35.53
Canada,CAN,1999,36.78
Canada,CAN,2000,34.22
Canada,CAN,2001,33.74
Canada,CAN,2002,36.26
Canada,CAN,2003,36.71
Canada,CAN,2004,34.54
Canada,CAN,2005,40.2
Canada,CAN,2006,31.3
Canada,CAN,2007,47.66
Canada,CAN,2008,44.45
Canada,CAN,2009,45.04
Canada,CAN,2010,48.76
Canada,CAN,2011,59.83
Canada,CAN,2012,66.53
Canada,CAN,2013,58.35
Canada,CAN,2014,59.9
Canada,CAN,2015,60.4
Canada,CAN,2016,57.22
Canada,CAN,2017,57.49
Canada,CAN,2018,64.13
Canada,CAN,2019,59.52
Canada,CAN,2020,71.39
Canada,CAN,2021,66.27
Canada,CAN,2022,64.12
Canada,CAN,2023,73.19
Cape Verde,CPV,1973,0.7
Cape Verde,CPV,1974,0.58
Cape Verde,CPV,1975,1.25
Cape Verde,CPV,1976,2.5
Cape Verde,CPV,1977,2.5
Cape Verde,CPV,1978,2.5
Cape Verde,CPV,1979,1.33
Cape Verde,CPV,1980,1.53
Cape Verde,CPV,1984,0.75
Cape Verde,CPV,1985,1.3
Cape Verde,CPV,1986,2.48
Cape Verde,CPV,1997,2.17
Cape Verde,CPV,1998,2.3
Cape Verde,CPV,1999,3.83
Cape Verde,CPV,2000,2.55
Cape Verde,CPV,2001,4.96
Cape Verde,CPV,2002,1.62
Cape Verde,CPV,2003,2.83
Cape Verde,CPV,2004,1.55
Cape Verde,CPV,2005,1.64
Cape Verde,CPV,2006,2.02
Cape Verde,CPV,2007,1.62
Cape Verde,CPV,2008,1.47
Cape Verde,CPV,2009,1.79
Cape Verde,CPV,2010,1.82
Cape Verde,CPV,2011,1.2
Cape Verde,CPV,2012,1.76
Cape Verde,CPV,2013,1.67
Cape Verde,CPV,2014,1.43
Cape Verde,CPV,2015,2.23
Cape Verde,CPV,2016,2.51
Cape Verde,CPV,2017,3
Cape Verde,CPV,2018,3.31
Cape Verde,CPV,2019,2.83
Cape Verde,CPV,2020,3.59
Cape Verde,CPV,2021,2.7
Cape Verde,CPV,2022,2.14
Cape Verde,CPV,2023,2.47
Caribbean (FAO),,1961,14.61
Caribbean (FAO),,1962,16.02
Caribbean (FAO),,1963,18.41
Caribbean (FAO),,1964,21.4
Caribbean (FAO),,1965,24.82
Caribbean (FAO),,1966,36.99
Caribbean (FAO),,1967,43.06
Caribbean (FAO),,1968,40.58
Caribbean (FAO),,1969,39.99
Caribbean (FAO),,1970,35.12
Caribbean (FAO),,1971,30.77
Caribbean (FAO),,1972,29.9
Caribbean (FAO),,1973,32.64
Caribbean (FAO),,1974,35.54
Caribbean (FAO),,1975,33.8
Caribbean (FAO),,1976,38.78
Caribbean (FAO),,1977,43.49
Caribbean (FAO),,1978,43.43
Caribbean (FAO),,1979,52.34
Caribbean (FAO),,1980,49.57
Caribbean (FAO),,1981,57.85
Caribbean (FAO),,1982,50.56
Caribbean (FAO),,1983,45.79
Caribbean (FAO),,1984,53.65
Caribbean (FAO),,1985,53.13
Caribbean (FAO),,1986,57.15
Caribbean (FAO),,1987,54.62
Caribbean (FAO),,1988,53.3
Caribbean (FAO),,1989,64.38
Caribbean (FAO),,1990,52.23
Caribbean (FAO),,1991,46.96
Caribbean (FAO),,1992,37.71
Caribbean (FAO),,1993,26.04
Caribbean (FAO),,1994,19.67
Caribbean (FAO),,1995,24.3
Caribbean (FAO),,1996,25.5
Caribbean (FAO),,1997,30.5
Caribbean (FAO),,1998,27.26
Caribbean (FAO),,1999,22.04
Caribbean (FAO),,2000,23.51
Caribbean (FAO),,2001,28.77
Caribbean (FAO),,2002,18.82
Caribbean (FAO),,2003,11.74
Caribbean (FAO),,2004,14.61
Caribbean (FAO),,2005,11.7
Caribbean (FAO),,2006,15.74
Caribbean (FAO),,2007,13.6
Caribbean (FAO),,2008,13.85
Caribbean (FAO),,2009,10.35
Caribbean (FAO),,2010,17.92
Caribbean (FAO),,2011,16.81
Caribbean (FAO),,2012,17.26
Caribbean (FAO),,2013,18.4
Caribbean (FAO),,2014,21.38
Caribbean (FAO),,2015,20.72
Caribbean (FAO),,2016,19
Caribbean (FAO),,2017,20.16
Caribbean (FAO),,2018,28.81
Caribbean (FAO),,2019,27.11
Caribbean (FAO),,2020,26.38
Caribbean (FAO),,2021,23.01
Caribbean (FAO),,2022,12.24
Caribbean (FAO),,2023,11.46
Central African Republic,CAF,1961,0.09
Central African Republic,CAF,1962,0.09
Central African Republic,CAF,1963,0.1
Central African Republic,CAF,1964,0.11
Central African Republic,CAF,1965,0.34
Central African Republic,CAF,1966,0.45
Central African Republic,CAF,1967,0.56
Central African Republic,CAF,1968,0.66
Central African Republic,CAF,1969,0.65
Central African Republic,CAF,1970,0.64
Central African Republic,CAF,1971,0.76
Central African Republic,CAF,1972,0.54
Central African Republic,CAF,1973,0.5
Central African Republic,CAF,1974,0.96
Central African Republic,CAF,1975,0.32
Central African Republic,CAF,1976,0.63
Central African Republic,CAF,1977,0.62
Central African Republic,CAF,1978,0.62
Central African Republic,CAF,1979,0.05
Central African Republic,CAF,1980,0.71
Central African Republic,CAF,1981,0.62
Central African Republic,CAF,1982,0.36
Central African Republic,CAF,1983,0.14
Central African Republic,CAF,1984,0.56
Central African Republic,CAF,1985,1.28
Central African Republic,CAF,1986,0.32
Central African Republic,CAF,1987,0.39
Central African Republic,CAF,1988,0.26
Central African Republic,CAF,1989,0.35
Central African Republic,CAF,1990,0.41
Central African Republic,CAF,1991,0.4
Central African Republic,CAF,1992,0.45
Central African Republic,CAF,1993,0.5
Central African Republic,CAF,1994,0.05
Central African Republic,CAF,1995,0.05
Central African Republic,CAF,1996,0.05
Central African Republic,CAF,1997,0.05
Central African Republic,CAF,1998,0.1
Central African Republic,CAF,1999,0.1
Central African Republic,CAF,2000,0.1
Central African Republic,CAF,2001,0.1
Central African Republic,CAF,2002,0
Central African Republic,CAF,2003,0
Central African Republic,CAF,2004,0.01
Central African Republic,CAF,2005,0.12
Central African Republic,CAF,2006,0.15
Central African Republic,CAF,2007,0.18
Central African Republic,CAF,2008,0.09
Central African Republic,CAF,2009,0.1
Central African Republic,CAF,2010,0.11
Central African Republic,CAF,2011,0.21
Central African Republic,CAF,2012,0.12
Central African Republic,CAF,2013,0.06
Central African Republic,CAF,2014,0
Central African Republic,CAF,2015,0.11
Central African Republic,CAF,2016,0.11
Central African Republic,CAF,2017,0.04
Central African Republic,CAF,2018,0.1
Central African Republic,CAF,2019,0.08
Central African Republic,CAF,2020,0.09
Central African Republic,CAF,2021,0.09
Central African Republic,CAF,2022,0.01
Central African Republic,CAF,2023,0.03
Central America (FAO),,1961,6.66
Central America (FAO),,1962,7.5
Central America (FAO),,1963,11.66
Central America (FAO),,1964,12.12
Central America (FAO),,1965,12.61
Central America (FAO),,1966,14.46
Central America (FAO),,1967,14.73
Central America (FAO),,1968,18.22
Central America (FAO),,1969,20.52
Central America (FAO),,1970,22.44
Central America (FAO),,1971,23.19
Central America (FAO),,1972,25.57
Central America (FAO),,1973,29.64
Central America (FAO),,1974,30.28
Central America (FAO),,1975,35.39
Central America (FAO),,1976,40.16
Central America (FAO),,1977,39.55
Central America (FAO),,1978,37.88
Central America (FAO),,1979,39.22
Central America (FAO),,1980,42.19
Central America (FAO),,1981,50.67
Central America (FAO),,1982,52.35
Central America (FAO),,1983,48.88
Central America (FAO),,1984,52.16
Central America (FAO),,1985,55.29
Central America (FAO),,1986,58.19
Central America (FAO),,1987,58.29
Central America (FAO),,1988,53.96
Central America (FAO),,1989,52.12
Central America (FAO),,1990,51.74
Central America (FAO),,1991,44.99
Central America (FAO),,1992,47.48
Central America (FAO),,1993,46.15
Central America (FAO),,1994,44.71
Central America (FAO),,1995,42.42
Central America (FAO),,1996,47.71
Central America (FAO),,1997,48.73
Central America (FAO),,1998,52.07
Central America (FAO),,1999,50.95
Central America (FAO),,2000,52.43
Central America (FAO),,2001,51.22
Central America (FAO),,2002,39.4
Central America (FAO),,2003,41.93
Central America (FAO),,2004,37.3
Central America (FAO),,2005,46.65
Central America (FAO),,2006,42.74
Central America (FAO),,2007,44.69
Central America (FAO),,2008,37.84
Central America (FAO),,2009,41
Central America (FAO),,2010,43.69
Central America (FAO),,2011,56.17
Central America (FAO),,2012,55.49
Central America (FAO),,2013,59.56
Central America (FAO),,2014,56.68
Central America (FAO),,2015,48.43
Central America (FAO),,2016,60.87
Central America (FAO),,2017,63.05
Central America (FAO),,2018,60.71
Central America (FAO),,2019,57.68
Central America (FAO),,2020,58.85
Central America (FAO),,2021,54.25
Central America (FAO),,2022,42.71
Central America (FAO),,2023,57.56
Central Asia (FAO),,1992,31.15
Central Asia (FAO),,1993,27.39
Central Asia (FAO),,1994,20.82
Central Asia (FAO),,1995,23.19
Central Asia (FAO),,1996,25.4
Central Asia (FAO),,1997,22.23
Central Asia (FAO),,1998,18.77
Central Asia (FAO),,1999,18.61
Central Asia (FAO),,2000,19.46
Central Asia (FAO),,2001,19.31
Central Asia (FAO),,2002,18.61
Central Asia (FAO),,2003,19.41
Central Asia (FAO),,2004,17.51
Central Asia (FAO),,2005,19.82
Central Asia (FAO),,2006,22.47
Central Asia (FAO),,2007,23.1
Central Asia (FAO),,2008,23.25
Central Asia (FAO),,2009,24.67
Central Asia (FAO),,2010,25.68
Central Asia (FAO),,2011,26.09
Central Asia (FAO),,2012,27.19
Central Asia (FAO),,2013,30.11
Central Asia (FAO),,2014,32.31
Central Asia (FAO),,2015,34.4
Central Asia (FAO),,2016,32.27
Central Asia (FAO),,2017,32.14
Central Asia (FAO),,2018,31.26
Central Asia (FAO),,2019,34.8
Central Asia (FAO),,2020,38.71
Central Asia (FAO),,2021,41.34
Central Asia (FAO),,2022,39.42
Central Asia (FAO),,2023,42.82
Chad,TCD,1961,0.04
Chad,TCD,1962,0.03
Chad,TCD,1963,0.04
Chad,TCD,1964,0.01
Chad,TCD,1965,0.14
Chad,TCD,1966,0.14
Chad,TCD,1967,0.22
Chad,TCD,1968,0.28
Chad,TCD,1969,0.3
Chad,TCD,1970,0.39
Chad,TCD,1971,0.43
Chad,TCD,1972,0.39
Chad,TCD,1973,0.76
Chad,TCD,1974,1.54
Chad,TCD,1975,0.93
Chad,TCD,1976,0.99
Chad,TCD,1977,1.08
Chad,TCD,1978,1.14
Chad,TCD,1980,0.16
Chad,TCD,1981,0.51
Chad,TCD,1982,0.54
Chad,TCD,1983,0.79
Chad,TCD,1984,0.95
Chad,TCD,1985,1.01
Chad,TCD,1986,0.81
Chad,TCD,1987,0.62
Chad,TCD,1988,0.67
Chad,TCD,1989,0.62
Chad,TCD,1990,0.61
Chad,TCD,1991,1.01
Chad,TCD,1992,1.25
Chad,TCD,1993,0.63
Chad,TCD,1994,0.58
Chad,TCD,1995,1.03
Chad,TCD,1996,2.19
Chad,TCD,1997,0.95
Chad,TCD,1998,2.95
Chad,TCD,1999,3.03
Chad,TCD,2000,3.03
Chad,TCD,2001,2.95
Chad,TCD,2002,1.14
Chad,TCD,2003,1.07
Chad,TCD,2004,1.76
Chad,TCD,2005,1.34
Chad,TCD,2006,1.65
Chad,TCD,2007,1.52
Chad,TCD,2008,1.72
Chad,TCD,2009,1.76
Chad,TCD,2010,1.92
Chad,TCD,2011,1.92
Chad,TCD,2012,1.68
Chad,TCD,2013,2.04
Chad,TCD,2014,2.15
Chad,TCD,2015,2.66
Chad,TCD,2016,2.19
Chad,TCD,2017,2.73
Chad,TCD,2018,2.61
Chad,TCD,2019,2.82
Chad,TCD,2020,2.88
Chad,TCD,2021,2.65
Chad,TCD,2022,3.17
Chad,TCD,2023,3.17
Chile,CHL,1961,3.25
Chile,CHL,1962,4.65
Chile,CHL,1963,5.35
Chile,CHL,1964,6.38
Chile,CHL,1965,6.46
Chile,CHL,1966,7.37
Chile,CHL,1967,7.43
Chile,CHL,1968,6.09
Chile,CHL,1969,6.85
Chile,CHL,1970,7.51
Chile,CHL,1971,8.69
Chile,CHL,1972,10.01
Chile,CHL,1973,11.03
Chile,CHL,1974,9.58
Chile,CHL,1975,6.75
Chile,CHL,1976,8.83
Chile,CHL,1977,6.9
Chile,CHL,1978,9.4
Chile,CHL,1979,11.07
Chile,CHL,1980,10.04
Chile,CHL,1981,9.67
Chile,CHL,1982,10.12
Chile,CHL,1983,13.84
Chile,CHL,1984,18.66
Chile,CHL,1985,22.76
Chile,CHL,1986,30.34
Chile,CHL,1987,34.46
Chile,CHL,1988,36.92
Chile,CHL,1989,37.82
Chile,CHL,1990,43.06
Chile,CHL,1991,42.84
Chile,CHL,1992,51.44
Chile,CHL,1993,60.54
Chile,CHL,1994,61.18
Chile,CHL,1995,71.67
Chile,CHL,1996,78.26
Chile,CHL,1997,76.62
Chile,CHL,1998,74.98
Chile,CHL,1999,88.64
Chile,CHL,2000,89.1
Chile,CHL,2001,84.09
Chile,CHL,2002,75.36
Chile,CHL,2003,86.29
Chile,CHL,2004,104.69
Chile,CHL,2005,91.06
Chile,CHL,2006,99.04
Chile,CHL,2007,106.49
Chile,CHL,2008,112.81
Chile,CHL,2009,88.98
Chile,CHL,2010,113.28
Chile,CHL,2011,107.45
Chile,CHL,2012,106.97
Chile,CHL,2013,112.75
Chile,CHL,2014,108.32
Chile,CHL,2015,122.14
Chile,CHL,2016,98.57
Chile,CHL,2017,97.63
Chile,CHL,2018,95.71
Chile,CHL,2019,103.72
Chile,CHL,2020,103.69
Chile,CHL,2021,108.15
Chile,CHL,2022,84.91
Chile,CHL,2023,102.36
China,CHN,1961,5.21
China,CHN,1962,7.78
China,CHN,1963,9.37
China,CHN,1964,12.04
China,CHN,1965,17.68
China,CHN,1966,25.88
China,CHN,1967,19.05
China,CHN,1968,20.96
China,CHN,1969,25.83
China,CHN,1970,33.16
China,CHN,1971,33.28
China,CHN,1972,38.26
China,CHN,1973,44.3
China,CHN,1974,38.07
China,CHN,1975,50.54
China,CHN,1976,47.74
China,CHN,1977,71.09
China,CHN,1978,93.37
China,CHN,1979,107.11
China,CHN,1980,121.97
China,CHN,1981,115.28
China,CHN,1982,116.9
China,CHN,1983,123.84
China,CHN,1984,128.86
China,CHN,1985,110.71
China,CHN,1986,107.32
China,CHN,1987,132.11
China,CHN,1988,144.41
China,CHN,1989,145.38
China,CHN,1990,148.96
China,CHN,1991,150.86
China,CHN,1992,155.54
China,CHN,1993,138.49
China,CHN,1994,147.38
China,CHN,1995,182.93
China,CHN,1996,194.36
China,CHN,1997,176.48
China,CHN,1998,176
China,CHN,1999,185.65
China,CHN,2000,170.25
China,CHN,2001,171.65
China,CHN,2002,190.82
China,CHN,2003,191.15
China,CHN,2004,198.11
China,CHN,2005,200.26
China,CHN,2006,203.92
China,CHN,2007,208.51
China,CHN,2008,210.63
China,CHN,2009,213.92
China,CHN,2010,219.35
China,CHN,2011,225.06
China,CHN,2012,230.1
China,CHN,2013,232.68
China,CHN,2014,235.38
China,CHN,2015,235.31
China,CHN,2016,233.54
China,CHN,2017,228.38
China,CHN,2018,218.81
China,CHN,2019,209.11
China,CHN,2020,201.47
China,CHN,2021,196.74
China,CHN,2022,191.55
China,CHN,2023,192.39
China (FAO),,1961,5.17
China (FAO),,1962,7.71
China (FAO),,1963,9.29
China (FAO),,1964,11.94
China (FAO),,1965,17.53
China (FAO),,1966,25.66
China (FAO),,1967,18.88
China (FAO),,1968,20.77
China (FAO),,1969,25.6
China (FAO),,1970,32.86
China (FAO),,1971,32.99
China (FAO),,1972,37.91
China (FAO),,1973,43.9
China (FAO),,1974,37.72
China (FAO),,1975,50.07
China (FAO),,1976,47.3
China (FAO),,1977,70.43
China (FAO),,1978,92.51
China (FAO),,1979,106.12
China (FAO),,1980,120.86
China (FAO),,1981,114.25
China (FAO),,1982,115.91
China (FAO),,1983,122.84
China (FAO),,1984,127.88
China (FAO),,1985,109.92
China (FAO),,1986,106.57
China (FAO),,1987,131.18
China (FAO),,1988,143.4
China (FAO),,1989,144.37
China (FAO),,1990,147.94
China (FAO),,1991,149.85
China (FAO),,1992,154.5
China (FAO),,1993,137.55
China (FAO),,1994,146.39
China (FAO),,1995,181.7
China (FAO),,1996,193.06
China (FAO),,1997,175.31
China (FAO),,1998,174.84
China (FAO),,1999,184.43
China (FAO),,2000,169.13
China (FAO),,2001,170.53
China (FAO),,2002,191.23
China (FAO),,2003,191.34
China (FAO),,2004,198.36
China (FAO),,2005,200.41
China (FAO),,2006,204.05
China (FAO),,2007,208.6
China (FAO),,2008,210.6
China (FAO),,2009,213.88
China (FAO),,2010,219.3
China (FAO),,2011,224.93
China (FAO),,2012,229.96
China (FAO),,2013,232.49
China (FAO),,2014,235.15
China (FAO),,2015,235.05
China (FAO),,2016,233.3
China (FAO),,2017,228.11
China (FAO),,2018,218.58
China (FAO),,2019,208.88
China (FAO),,2020,201.35
China (FAO),,2021,196.53
China (FAO),,2022,191.35
China (FAO),,2023,192.19
Colombia,COL,1961,4.63
Colombia,COL,1962,8.05
Colombia,COL,1963,7.33
Colombia,COL,1964,10.63
Colombia,COL,1965,8.99
Colombia,COL,1966,8.91
Colombia,COL,1967,9.36
Colombia,COL,1968,10.55
Colombia,COL,1969,10.79
Colombia,COL,1970,12.63
Colombia,COL,1971,15.47
Colombia,COL,1972,21.51
Colombia,COL,1973,24.72
Colombia,COL,1974,24.06
Colombia,COL,1975,21.76
Colombia,COL,1976,27.82
Colombia,COL,1977,27.98
Colombia,COL,1978,25.92
Colombia,COL,1979,29.17
Colombia,COL,1980,29.12
Colombia,COL,1981,27.46
Colombia,COL,1982,28.6
Colombia,COL,1983,30.04
Colombia,COL,1984,34.43
Colombia,COL,1985,34.9
Colombia,COL,1986,42.39
Colombia,COL,1987,46.07
Colombia,COL,1988,50.33
Colombia,COL,1989,52.73
Colombia,COL,1990,62.36
Colombia,COL,1991,62.26
Colombia,COL,1992,52.12
Colombia,COL,1993,52.26
Colombia,COL,1994,52.86
Colombia,COL,1995,54.49
Colombia,COL,1996,57.62
Colombia,COL,1997,62.3
Colombia,COL,1998,67.81
Colombia,COL,1999,68.7
Colombia,COL,2000,73.55
Colombia,COL,2001,72.89
Colombia,COL,2002,96.01
Colombia,COL,2003,99.81
Colombia,COL,2004,102.02
Colombia,COL,2005,95.6
Colombia,COL,2006,102.42
Colombia,COL,2007,99.58
Colombia,COL,2008,97.92
Colombia,COL,2009,109.59
Colombia,COL,2010,120.62
Colombia,COL,2011,129.85
Colombia,COL,2012,122.21
Colombia,COL,2013,112.48
Colombia,COL,2014,130.25
Colombia,COL,2015,127.88
Colombia,COL,2016,114.83
Colombia,COL,2017,137.23
Colombia,COL,2018,110.24
Colombia,COL,2019,100.08
Colombia,COL,2020,112.21
Colombia,COL,2021,102.08
Colombia,COL,2022,81.63
Colombia,COL,2023,85.31
Comoros,COM,1991,1
Comoros,COM,1992,1
Comoros,COM,1993,0.97
Comoros,COM,1994,0.95
Comoros,COM,1995,0.93
Comoros,COM,1996,0.92
Comoros,COM,1997,0.9
Comoros,COM,1998,0.9
Comoros,COM,1999,0.89
Comoros,COM,2000,0.88
Comoros,COM,2001,0.87
Comoros,COM,2002,0.22
Comoros,COM,2003,0.08
Comoros,COM,2004,0.09
Comoros,COM,2005,0.12
Comoros,COM,2006,0.02
Comoros,COM,2007,0.01
Comoros,COM,2008,0.08
Comoros,COM,2009,0.07
Comoros,COM,2010,0.05
Comoros,COM,2011,0.03
Comoros,COM,2012,0.05
Comoros,COM,2013,0.03
Comoros,COM,2014,0.01
Comoros,COM,2015,0.01
Comoros,COM,2016,0.17
Comoros,COM,2017,0.02
Comoros,COM,2018,0.06
Comoros,COM,2019,0.33
Comoros,COM,2020,1.3
Comoros,COM,2021,0.68
Comoros,COM,2022,0.84
Comoros,COM,2023,0.9
Congo,COG,1961,0.37
Congo,COG,1962,0.55
Congo,COG,1963,0.91
Congo,COG,1964,0.92
Congo,COG,1965,1.29
Congo,COG,1966,1.38
Congo,COG,1967,1.54
Congo,COG,1968,1.84
Congo,COG,1969,4.79
Congo,COG,1970,5.74
Congo,COG,1971,8.36
Congo,COG,1972,6.53
Congo,COG,1973,2.16
Congo,COG,1974,0.36
Congo,COG,1975,0.36
Congo,COG,1976,0.21
Congo,COG,1979,0.17
Congo,COG,1980,0.34
Congo,COG,1981,0.29
Congo,COG,1982,1.63
Congo,COG,1983,1.44
Congo,COG,1984,1.61
Congo,COG,1985,2.31
Congo,COG,1987,0.19
Congo,COG,1988,0.93
Congo,COG,1989,0.38
Congo,COG,1990,1.24
Congo,COG,1991,2.5
Congo,COG,1992,2.12
Congo,COG,1993,1.91
Congo,COG,1994,1.75
Congo,COG,1995,1.93
Congo,COG,1996,3.83
Congo,COG,1997,3.74
Congo,COG,1998,3.73
Congo,COG,1999,3.68
Congo,COG,2000,3.7
Congo,COG,2001,4.9
Congo,COG,2004,1.35
Congo,COG,2005,0.02
Congo,COG,2006,0.04
Congo,COG,2007,0.12
Congo,COG,2008,0.46
Congo,COG,2009,1.62
Congo,COG,2010,0.19
Congo,COG,2011,0.47
Congo,COG,2012,1.13
Congo,COG,2013,1.01
Congo,COG,2014,0.46
Congo,COG,2015,1.02
Congo,COG,2016,0.51
Congo,COG,2017,0.53
Congo,COG,2018,0.8
Congo,COG,2019,1.25
Congo,COG,2020,4.8
Congo,COG,2021,3.23
Congo,COG,2022,4.13
Congo,COG,2023,2.26
Cook Islands,COK,2002,4.24
Cook Islands,COK,2003,5.56
Cook Islands,COK,2004,4.62
Cook Islands,COK,2005,7.6
Cook Islands,COK,2006,11.67
Cook Islands,COK,2007,1.74
Cook Islands,COK,2008,8.18
Cook Islands,COK,2009,9.05
Cook Islands,COK,2010,3.5
Cook Islands,COK,2011,3.68
Cook Islands,COK,2012,8.01
Cook Islands,COK,2013,4.2
Cook Islands,COK,2014,3.88
Cook Islands,COK,2015,12.2
Cook Islands,COK,2016,16.96
Cook Islands,COK,2017,7.17
Cook Islands,COK,2018,6.16
Cook Islands,COK,2019,6.96
Cook Islands,COK,2020,4.74
Cook Islands,COK,2021,4.21
Cook Islands,COK,2022,3.68
Cook Islands,COK,2023,5.26
Costa Rica,CRI,1961,12.97
Costa Rica,CRI,1962,18.21
Costa Rica,CRI,1963,43.3
Costa Rica,CRI,1964,49.48
Costa Rica,CRI,1965,20.62
Costa Rica,CRI,1966,34.43
Costa Rica,CRI,1967,32.3
Costa Rica,CRI,1968,59.67
Costa Rica,CRI,1969,81.59
Costa Rica,CRI,1970,75.79
Costa Rica,CRI,1971,53.92
Costa Rica,CRI,1972,52.11
Costa Rica,CRI,1973,69.39
Costa Rica,CRI,1974,69.18
Costa Rica,CRI,1975,63.21
Costa Rica,CRI,1976,57.55
Costa Rica,CRI,1977,81.58
Costa Rica,CRI,1978,81.76
Costa Rica,CRI,1979,78.33
Costa Rica,CRI,1980,80.04
Costa Rica,CRI,1981,88.8
Costa Rica,CRI,1982,95.7
Costa Rica,CRI,1983,104.85
Costa Rica,CRI,1984,97.68
Costa Rica,CRI,1985,93.69
Costa Rica,CRI,1986,98.86
Costa Rica,CRI,1987,104.56
Costa Rica,CRI,1988,112.75
Costa Rica,CRI,1989,123.53
Costa Rica,CRI,1990,109.02
Costa Rica,CRI,1991,121.17
Costa Rica,CRI,1992,127.45
Costa Rica,CRI,1993,120
Costa Rica,CRI,1994,134.62
Costa Rica,CRI,1995,137.25
Costa Rica,CRI,1996,179.8
Costa Rica,CRI,1997,204.08
Costa Rica,CRI,1998,212.24
Costa Rica,CRI,1999,160
Costa Rica,CRI,2000,138.78
Costa Rica,CRI,2001,108.62
Costa Rica,CRI,2002,112.08
Costa Rica,CRI,2003,154.8
Costa Rica,CRI,2004,126.15
Costa Rica,CRI,2005,138.82
Costa Rica,CRI,2006,141.65
Costa Rica,CRI,2007,148.31
Costa Rica,CRI,2008,163.08
Costa Rica,CRI,2009,85.61
Costa Rica,CRI,2010,113.34
Costa Rica,CRI,2011,172.96
Costa Rica,CRI,2012,160.64
Costa Rica,CRI,2013,163.3
Costa Rica,CRI,2014,141.42
Costa Rica,CRI,2015,157.68
Costa Rica,CRI,2016,185.33
Costa Rica,CRI,2017,172
Costa Rica,CRI,2018,180.46
Costa Rica,CRI,2019,173.14
Costa Rica,CRI,2020,174.01
Costa Rica,CRI,2021,149.51
Costa Rica,CRI,2022,128.8
Costa Rica,CRI,2023,161.41
Cote d'Ivoire,CIV,1961,0.63
Cote d'Ivoire,CIV,1962,0.62
Cote d'Ivoire,CIV,1963,0.84
Cote d'Ivoire,CIV,1964,1.15
Cote d'Ivoire,CIV,1965,1.23
Cote d'Ivoire,CIV,1966,1.29
Cote d'Ivoire,CIV,1967,1.42
Cote d'Ivoire,CIV,1968,1.11
Cote d'Ivoire,CIV,1969,1.39
Cote d'Ivoire,CIV,1970,1.89
Cote d'Ivoire,CIV,1971,1.96
Cote d'Ivoire,CIV,1972,2.65
Cote d'Ivoire,CIV,1973,2.26
Cote d'Ivoire,CIV,1974,2.13
Cote d'Ivoire,CIV,1975,2.87
Cote d'Ivoire,CIV,1976,3.08
Cote d'Ivoire,CIV,1977,4.23
Cote d'Ivoire,CIV,1978,3.74
Cote d'Ivoire,CIV,1979,3.87
Cote d'Ivoire,CIV,1980,4.56
Cote d'Ivoire,CIV,1981,2.53
Cote d'Ivoire,CIV,1982,2.79
Cote d'Ivoire,CIV,1983,2.18
Cote d'Ivoire,CIV,1984,2.24
Cote d'Ivoire,CIV,1985,1.57
Cote d'Ivoire,CIV,1986,1.5
Cote d'Ivoire,CIV,1987,0.83
Cote d'Ivoire,CIV,1988,1.41
Cote d'Ivoire,CIV,1989,1.81
Cote d'Ivoire,CIV,1990,2.23
Cote d'Ivoire,CIV,1991,2.88
Cote d'Ivoire,CIV,1992,3.19
Cote d'Ivoire,CIV,1993,4.61
Cote d'Ivoire,CIV,1994,5.66
Cote d'Ivoire,CIV,1995,5.34
Cote d'Ivoire,CIV,1996,6.16
Cote d'Ivoire,CIV,1997,9.24
Cote d'Ivoire,CIV,1998,7.59
Cote d'Ivoire,CIV,1999,6.17
Cote d'Ivoire,CIV,2000,5.92
Cote d'Ivoire,CIV,2001,4.79
Cote d'Ivoire,CIV,2002,4.7
Cote d'Ivoire,CIV,2003,3.11
Cote d'Ivoire,CIV,2004,5.83
Cote d'Ivoire,CIV,2005,2.25
Cote d'Ivoire,CIV,2006,1.47
Cote d'Ivoire,CIV,2007,3.32
Cote d'Ivoire,CIV,2008,2.28
Cote d'Ivoire,CIV,2009,2.78
Cote d'Ivoire,CIV,2010,3.47
Cote d'Ivoire,CIV,2011,3.21
Cote d'Ivoire,CIV,2012,3.73
Cote d'Ivoire,CIV,2013,3.58
Cote d'Ivoire,CIV,2014,4.47
Cote d'Ivoire,CIV,2015,3.74
Cote d'Ivoire,CIV,2016,4.32
Cote d'Ivoire,CIV,2017,2.57
Cote d'Ivoire,CIV,2018,2.49
Cote d'Ivoire,CIV,2019,4.95
Cote d'Ivoire,CIV,2020,3.38
Cote d'Ivoire,CIV,2021,4.11
Cote d'Ivoire,CIV,2022,3.36
Cote d'Ivoire,CIV,2023,5.99
Croatia,HRV,1992,100.77
Croatia,HRV,1993,77.18
Croatia,HRV,1994,77.81
Croatia,HRV,1995,75.43
Croatia,HRV,1996,91.45
Croatia,HRV,1997,137.18
Croatia,HRV,1998,77.99
Croatia,HRV,1999,83.04
Croatia,HRV,2000,127.33
Croatia,HRV,2001,107.26
Croatia,HRV,2002,139.89
Croatia,HRV,2003,132.19
Croatia,HRV,2004,158.67
Croatia,HRV,2005,131.99
Croatia,HRV,2006,199.75
Croatia,HRV,2007,227.87
Croatia,HRV,2008,278.26
Croatia,HRV,2009,97.48
Croatia,HRV,2010,118.78
Croatia,HRV,2011,142.75
Croatia,HRV,2012,108.47
Croatia,HRV,2013,82.08
Croatia,HRV,2014,82.74
Croatia,HRV,2015,95.11
Croatia,HRV,2016,76.45
Croatia,HRV,2017,110.7
Croatia,HRV,2018,113.49
Croatia,HRV,2019,108.25
Croatia,HRV,2020,102.23
Croatia,HRV,2021,109.18
Croatia,HRV,2022,94.88
Croatia,HRV,2023,91.71
Cuba,CUB,1961,24.24
Cuba,CUB,1962,28.59
Cuba,CUB,1963,35.3
Cuba,CUB,1964,38.48
Cuba,CUB,1965,49.5
Cuba,CUB,1966,82.57
Cuba,CUB,1967,88.45
Cuba,CUB,1968,79.55
Cuba,CUB,1969,75.53
Cuba,CUB,1970,60.8
Cuba,CUB,1971,45.98
Cuba,CUB,1972,34.31
Cuba,CUB,1973,41.02
Cuba,CUB,1974,46.12
Cuba,CUB,1975,49.31
Cuba,CUB,1976,56.27
Cuba,CUB,1977,66.95
Cuba,CUB,1978,67.45
Cuba,CUB,1979,84.23
Cuba,CUB,1980,80.3
Cuba,CUB,1981,94.03
Cuba,CUB,1982,81.38
Cuba,CUB,1983,72.09
Cuba,CUB,1984,83.95
Cuba,CUB,1985,82.29
Cuba,CUB,1986,89.97
Cuba,CUB,1987,82.14
Cuba,CUB,1988,80.61
Cuba,CUB,1989,96.47
Cuba,CUB,1990,73.68
Cuba,CUB,1991,61.78
Cuba,CUB,1992,47.12
Cuba,CUB,1993,29.06
Cuba,CUB,1994,17.2
Cuba,CUB,1995,23.9
Cuba,CUB,1996,24.78
Cuba,CUB,1997,31.79
Cuba,CUB,1998,25.95
Cuba,CUB,1999,17.38
Cuba,CUB,2000,19.24
Cuba,CUB,2001,27.43
Cuba,CUB,2002,15.06
Cuba,CUB,2003,5.23
Cuba,CUB,2004,9.65
Cuba,CUB,2005,7.13
Cuba,CUB,2006,10.93
Cuba,CUB,2007,8.92
Cuba,CUB,2008,8.46
Cuba,CUB,2009,3.53
Cuba,CUB,2010,14.98
Cuba,CUB,2011,15.1
Cuba,CUB,2012,16.78
Cuba,CUB,2013,19.73
Cuba,CUB,2014,22.3
Cuba,CUB,2015,17.74
Cuba,CUB,2016,14.07
Cuba,CUB,2017,14.82
Cuba,CUB,2018,11.24
Cuba,CUB,2019,11.24
Cuba,CUB,2020,11.24
Cuba,CUB,2021,11.24
Cuba,CUB,2022,4.24
Cuba,CUB,2023,1.48
Cyprus,CYP,1961,20.26
Cyprus,CYP,1962,21.71
Cyprus,CYP,1963,26.65
Cyprus,CYP,1964,13.46
Cyprus,CYP,1965,24.1
Cyprus,CYP,1966,21.83
Cyprus,CYP,1967,18.8
Cyprus,CYP,1968,34.71
Cyprus,CYP,1969,28.8
Cyprus,CYP,1970,37.63
Cyprus,CYP,1971,36.36
Cyprus,CYP,1972,42.72
Cyprus,CYP,1973,50.53
Cyprus,CYP,1974,26.29
Cyprus,CYP,1975,42.16
Cyprus,CYP,1976,52.42
Cyprus,CYP,1977,35.52
Cyprus,CYP,1978,45.1
Cyprus,CYP,1979,54.22
Cyprus,CYP,1980,48.94
Cyprus,CYP,1981,52.57
Cyprus,CYP,1982,65.38
Cyprus,CYP,1983,58.61
Cyprus,CYP,1984,57.24
Cyprus,CYP,1985,63.93
Cyprus,CYP,1986,71.33
Cyprus,CYP,1987,75.77
Cyprus,CYP,1988,77.63
Cyprus,CYP,1989,82.51
Cyprus,CYP,1990,80.6
Cyprus,CYP,1991,79.07
Cyprus,CYP,1992,102.82
Cyprus,CYP,1993,93.81
Cyprus,CYP,1994,101.87
Cyprus,CYP,1995,91.76
Cyprus,CYP,1996,96.94
Cyprus,CYP,1997,76.26
Cyprus,CYP,1998,75.64
Cyprus,CYP,1999,76.06
Cyprus,CYP,2000,55.75
Cyprus,CYP,2001,56.89
Cyprus,CYP,2002,62.08
Cyprus,CYP,2003,62.69
Cyprus,CYP,2004,52.96
Cyprus,CYP,2005,43.52
Cyprus,CYP,2006,42.55
Cyprus,CYP,2007,43.63
Cyprus,CYP,2008,41.9
Cyprus,CYP,2009,57.02
Cyprus,CYP,2010,75
Cyprus,CYP,2011,65.04
Cyprus,CYP,2012,76.91
Cyprus,CYP,2013,65.21
Cyprus,CYP,2014,58.24
Cyprus,CYP,2015,63.63
Cyprus,CYP,2016,73.77
Cyprus,CYP,2017,66.53
Cyprus,CYP,2018,59.4
Cyprus,CYP,2019,66
Cyprus,CYP,2020,64.38
Cyprus,CYP,2021,54.87
Cyprus,CYP,2022,47.8
Cyprus,CYP,2023,70.14
Czechia,CZE,1993,59.6
Czechia,CZE,1994,70.54
Czechia,CZE,1995,68.89
Czechia,CZE,1996,78.67
Czechia,CZE,1997,67.87
Czechia,CZE,1998,65.56
Czechia,CZE,1999,62.88
Czechia,CZE,2000,79.19
Czechia,CZE,2001,93.85
Czechia,CZE,2002,68.17
Czechia,CZE,2003,78.18
Czechia,CZE,2004,74.49
Czechia,CZE,2005,78.15
Czechia,CZE,2006,83.57
Czechia,CZE,2007,89.27
Czechia,CZE,2008,84.01
Czechia,CZE,2009,86.23
Czechia,CZE,2010,92.18
Czechia,CZE,2011,96.8
Czechia,CZE,2012,132.77
Czechia,CZE,2013,130.35
Czechia,CZE,2014,129.64
Czechia,CZE,2015,156.6
Czechia,CZE,2016,159.19
Czechia,CZE,2017,143.94
Czechia,CZE,2018,138.88
Czechia,CZE,2019,131.14
Czechia,CZE,2020,112.63
Czechia,CZE,2021,122.67
Czechia,CZE,2022,128.54
Czechia,CZE,2023,92.6
Czechoslovakia,OWID_CZS,1961,26.31
Czechoslovakia,OWID_CZS,1962,29.32
Czechoslovakia,OWID_CZS,1963,32.66
Czechoslovakia,OWID_CZS,1964,42.22
Czechoslovakia,OWID_CZS,1965,45.74
Czechoslovakia,OWID_CZS,1966,51.74
Czechoslovakia,OWID_CZS,1967,53.35
Czechoslovakia,OWID_CZS,1968,66.37
Czechoslovakia,OWID_CZS,1969,74.93
Czechoslovakia,OWID_CZS,1970,78.47
Czechoslovakia,OWID_CZS,1971,81.71
Czechoslovakia,OWID_CZS,1972,88.07
Czechoslovakia,OWID_CZS,1973,87.57
Czechoslovakia,OWID_CZS,1974,95.76
Czechoslovakia,OWID_CZS,1975,101.21
Czechoslovakia,OWID_CZS,1976,110.69
Czechoslovakia,OWID_CZS,1977,114.28
Czechoslovakia,OWID_CZS,1978,119.71
Czechoslovakia,OWID_CZS,1979,120.83
Czechoslovakia,OWID_CZS,1980,130.59
Czechoslovakia,OWID_CZS,1981,118.96
Czechoslovakia,OWID_CZS,1982,122.61
Czechoslovakia,OWID_CZS,1983,126.96
Czechoslovakia,OWID_CZS,1984,134.04
Czechoslovakia,OWID_CZS,1985,130.8
Czechoslovakia,OWID_CZS,1986,125.62
Czechoslovakia,OWID_CZS,1987,114.47
Czechoslovakia,OWID_CZS,1988,125.88
Czechoslovakia,OWID_CZS,1989,131.15
Czechoslovakia,OWID_CZS,1990,115.47
Czechoslovakia,OWID_CZS,1991,56.99
Czechoslovakia,OWID_CZS,1992,55.7
Democratic Republic of Congo,COD,1961,0.01
Democratic Republic of Congo,COD,1962,0.09
Democratic Republic of Congo,COD,1963,0.1
Democratic Republic of Congo,COD,1964,0.14
Democratic Republic of Congo,COD,1965,0.1
Democratic Republic of Congo,COD,1966,0.14
Democratic Republic of Congo,COD,1967,0.21
Democratic Republic of Congo,COD,1968,0.28
Democratic Republic of Congo,COD,1969,0.35
Democratic Republic of Congo,COD,1970,0.41
Democratic Republic of Congo,COD,1971,0.38
Democratic Republic of Congo,COD,1972,0.34
Democratic Republic of Congo,COD,1973,0.43
Democratic Republic of Congo,COD,1974,0.42
Democratic Republic of Congo,COD,1975,0.67
Democratic Republic of Congo,COD,1976,0.82
Democratic Republic of Congo,COD,1977,0.6
Democratic Republic of Congo,COD,1978,0.62
Democratic Republic of Congo,COD,1979,0.68
Democratic Republic of Congo,COD,1980,0.49
Democratic Republic of Congo,COD,1981,0.33
Democratic Republic of Congo,COD,1982,0.41
Democratic Republic of Congo,COD,1983,0.53
Democratic Republic of Congo,COD,1984,0.58
Democratic Republic of Congo,COD,1985,0.46
Democratic Republic of Congo,COD,1986,0.12
Democratic Republic of Congo,COD,1987,0.39
Democratic Republic of Congo,COD,1988,0.24
Democratic Republic of Congo,COD,1989,0.51
Democratic Republic of Congo,COD,1990,0.51
Democratic Republic of Congo,COD,1991,0.51
Democratic Republic of Congo,COD,1992,0.13
Democratic Republic of Congo,COD,1993,0.38
Democratic Republic of Congo,COD,1994,0.44
Democratic Republic of Congo,COD,1995,0.39
Democratic Republic of Congo,COD,1996,0.26
Democratic Republic of Congo,COD,1998,0.23
Democratic Republic of Congo,COD,1999,0.04
Democratic Republic of Congo,COD,2000,0.04
Democratic Republic of Congo,COD,2001,0.17
Democratic Republic of Congo,COD,2003,0.14
Democratic Republic of Congo,COD,2004,0.11
Democratic Republic of Congo,COD,2005,0.05
Democratic Republic of Congo,COD,2006,0.22
Democratic Republic of Congo,COD,2007,0.4
Democratic Republic of Congo,COD,2008,0.58
Democratic Republic of Congo,COD,2009,0.34
Democratic Republic of Congo,COD,2010,0.46
Democratic Republic of Congo,COD,2011,0.31
Democratic Republic of Congo,COD,2012,0.27
Democratic Republic of Congo,COD,2013,0.54
Democratic Republic of Congo,COD,2014,1.08
Democratic Republic of Congo,COD,2015,1.28
Democratic Republic of Congo,COD,2016,0.78
Democratic Republic of Congo,COD,2017,1.06
Democratic Republic of Congo,COD,2018,1.28
Democratic Republic of Congo,COD,2019,1.75
Democratic Republic of Congo,COD,2020,1.51
Democratic Republic of Congo,COD,2021,1.51
Democratic Republic of Congo,COD,2022,1.33
Democratic Republic of Congo,COD,2023,1.91
Denmark,DNK,1961,47.38
Denmark,DNK,1962,51.08
Denmark,DNK,1963,55.44
Denmark,DNK,1964,61.57
Denmark,DNK,1965,70.75
Denmark,DNK,1966,79.55
Denmark,DNK,1967,86.16
Denmark,DNK,1968,91.54
Denmark,DNK,1969,100.34
Denmark,DNK,1970,108.12
Denmark,DNK,1971,115.8
Denmark,DNK,1972,123.58
Denmark,DNK,1973,136.86
Denmark,DNK,1974,113.16
Denmark,DNK,1975,127.48
Denmark,DNK,1976,131.04
Denmark,DNK,1977,141.13
Denmark,DNK,1978,143.19
Denmark,DNK,1979,148.31
Denmark,DNK,1980,141.01
Denmark,DNK,1981,141.82
Denmark,DNK,1982,148.03
Denmark,DNK,1983,160.55
Denmark,DNK,1984,151.56
Denmark,DNK,1985,146.17
Denmark,DNK,1986,146.41
Denmark,DNK,1987,141.81
Denmark,DNK,1988,146.65
Denmark,DNK,1989,156.71
Denmark,DNK,1990,153.6
Denmark,DNK,1991,144.64
Denmark,DNK,1992,130.69
Denmark,DNK,1993,127.85
Denmark,DNK,1994,133.11
Denmark,DNK,1995,125
Denmark,DNK,1996,123.55
Denmark,DNK,1997,119.26
Denmark,DNK,1998,110.78
Denmark,DNK,1999,107.73
Denmark,DNK,2000,102.23
Denmark,DNK,2001,91.58
Denmark,DNK,2002,88.48
Denmark,DNK,2003,90.59
Denmark,DNK,2004,80.04
Denmark,DNK,2005,76.55
Denmark,DNK,2006,80.88
Denmark,DNK,2007,83.41
Denmark,DNK,2008,90.66
Denmark,DNK,2009,76.73
Denmark,DNK,2010,74.24
Denmark,DNK,2011,73.17
Denmark,DNK,2012,77.97
Denmark,DNK,2013,73.39
Denmark,DNK,2014,83.21
Denmark,DNK,2015,94.6
Denmark,DNK,2016,100.32
Denmark,DNK,2017,98.68
Denmark,DNK,2018,92.73
Denmark,DNK,2019,93.1
Denmark,DNK,2020,97.38
Denmark,DNK,2021,84.98
Denmark,DNK,2022,82.01
Denmark,DNK,2023,81.86
Djibouti,DJI,1976,465
Djibouti,DJI,1977,465
Djibouti,DJI,1978,465
Djibouti,DJI,1979,465
Djibouti,DJI,1980,100
Djibouti,DJI,1981,13
Djibouti,DJI,1986,100
Djibouti,DJI,1987,100
Djibouti,DJI,2002,4.48
Djibouti,DJI,2003,5.73
Djibouti,DJI,2004,6.36
Djibouti,DJI,2005,6.14
Djibouti,DJI,2006,6.7
Djibouti,DJI,2007,6.92
Djibouti,DJI,2008,7.45
Djibouti,DJI,2009,7.3
Djibouti,DJI,2010,8.72
Djibouti,DJI,2011,9.03
Djibouti,DJI,2012,9.25
Djibouti,DJI,2013,9.89
Djibouti,DJI,2014,11.03
Djibouti,DJI,2015,10.38
Djibouti,DJI,2016,12.39
Djibouti,DJI,2017,14.3
Djibouti,DJI,2018,11.7
Djibouti,DJI,2019,12.91
Djibouti,DJI,2020,16.78
Djibouti,DJI,2021,15.07
Djibouti,DJI,2022,13.78
Djibouti,DJI,2023,13.43
Dominica,DMA,1976,94.12
Dominica,DMA,1977,105.88
Dominica,DMA,1978,82.35
Dominica,DMA,1979,29.41
Dominica,DMA,1980,52.94
Dominica,DMA,1981,58.82
Dominica,DMA,1982,75.47
Dominica,DMA,1983,46.12
Dominica,DMA,1984,47.06
Dominica,DMA,1985,52.94
Dominica,DMA,1986,58.82
Dominica,DMA,1987,58.82
Dominica,DMA,1988,62.5
Dominica,DMA,1989,125
Dominica,DMA,1990,137.5
Dominica,DMA,1991,150
Dominica,DMA,1992,125
Dominica,DMA,1993,125
Dominica,DMA,1994,112.5
Dominica,DMA,1995,71.8
Dominica,DMA,1996,61.93
Dominica,DMA,1997,66.67
Dominica,DMA,1998,66.67
Dominica,DMA,1999,58.82
Dominica,DMA,2000,52.63
Dominica,DMA,2001,50
Dominica,DMA,2002,7.85
Dominica,DMA,2003,12.35
Dominica,DMA,2004,17.35
Dominica,DMA,2005,20.4
Dominica,DMA,2006,7.9
Dominica,DMA,2007,30.8
Dominica,DMA,2008,10.15
Dominica,DMA,2009,5.76
Dominica,DMA,2010,4.96
Dominica,DMA,2011,8.09
Dominica,DMA,2012,5.18
Dominica,DMA,2013,12.73
Dominica,DMA,2014,2.44
Dominica,DMA,2015,13.69
Dominica,DMA,2016,4.06
Dominica,DMA,2017,4.5
Dominica,DMA,2018,2.18
Dominica,DMA,2019,9.87
Dominica,DMA,2020,5.69
Dominica,DMA,2021,3.23
Dominica,DMA,2022,1.5
Dominica,DMA,2023,0
Dominican Republic,DOM,1961,10.8
Dominican Republic,DOM,1962,7.76
Dominican Republic,DOM,1963,5.88
Dominican Republic,DOM,1964,7.73
Dominican Republic,DOM,1965,9.52
Dominican Republic,DOM,1966,13.43
Dominican Republic,DOM,1967,13.89
Dominican Republic,DOM,1968,11.93
Dominican Republic,DOM,1969,13.27
Dominican Republic,DOM,1970,13.81
Dominican Republic,DOM,1971,22.72
Dominican Republic,DOM,1972,35.3
Dominican Republic,DOM,1973,33.71
Dominican Republic,DOM,1974,38.12
Dominican Republic,DOM,1975,23.9
Dominican Republic,DOM,1976,26.72
Dominican Republic,DOM,1977,23.88
Dominican Republic,DOM,1978,20.42
Dominican Republic,DOM,1979,24.69
Dominican Republic,DOM,1980,19.86
Dominican Republic,DOM,1981,22.04
Dominican Republic,DOM,1982,21.47
Dominican Republic,DOM,1983,17.48
Dominican Republic,DOM,1984,21.89
Dominican Republic,DOM,1985,23.08
Dominican Republic,DOM,1986,21.57
Dominican Republic,DOM,1987,24.22
Dominican Republic,DOM,1988,18.51
Dominican Republic,DOM,1989,27.44
Dominican Republic,DOM,1990,33.17
Dominican Republic,DOM,1991,36.24
Dominican Republic,DOM,1992,30.56
Dominican Republic,DOM,1993,28.76
Dominican Republic,DOM,1994,33.18
Dominican Republic,DOM,1995,36.56
Dominican Republic,DOM,1996,36.83
Dominican Republic,DOM,1997,41.11
Dominican Republic,DOM,1998,38.35
Dominican Republic,DOM,1999,39.84
Dominican Republic,DOM,2000,36.8
Dominican Republic,DOM,2001,45.54
Dominican Republic,DOM,2002,39.02
Dominican Republic,DOM,2003,34.35
Dominican Republic,DOM,2004,36.3
Dominican Republic,DOM,2005,31.36
Dominican Republic,DOM,2006,42.62
Dominican Republic,DOM,2007,37.61
Dominican Republic,DOM,2008,37.86
Dominican Republic,DOM,2009,38.28
Dominican Republic,DOM,2010,46.18
Dominican Republic,DOM,2011,37.86
Dominican Republic,DOM,2012,28.66
Dominican Republic,DOM,2013,28.38
Dominican Republic,DOM,2014,33.78
Dominican Republic,DOM,2015,47.06
Dominican Republic,DOM,2016,47.88
Dominican Republic,DOM,2017,50.56
Dominican Republic,DOM,2018,89.85
Dominican Republic,DOM,2019,79.96
Dominican Republic,DOM,2020,90.88
Dominican Republic,DOM,2021,75.98
Dominican Republic,DOM,2022,40.53
Dominican Republic,DOM,2023,43.21
Eastern Africa (FAO),,1961,1.26
Eastern Africa (FAO),,1962,1.19
Eastern Africa (FAO),,1963,1.31
Eastern Africa (FAO),,1964,1.96
Eastern Africa (FAO),,1965,2.12
Eastern Africa (FAO),,1966,2.06
Eastern Africa (FAO),,1967,2.2
Eastern Africa (FAO),,1968,2.23
Eastern Africa (FAO),,1969,2.47
Eastern Africa (FAO),,1970,3.1
Eastern Africa (FAO),,1971,3.91
Eastern Africa (FAO),,1972,3.57
Eastern Africa (FAO),,1973,3.87
Eastern Africa (FAO),,1974,3.96
Eastern Africa (FAO),,1975,4.06
Eastern Africa (FAO),,1976,4.01
Eastern Africa (FAO),,1977,3.84
Eastern Africa (FAO),,1978,3.88
Eastern Africa (FAO),,1979,4.13
Eastern Africa (FAO),,1980,5.51
Eastern Africa (FAO),,1981,5.95
Eastern Africa (FAO),,1982,5.55
Eastern Africa (FAO),,1983,4.91
Eastern Africa (FAO),,1984,4.53
Eastern Africa (FAO),,1985,5.18
Eastern Africa (FAO),,1986,5.16
Eastern Africa (FAO),,1987,5.63
Eastern Africa (FAO),,1988,5.91
Eastern Africa (FAO),,1989,5.75
Eastern Africa (FAO),,1990,5.88
Eastern Africa (FAO),,1991,5.9
Eastern Africa (FAO),,1992,5.76
Eastern Africa (FAO),,1993,5.95
Eastern Africa (FAO),,1994,5.38
Eastern Africa (FAO),,1995,4.95
Eastern Africa (FAO),,1996,6.81
Eastern Africa (FAO),,1997,6.05
Eastern Africa (FAO),,1998,5.98
Eastern Africa (FAO),,1999,5.95
Eastern Africa (FAO),,2000,5.99
Eastern Africa (FAO),,2001,5.41
Eastern Africa (FAO),,2002,7
Eastern Africa (FAO),,2003,5.73
Eastern Africa (FAO),,2004,6.36
Eastern Africa (FAO),,2005,6.14
Eastern Africa (FAO),,2006,6.69
Eastern Africa (FAO),,2007,6.93
Eastern Africa (FAO),,2008,7.46
Eastern Africa (FAO),,2009,7.31
Eastern Africa (FAO),,2010,8.73
Eastern Africa (FAO),,2011,9.04
Eastern Africa (FAO),,2012,9.25
Eastern Africa (FAO),,2013,9.84
Eastern Africa (FAO),,2014,10.92
Eastern Africa (FAO),,2015,10.27
Eastern Africa (FAO),,2016,12.26
Eastern Africa (FAO),,2017,14.12
Eastern Africa (FAO),,2018,11.57
Eastern Africa (FAO),,2019,12.29
Eastern Africa (FAO),,2020,16.58
Eastern Africa (FAO),,2021,15.67
Eastern Africa (FAO),,2022,14.04
Eastern Africa (FAO),,2023,20.18
Eastern Asia (FAO),,1961,11.64
Eastern Asia (FAO),,1962,14.15
Eastern Asia (FAO),,1963,15.8
Eastern Asia (FAO),,1964,17.83
Eastern Asia (FAO),,1965,23.32
Eastern Asia (FAO),,1966,31.42
Eastern Asia (FAO),,1967,25.98
Eastern Asia (FAO),,1968,27.81
Eastern Asia (FAO),,1969,32.47
Eastern Asia (FAO),,1970,39.46
Eastern Asia (FAO),,1971,39.55
Eastern Asia (FAO),,1972,44.76
Eastern Asia (FAO),,1973,51.33
Eastern Asia (FAO),,1974,45.18
Eastern Asia (FAO),,1975,56.42
Eastern Asia (FAO),,1976,54.41
Eastern Asia (FAO),,1977,76.02
Eastern Asia (FAO),,1978,97.42
Eastern Asia (FAO),,1979,109.98
Eastern Asia (FAO),,1980,122.09
Eastern Asia (FAO),,1981,116.35
Eastern Asia (FAO),,1982,116.96
Eastern Asia (FAO),,1983,123.93
Eastern Asia (FAO),,1984,128.81
Eastern Asia (FAO),,1985,112.55
Eastern Asia (FAO),,1986,109.51
Eastern Asia (FAO),,1987,132.06
Eastern Asia (FAO),,1988,143.41
Eastern Asia (FAO),,1989,144.73
Eastern Asia (FAO),,1990,147.99
Eastern Asia (FAO),,1991,149.4
Eastern Asia (FAO),,1992,153.77
Eastern Asia (FAO),,1993,138.12
Eastern Asia (FAO),,1994,143.76
Eastern Asia (FAO),,1995,174.67
Eastern Asia (FAO),,1996,185.06
Eastern Asia (FAO),,1997,169.68
Eastern Asia (FAO),,1998,168.51
Eastern Asia (FAO),,1999,177.66
Eastern Asia (FAO),,2000,163.55
Eastern Asia (FAO),,2001,164.8
Eastern Asia (FAO),,2002,183.11
Eastern Asia (FAO),,2003,183.3
Eastern Asia (FAO),,2004,190.31
Eastern Asia (FAO),,2005,192.33
Eastern Asia (FAO),,2006,195.16
Eastern Asia (FAO),,2007,199.65
Eastern Asia (FAO),,2008,200.43
Eastern Asia (FAO),,2009,203.26
Eastern Asia (FAO),,2010,208.72
Eastern Asia (FAO),,2011,214.14
Eastern Asia (FAO),,2012,218.52
Eastern Asia (FAO),,2013,220.79
Eastern Asia (FAO),,2014,223.17
Eastern Asia (FAO),,2015,222.65
Eastern Asia (FAO),,2016,221.51
Eastern Asia (FAO),,2017,216.73
Eastern Asia (FAO),,2018,208.3
Eastern Asia (FAO),,2019,198.41
Eastern Asia (FAO),,2020,191.58
Eastern Asia (FAO),,2021,186.9
Eastern Asia (FAO),,2022,182.25
Eastern Asia (FAO),,2023,182.99
Eastern Europe (FAO),,1961,5.97
Eastern Europe (FAO),,1962,6.11
Eastern Europe (FAO),,1963,7.59
Eastern Europe (FAO),,1964,9.76
Eastern Europe (FAO),,1965,12.28
Eastern Europe (FAO),,1966,14.58
Eastern Europe (FAO),,1967,17.11
Eastern Europe (FAO),,1968,19.64
Eastern Europe (FAO),,1969,21.51
Eastern Europe (FAO),,1970,24.86
Eastern Europe (FAO),,1971,27.33
Eastern Europe (FAO),,1972,29.44
Eastern Europe (FAO),,1973,32.25
Eastern Europe (FAO),,1974,34.66
Eastern Europe (FAO),,1975,38.66
Eastern Europe (FAO),,1976,37.66
Eastern Europe (FAO),,1977,38.94
Eastern Europe (FAO),,1978,40.7
Eastern Europe (FAO),,1979,40.21
Eastern Europe (FAO),,1980,42.87
Eastern Europe (FAO),,1981,43.91
Eastern Europe (FAO),,1982,46.87
Eastern Europe (FAO),,1983,51.75
Eastern Europe (FAO),,1984,51.25
Eastern Europe (FAO),,1985,53.82
Eastern Europe (FAO),,1986,55.23
Eastern Europe (FAO),,1987,56.03
Eastern Europe (FAO),,1988,56.52
Eastern Europe (FAO),,1989,50.57
Eastern Europe (FAO),,1990,42.65
Eastern Europe (FAO),,1991,35.2
Eastern Europe (FAO),,1992,26.9
Eastern Europe (FAO),,1993,22.79
Eastern Europe (FAO),,1994,16.92
Eastern Europe (FAO),,1995,16.56
Eastern Europe (FAO),,1996,16.63
Eastern Europe (FAO),,1997,16.25
Eastern Europe (FAO),,1998,15.36
Eastern Europe (FAO),,1999,15.23
Eastern Europe (FAO),,2000,16.32
Eastern Europe (FAO),,2001,17.87
Eastern Europe (FAO),,2002,16.68
Eastern Europe (FAO),,2003,16.92
Eastern Europe (FAO),,2004,16.76
Eastern Europe (FAO),,2005,17.59
Eastern Europe (FAO),,2006,18.71
Eastern Europe (FAO),,2007,20.77
Eastern Europe (FAO),,2008,22.57
Eastern Europe (FAO),,2009,22.27
Eastern Europe (FAO),,2010,23.14
Eastern Europe (FAO),,2011,25.29
Eastern Europe (FAO),,2012,25.04
Eastern Europe (FAO),,2013,25.76
Eastern Europe (FAO),,2014,24.77
Eastern Europe (FAO),,2015,25.83
Eastern Europe (FAO),,2016,28.42
Eastern Europe (FAO),,2017,30.02
Eastern Europe (FAO),,2018,30
Eastern Europe (FAO),,2019,31.17
Eastern Europe (FAO),,2020,33.3
Eastern Europe (FAO),,2021,34.58
Eastern Europe (FAO),,2022,31.99
Eastern Europe (FAO),,2023,30.93
Ecuador,ECU,1961,1.84
Ecuador,ECU,1962,2.44
Ecuador,ECU,1963,3.09
Ecuador,ECU,1964,1.97
Ecuador,ECU,1965,1.93
Ecuador,ECU,1966,2.64
Ecuador,ECU,1967,10.6
Ecuador,ECU,1968,14.41
Ecuador,ECU,1969,8.41
Ecuador,ECU,1970,7.05
Ecuador,ECU,1971,3.35
Ecuador,ECU,1972,7.77
Ecuador,ECU,1973,11.1
Ecuador,ECU,1974,8.49
Ecuador,ECU,1975,5.24
Ecuador,ECU,1976,19.37
Ecuador,ECU,1977,22.98
Ecuador,ECU,1978,16.11
Ecuador,ECU,1979,17.4
Ecuador,ECU,1980,16.53
Ecuador,ECU,1981,13.69
Ecuador,ECU,1982,13.07
Ecuador,ECU,1983,18.11
Ecuador,ECU,1984,16.2
Ecuador,ECU,1985,15.9
Ecuador,ECU,1986,11.18
Ecuador,ECU,1987,9.78
Ecuador,ECU,1988,11.22
Ecuador,ECU,1989,16.05
Ecuador,ECU,1990,13.48
Ecuador,ECU,1991,14.92
Ecuador,ECU,1992,14.14
Ecuador,ECU,1993,16.48
Ecuador,ECU,1994,15.81
Ecuador,ECU,1995,18.66
Ecuador,ECU,1996,21.73
Ecuador,ECU,1997,30.16
Ecuador,ECU,1998,29.33
Ecuador,ECU,1999,23.42
Ecuador,ECU,2000,24.03
Ecuador,ECU,2001,80.85
Ecuador,ECU,2002,50.89
Ecuador,ECU,2003,48.19
Ecuador,ECU,2004,53.76
Ecuador,ECU,2005,46.33
Ecuador,ECU,2006,51.62
Ecuador,ECU,2007,48.93
Ecuador,ECU,2008,62.55
Ecuador,ECU,2009,59.36
Ecuador,ECU,2010,61.72
Ecuador,ECU,2011,70.44
Ecuador,ECU,2012,68.33
Ecuador,ECU,2013,60.63
Ecuador,ECU,2014,72.66
Ecuador,ECU,2015,54.34
Ecuador,ECU,2016,81.34
Ecuador,ECU,2017,81.41
Ecuador,ECU,2018,93.43
Ecuador,ECU,2019,85.72
Ecuador,ECU,2020,83.92
Ecuador,ECU,2021,85.05
Ecuador,ECU,2022,69.36
Ecuador,ECU,2023,34.55
Egypt,EGY,1961,74.72
Egypt,EGY,1962,78.29
Egypt,EGY,1963,91.22
Egypt,EGY,1964,104
Egypt,EGY,1965,106.6
Egypt,EGY,1966,87.7
Egypt,EGY,1967,87.13
Egypt,EGY,1968,100.46
Egypt,EGY,1969,109.4
Egypt,EGY,1970,116.36
Egypt,EGY,1971,113.78
Egypt,EGY,1972,126.42
Egypt,EGY,1973,125.45
Egypt,EGY,1974,126.63
Egypt,EGY,1975,146.9
Egypt,EGY,1976,156.68
Egypt,EGY,1977,174.38
Egypt,EGY,1978,193.09
Egypt,EGY,1979,204.33
Egypt,EGY,1980,226.58
Egypt,EGY,1981,237.03
Egypt,EGY,1982,258.42
Egypt,EGY,1983,250.54
Egypt,EGY,1984,241.63
Egypt,EGY,1985,256.43
Egypt,EGY,1986,309.89
Egypt,EGY,1987,308.79
Egypt,EGY,1988,307.83
Egypt,EGY,1989,293.32
Egypt,EGY,1990,281.4
Egypt,EGY,1991,293.23
Egypt,EGY,1992,248.22
Egypt,EGY,1993,281.75
Egypt,EGY,1994,239.24
Egypt,EGY,1995,295.46
Egypt,EGY,1996,315.63
Egypt,EGY,1997,281.98
Egypt,EGY,1998,311.08
Egypt,EGY,1999,282.63
Egypt,EGY,2000,326.17
Egypt,EGY,2001,329.24
Egypt,EGY,2002,336.24
Egypt,EGY,2003,349.31
Egypt,EGY,2004,394.74
Egypt,EGY,2005,371.56
Egypt,EGY,2006,350.69
Egypt,EGY,2007,316.56
Egypt,EGY,2008,321.6
Egypt,EGY,2009,323.45
Egypt,EGY,2010,315.64
Egypt,EGY,2011,333.43
Egypt,EGY,2012,294.05
Egypt,EGY,2013,295.93
Egypt,EGY,2014,302.7
Egypt,EGY,2015,321.73
Egypt,EGY,2016,342.95
Egypt,EGY,2017,342.69
Egypt,EGY,2018,345.38
Egypt,EGY,2019,319.58
Egypt,EGY,2020,339.44
Egypt,EGY,2021,330.32
Egypt,EGY,2022,314.56
Egypt,EGY,2023,314.56
El Salvador,SLV,1961,18.62
El Salvador,SLV,1962,25.5
El Salvador,SLV,1963,45.04
El Salvador,SLV,1964,47.35
El Salvador,SLV,1965,33.45
El Salvador,SLV,1966,54.54
El Salvador,SLV,1967,46.08
El Salvador,SLV,1968,54.05
El Salvador,SLV,1969,55.82
El Salvador,SLV,1970,72
El Salvador,SLV,1971,94.31
El Salvador,SLV,1972,96.87
El Salvador,SLV,1973,100.29
El Salvador,SLV,1974,90.84
El Salvador,SLV,1975,93.12
El Salvador,SLV,1976,111.75
El Salvador,SLV,1977,110.33
El Salvador,SLV,1978,113.77
El Salvador,SLV,1979,64.05
El Salvador,SLV,1980,59.56
El Salvador,SLV,1981,87.53
El Salvador,SLV,1982,60.48
El Salvador,SLV,1983,81.67
El Salvador,SLV,1984,54.04
El Salvador,SLV,1985,80.78
El Salvador,SLV,1986,63.22
El Salvador,SLV,1987,82.97
El Salvador,SLV,1988,85.08
El Salvador,SLV,1989,70.46
El Salvador,SLV,1990,65.08
El Salvador,SLV,1991,66.91
El Salvador,SLV,1992,63.07
El Salvador,SLV,1993,61.95
El Salvador,SLV,1994,53.86
El Salvador,SLV,1995,48.99
El Salvador,SLV,1996,73.53
El Salvador,SLV,1997,88.36
El Salvador,SLV,1998,67.06
El Salvador,SLV,1999,64.48
El Salvador,SLV,2000,55.24
El Salvador,SLV,2001,55.28
El Salvador,SLV,2002,39.93
El Salvador,SLV,2003,42.42
El Salvador,SLV,2004,52.67
El Salvador,SLV,2005,81.78
El Salvador,SLV,2006,62.48
El Salvador,SLV,2007,74.84
El Salvador,SLV,2008,85.5
El Salvador,SLV,2009,74.99
El Salvador,SLV,2010,84.55
El Salvador,SLV,2011,94.71
El Salvador,SLV,2012,81.33
El Salvador,SLV,2013,79.02
El Salvador,SLV,2014,56.62
El Salvador,SLV,2015,66.17
El Salvador,SLV,2016,53.86
El Salvador,SLV,2017,38.96
El Salvador,SLV,2018,61.61
El Salvador,SLV,2019,28.56
El Salvador,SLV,2020,45.9
El Salvador,SLV,2021,59.19
El Salvador,SLV,2022,22.26
El Salvador,SLV,2023,42.32
Equatorial Guinea,GNQ,1961,3.13
Equatorial Guinea,GNQ,1962,3.52
Equatorial Guinea,GNQ,1963,3.55
Equatorial Guinea,GNQ,1964,3.6
Equatorial Guinea,GNQ,1965,3.62
Equatorial Guinea,GNQ,1967,7.41
Equatorial Guinea,GNQ,1968,7.52
Equatorial Guinea,GNQ,1969,7.58
Equatorial Guinea,GNQ,1970,9.23
Equatorial Guinea,GNQ,1971,9.3
Equatorial Guinea,GNQ,1972,9.45
Equatorial Guinea,GNQ,1973,0.79
Equatorial Guinea,GNQ,1974,0.81
Equatorial Guinea,GNQ,1975,0.81
Equatorial Guinea,GNQ,1976,0.83
Equatorial Guinea,GNQ,1977,0.83
Equatorial Guinea,GNQ,1978,0.85
Equatorial Guinea,GNQ,1979,0.85
Equatorial Guinea,GNQ,1980,0.87
Equatorial Guinea,GNQ,2002,2.35
Equatorial Guinea,GNQ,2003,1.07
Equatorial Guinea,GNQ,2004,1.76
Equatorial Guinea,GNQ,2005,1.34
Equatorial Guinea,GNQ,2006,1.65
Equatorial Guinea,GNQ,2007,1.52
Equatorial Guinea,GNQ,2008,1.72
Equatorial Guinea,GNQ,2009,1.76
Equatorial Guinea,GNQ,2010,1.92
Equatorial Guinea,GNQ,2011,1.92
Equatorial Guinea,GNQ,2012,1.68
Equatorial Guinea,GNQ,2013,2.04
Equatorial Guinea,GNQ,2014,2.15
Equatorial Guinea,GNQ,2015,2.66
Equatorial Guinea,GNQ,2016,2.19
Equatorial Guinea,GNQ,2017,2.73
Equatorial Guinea,GNQ,2018,2.61
Equatorial Guinea,GNQ,2019,2.82
Equatorial Guinea,GNQ,2020,2.88
Equatorial Guinea,GNQ,2021,2.65
Equatorial Guinea,GNQ,2022,3.17
Equatorial Guinea,GNQ,2023,3.18
Eritrea,ERI,1993,1.4
Eritrea,ERI,1994,2.51
Eritrea,ERI,1995,3.21
Eritrea,ERI,1996,10.22
Eritrea,ERI,1997,12.72
Eritrea,ERI,1998,10
Eritrea,ERI,1999,10.76
Eritrea,ERI,2000,9.59
Eritrea,ERI,2001,6.54
Eritrea,ERI,2002,5.02
Eritrea,ERI,2003,1.14
Eritrea,ERI,2004,0.01
Eritrea,ERI,2005,2.31
Eritrea,ERI,2006,0.01
Eritrea,ERI,2007,0.98
Eritrea,ERI,2009,0.78
Eritrea,ERI,2010,0.4
Eritrea,ERI,2011,0.82
Eritrea,ERI,2012,0.89
Eritrea,ERI,2013,1.19
Eritrea,ERI,2014,1.36
Eritrea,ERI,2015,1.47
Eritrea,ERI,2016,2.78
Eritrea,ERI,2017,2.56
Eritrea,ERI,2018,6.72
Eritrea,ERI,2019,5.97
Eritrea,ERI,2020,5.04
Eritrea,ERI,2021,2.99
Eritrea,ERI,2022,3.94
Eritrea,ERI,2023,1.87
Estonia,EST,1992,34.61
Estonia,EST,1993,27.8
Estonia,EST,1994,27.45
Estonia,EST,1995,21.44
Estonia,EST,1996,18.53
Estonia,EST,1997,22.75
Estonia,EST,1998,27.73
Estonia,EST,1999,22.45
Estonia,EST,2000,26.19
Estonia,EST,2001,28.17
Estonia,EST,2002,26.46
Estonia,EST,2003,41.47
Estonia,EST,2004,46.5
Estonia,EST,2005,33.31
Estonia,EST,2006,39.81
Estonia,EST,2007,41.12
Estonia,EST,2008,58.53
Estonia,EST,2009,45.21
Estonia,EST,2010,43.9
Estonia,EST,2011,46.61
Estonia,EST,2012,52.57
Estonia,EST,2013,52.51
Estonia,EST,2014,54.5
Estonia,EST,2015,53.5
Estonia,EST,2016,52.06
Estonia,EST,2017,54.42
Estonia,EST,2018,56.33
Estonia,EST,2019,59.45
Estonia,EST,2020,59.35
Estonia,EST,2021,66.34
Estonia,EST,2022,59.06
Estonia,EST,2023,53.71
Eswatini,SWZ,1961,13.49
Eswatini,SWZ,1962,13.24
Eswatini,SWZ,1963,14.73
Eswatini,SWZ,1964,16.25
Eswatini,SWZ,1965,21.13
Eswatini,SWZ,1966,19.87
Eswatini,SWZ,1967,22.58
Eswatini,SWZ,1968,22.62
Eswatini,SWZ,1969,25.61
Eswatini,SWZ,1970,18.78
Eswatini,SWZ,1971,21.16
Eswatini,SWZ,1972,12.8
Eswatini,SWZ,1973,31.11
Eswatini,SWZ,1974,33.54
Eswatini,SWZ,1975,32.35
Eswatini,SWZ,1976,26.63
Eswatini,SWZ,1977,30.01
Eswatini,SWZ,1978,31.83
Eswatini,SWZ,1979,37.84
Eswatini,SWZ,1980,45.2
Eswatini,SWZ,1981,44.92
Eswatini,SWZ,1982,46.88
Eswatini,SWZ,1983,70.92
Eswatini,SWZ,1984,25.14
Eswatini,SWZ,1985,32.13
Eswatini,SWZ,1986,36.59
Eswatini,SWZ,1987,39.99
Eswatini,SWZ,1988,38.15
Eswatini,SWZ,1989,35.53
Eswatini,SWZ,1990,39.44
Eswatini,SWZ,1991,30.77
Eswatini,SWZ,1992,35.08
Eswatini,SWZ,1993,33.16
Eswatini,SWZ,1994,8.42
Eswatini,SWZ,1995,8.43
Eswatini,SWZ,1996,8
Eswatini,SWZ,1997,8.38
Eswatini,SWZ,1998,10.47
Eswatini,SWZ,1999,8.9
Eswatini,SWZ,2000,10.47
Eswatini,SWZ,2001,10.42
Eswatini,SWZ,2002,31.65
Eswatini,SWZ,2003,24.82
Eswatini,SWZ,2004,25.76
Eswatini,SWZ,2005,21.06
Eswatini,SWZ,2006,27.18
Eswatini,SWZ,2007,27.84
Eswatini,SWZ,2008,26.15
Eswatini,SWZ,2009,26.72
Eswatini,SWZ,2010,26.38
Eswatini,SWZ,2011,28.15
Eswatini,SWZ,2012,29.63
Eswatini,SWZ,2013,28.63
Eswatini,SWZ,2014,27.41
Eswatini,SWZ,2015,25.25
Eswatini,SWZ,2016,23.6
Eswatini,SWZ,2017,32.33
Eswatini,SWZ,2018,36.07
Eswatini,SWZ,2019,36.91
Eswatini,SWZ,2020,39.41
Eswatini,SWZ,2021,41.36
Eswatini,SWZ,2022,37.21
Eswatini,SWZ,2023,37.21
Ethiopia,ETH,1993,2.8
Ethiopia,ETH,1994,3.8
Ethiopia,ETH,1995,4.33
Ethiopia,ETH,1996,7.72
Ethiopia,ETH,1997,5.16
Ethiopia,ETH,1998,7.19
Ethiopia,ETH,1999,7.56
Ethiopia,ETH,2000,7.26
Ethiopia,ETH,2001,5.98
Ethiopia,ETH,2002,9.3
Ethiopia,ETH,2003,2.94
Ethiopia,ETH,2004,6.25
Ethiopia,ETH,2005,5.92
Ethiopia,ETH,2006,5.95
Ethiopia,ETH,2007,7.03
Ethiopia,ETH,2008,7.7
Ethiopia,ETH,2009,7.9
Ethiopia,ETH,2010,9.96
Ethiopia,ETH,2011,9.51
Ethiopia,ETH,2012,15.1
Ethiopia,ETH,2013,10.25
Ethiopia,ETH,2014,14
Ethiopia,ETH,2015,14.22
Ethiopia,ETH,2016,20.02
Ethiopia,ETH,2017,21.47
Ethiopia,ETH,2018,14.2
Ethiopia,ETH,2019,19.22
Ethiopia,ETH,2020,24.65
Ethiopia,ETH,2021,25.35
Ethiopia,ETH,2022,23.07
Ethiopia,ETH,2023,29.65
Ethiopia (former),OWID_ERE,1961,0.02
Ethiopia (former),OWID_ERE,1962,0.03
Ethiopia (former),OWID_ERE,1963,0.03
Ethiopia (former),OWID_ERE,1964,0.04
Ethiopia (former),OWID_ERE,1965,0.05
Ethiopia (former),OWID_ERE,1966,0.09
Ethiopia (former),OWID_ERE,1967,0.12
Ethiopia (former),OWID_ERE,1968,0.13
Ethiopia (former),OWID_ERE,1969,0.15
Ethiopia (former),OWID_ERE,1970,0.17
Ethiopia (former),OWID_ERE,1971,0.17
Ethiopia (former),OWID_ERE,1972,0.36
Ethiopia (former),OWID_ERE,1973,0.44
Ethiopia (former),OWID_ERE,1974,0.58
Ethiopia (former),OWID_ERE,1975,0.8
Ethiopia (former),OWID_ERE,1976,0.8
Ethiopia (former),OWID_ERE,1977,0.53
Ethiopia (former),OWID_ERE,1978,0.71
Ethiopia (former),OWID_ERE,1979,1.16
Ethiopia (former),OWID_ERE,1980,1.17
Ethiopia (former),OWID_ERE,1981,1.18
Ethiopia (former),OWID_ERE,1982,1.07
Ethiopia (former),OWID_ERE,1983,1.26
Ethiopia (former),OWID_ERE,1984,1.02
Ethiopia (former),OWID_ERE,1985,0.4
Ethiopia (former),OWID_ERE,1986,1.01
Ethiopia (former),OWID_ERE,1987,1.66
Ethiopia (former),OWID_ERE,1988,2.56
Ethiopia (former),OWID_ERE,1989,3.28
Ethiopia (former),OWID_ERE,1990,3.69
Ethiopia (former),OWID_ERE,1991,2.34
Ethiopia (former),OWID_ERE,1992,2.66
Europe (FAO),,1961,12.61
Europe (FAO),,1962,13.71
Europe (FAO),,1963,15.44
Europe (FAO),,1964,17.78
Europe (FAO),,1965,20.62
Europe (FAO),,1966,23.37
Europe (FAO),,1967,26.29
Europe (FAO),,1968,29.24
Europe (FAO),,1969,31.13
Europe (FAO),,1970,34.68
Europe (FAO),,1971,37.9
Europe (FAO),,1972,40.08
Europe (FAO),,1973,43.22
Europe (FAO),,1974,44.47
Europe (FAO),,1975,48.56
Europe (FAO),,1976,48.98
Europe (FAO),,1977,50.61
Europe (FAO),,1978,53.59
Europe (FAO),,1979,54.59
Europe (FAO),,1980,56.05
Europe (FAO),,1981,56.76
Europe (FAO),,1982,59.51
Europe (FAO),,1983,63.61
Europe (FAO),,1984,64.08
Europe (FAO),,1985,66.49
Europe (FAO),,1986,68.12
Europe (FAO),,1987,68.64
Europe (FAO),,1988,69.12
Europe (FAO),,1989,64.22
Europe (FAO),,1990,56.89
Europe (FAO),,1991,50.31
Europe (FAO),,1992,44.45
Europe (FAO),,1993,41.73
Europe (FAO),,1994,39.16
Europe (FAO),,1995,38.88
Europe (FAO),,1996,40.78
Europe (FAO),,1997,39.93
Europe (FAO),,1998,39.79
Europe (FAO),,1999,40.23
Europe (FAO),,2000,38.46
Europe (FAO),,2001,39.86
Europe (FAO),,2002,39.21
Europe (FAO),,2003,40.45
Europe (FAO),,2004,40.23
Europe (FAO),,2005,39.25
Europe (FAO),,2006,39.76
Europe (FAO),,2007,43.16
Europe (FAO),,2008,41.33
Europe (FAO),,2009,39.43
Europe (FAO),,2010,41.75
Europe (FAO),,2011,42.57
Europe (FAO),,2012,43.05
Europe (FAO),,2013,44.51
Europe (FAO),,2014,44.75
Europe (FAO),,2015,45.58
Europe (FAO),,2016,46.71
Europe (FAO),,2017,48.24
Europe (FAO),,2018,46.53
Europe (FAO),,2019,46.93
Europe (FAO),,2020,49.2
Europe (FAO),,2021,48.56
Europe (FAO),,2022,43.98
Europe (FAO),,2023,43.37
European Union (27),OWID_EU27,1961,26.19
European Union (27),OWID_EU27,1962,27.27
European Union (27),OWID_EU27,1963,29.6
European Union (27),OWID_EU27,1964,32.87
European Union (27),OWID_EU27,1965,36.66
European Union (27),OWID_EU27,1966,40.72
European Union (27),OWID_EU27,1967,44.97
European Union (27),OWID_EU27,1968,50.3
European Union (27),OWID_EU27,1969,53.89
European Union (27),OWID_EU27,1970,57.28
European Union (27),OWID_EU27,1971,61.48
European Union (27),OWID_EU27,1972,65.37
European Union (27),OWID_EU27,1973,69.38
European Union (27),OWID_EU27,1974,68.62
European Union (27),OWID_EU27,1975,74.7
European Union (27),OWID_EU27,1976,75.73
European Union (27),OWID_EU27,1977,77.72
European Union (27),OWID_EU27,1978,84.62
European Union (27),OWID_EU27,1979,88.31
European Union (27),OWID_EU27,1980,86.72
European Union (27),OWID_EU27,1981,87.05
European Union (27),OWID_EU27,1982,88.81
European Union (27),OWID_EU27,1983,90.76
European Union (27),OWID_EU27,1984,91
European Union (27),OWID_EU27,1985,93.89
European Union (27),OWID_EU27,1986,94.52
European Union (27),OWID_EU27,1987,95.01
European Union (27),OWID_EU27,1988,97.58
European Union (27),OWID_EU27,1989,95.32
European Union (27),OWID_EU27,1990,83.02
European Union (27),OWID_EU27,1991,76.03
European Union (27),OWID_EU27,1992,68.55
European Union (27),OWID_EU27,1993,69.06
European Union (27),OWID_EU27,1994,71.37
European Union (27),OWID_EU27,1995,70.62
European Union (27),OWID_EU27,1996,75.78
European Union (27),OWID_EU27,1997,74.69
European Union (27),OWID_EU27,1998,75.62
European Union (27),OWID_EU27,1999,75.98
European Union (27),OWID_EU27,2000,72.41
European Union (27),OWID_EU27,2001,73.73
European Union (27),OWID_EU27,2002,73.9
European Union (27),OWID_EU27,2003,78.29
European Union (27),OWID_EU27,2004,76.31
European Union (27),OWID_EU27,2005,73.31
European Union (27),OWID_EU27,2006,73.65
European Union (27),OWID_EU27,2007,80.26
European Union (27),OWID_EU27,2008,72.49
European Union (27),OWID_EU27,2009,67.55
European Union (27),OWID_EU27,2010,73.82
European Union (27),OWID_EU27,2011,73.02
European Union (27),OWID_EU27,2012,74.05
European Union (27),OWID_EU27,2013,77.64
European Union (27),OWID_EU27,2014,79.35
European Union (27),OWID_EU27,2015,81.46
European Union (27),OWID_EU27,2016,81.7
European Union (27),OWID_EU27,2017,83.18
European Union (27),OWID_EU27,2018,79.36
European Union (27),OWID_EU27,2019,78.16
European Union (27),OWID_EU27,2020,79.43
European Union (27),OWID_EU27,2021,77.11
European Union (27),OWID_EU27,2022,68.63
European Union (27),OWID_EU27,2023,68.77
Faroe Islands,FRO,2002,4803.4
Faroe Islands,FRO,2003,3489.42
Faroe Islands,FRO,2004,6473.48
Faroe Islands,FRO,2005,5122.65
Faroe Islands,FRO,2006,4932.41
Faroe Islands,FRO,2007,3870.82
Faroe Islands,FRO,2008,3669.84
Faroe Islands,FRO,2009,3061.99
Faroe Islands,FRO,2010,4531.85
Faroe Islands,FRO,2011,7177.78
Faroe Islands,FRO,2012,2562.6
Faroe Islands,FRO,2013,4458.52
Faroe Islands,FRO,2014,1806.26
Faroe Islands,FRO,2015,3418.67
Faroe Islands,FRO,2016,6315.55
Faroe Islands,FRO,2017,17038.07
Faroe Islands,FRO,2018,12108.4
Faroe Islands,FRO,2019,97.12
Faroe Islands,FRO,2020,97.16
Faroe Islands,FRO,2021,97.83
Faroe Islands,FRO,2022,97.83
Faroe Islands,FRO,2023,97.83
Fiji,FJI,1961,9.65
Fiji,FJI,1962,22.08
Fiji,FJI,1963,26.81
Fiji,FJI,1964,41.66
Fiji,FJI,1965,33.33
Fiji,FJI,1966,28.33
Fiji,FJI,1967,28.62
Fiji,FJI,1968,33.43
Fiji,FJI,1969,33.21
Fiji,FJI,1970,33.47
Fiji,FJI,1971,42.46
Fiji,FJI,1972,49.87
Fiji,FJI,1973,45.32
Fiji,FJI,1974,61.01
Fiji,FJI,1975,46.45
Fiji,FJI,1976,56.25
Fiji,FJI,1977,60
Fiji,FJI,1978,52.94
Fiji,FJI,1979,71.18
Fiji,FJI,1980,63.53
Fiji,FJI,1981,73.14
Fiji,FJI,1982,57.22
Fiji,FJI,1983,40.54
Fiji,FJI,1984,53.16
Fiji,FJI,1985,39
Fiji,FJI,1986,56.5
Fiji,FJI,1987,50.48
Fiji,FJI,1988,45.91
Fiji,FJI,1989,57.39
Fiji,FJI,1990,50
Fiji,FJI,1991,39.84
Fiji,FJI,1992,34.67
Fiji,FJI,1993,37.59
Fiji,FJI,1994,38.53
Fiji,FJI,1995,43.9
Fiji,FJI,1996,45.05
Fiji,FJI,1997,47.18
Fiji,FJI,1998,42.3
Fiji,FJI,1999,31.28
Fiji,FJI,2000,12.58
Fiji,FJI,2001,25.91
Fiji,FJI,2002,50.09
Fiji,FJI,2003,17.52
Fiji,FJI,2004,43.62
Fiji,FJI,2005,38.83
Fiji,FJI,2006,25.73
Fiji,FJI,2007,25.44
Fiji,FJI,2008,44.34
Fiji,FJI,2009,18.71
Fiji,FJI,2010,16.67
Fiji,FJI,2011,24.3
Fiji,FJI,2012,27.39
Fiji,FJI,2013,25.75
Fiji,FJI,2014,19.46
Fiji,FJI,2015,40.85
Fiji,FJI,2016,29.74
Fiji,FJI,2017,35.87
Fiji,FJI,2018,21.37
Fiji,FJI,2019,30.43
Fiji,FJI,2020,40.3
Fiji,FJI,2021,21.82
Fiji,FJI,2022,23.44
Fiji,FJI,2023,33.6
Finland,FIN,1961,15.52
Finland,FIN,1962,16.19
Finland,FIN,1963,20.13
Finland,FIN,1964,23.96
Finland,FIN,1965,26.96
Finland,FIN,1966,26.37
Finland,FIN,1967,27.35
Finland,FIN,1968,29.47
Finland,FIN,1969,42.86
Finland,FIN,1970,46.06
Finland,FIN,1971,49.92
Finland,FIN,1972,50.98
Finland,FIN,1973,59.41
Finland,FIN,1974,64.77
Finland,FIN,1975,56.86
Finland,FIN,1976,45.85
Finland,FIN,1977,48.69
Finland,FIN,1978,53.2
Finland,FIN,1979,57.2
Finland,FIN,1980,58.12
Finland,FIN,1981,54.55
Finland,FIN,1982,64.95
Finland,FIN,1983,61.94
Finland,FIN,1984,59.86
Finland,FIN,1985,62.17
Finland,FIN,1986,65.72
Finland,FIN,1987,65.85
Finland,FIN,1988,65.76
Finland,FIN,1989,71.57
Finland,FIN,1990,63.62
Finland,FIN,1991,50.62
Finland,FIN,1992,53.27
Finland,FIN,1993,52.55
Finland,FIN,1994,55.65
Finland,FIN,1995,59.7
Finland,FIN,1996,57.29
Finland,FIN,1997,58.2
Finland,FIN,1998,56.44
Finland,FIN,1999,56.5
Finland,FIN,2000,53.33
Finland,FIN,2001,52.57
Finland,FIN,2002,50.83
Finland,FIN,2003,50.27
Finland,FIN,2004,48.67
Finland,FIN,2005,46.72
Finland,FIN,2006,45.79
Finland,FIN,2007,46.07
Finland,FIN,2008,50.38
Finland,FIN,2009,42.08
Finland,FIN,2010,48.5
Finland,FIN,2011,43.13
Finland,FIN,2012,43.15
Finland,FIN,2013,43.41
Finland,FIN,2014,46.18
Finland,FIN,2015,44.73
Finland,FIN,2016,42.99
Finland,FIN,2017,43.32
Finland,FIN,2018,43.09
Finland,FIN,2019,45.67
Finland,FIN,2020,43.38
Finland,FIN,2021,45.42
Finland,FIN,2022,33.67
Finland,FIN,2023,43.78
France,FRA,1961,26.27
France,FRA,1962,28.82
France,FRA,1963,33.5
France,FRA,1964,37.18
France,FRA,1965,38.14
France,FRA,1966,44.08
France,FRA,1967,51.46
France,FRA,1968,57.96
France,FRA,1969,57.99
France,FRA,1970,68.48
France,FRA,1971,73.43
France,FRA,1972,76.71
France,FRA,1973,88.22
France,FRA,1974,74.09
France,FRA,1975,81.09
France,FRA,1976,87.18
France,FRA,1977,87.52
France,FRA,1978,93.82
France,FRA,1979,101.54
France,FRA,1980,102.37
France,FRA,1981,104.34
France,FRA,1982,103.9
France,FRA,1983,109.74
France,FRA,1984,109.86
France,FRA,1985,112.63
France,FRA,1986,119.76
France,FRA,1987,118.27
France,FRA,1988,123.06
France,FRA,1989,126.48
France,FRA,1990,118.08
France,FRA,1991,121.45
France,FRA,1992,101.76
France,FRA,1993,104
France,FRA,1994,107.73
France,FRA,1995,111.25
France,FRA,1996,117.28
France,FRA,1997,116.46
France,FRA,1998,115.06
France,FRA,1999,118.7
France,FRA,2000,106.93
France,FRA,2001,110.74
France,FRA,2002,101.69
France,FRA,2003,109.8
France,FRA,2004,107.38
France,FRA,2005,101.83
France,FRA,2006,102.09
France,FRA,2007,111.67
France,FRA,2008,97.78
France,FRA,2009,88.72
France,FRA,2010,95.21
France,FRA,2011,90.76
France,FRA,2012,94.5
France,FRA,2013,101.11
France,FRA,2014,100.55
France,FRA,2015,103.56
France,FRA,2016,101.95
France,FRA,2017,108.54
France,FRA,2018,102.07
France,FRA,2019,96.05
France,FRA,2020,104.38
France,FRA,2021,98.93
France,FRA,2022,86.57
France,FRA,2023,87.04
French Guiana,GUF,1978,25.25
French Guiana,GUF,1979,25
French Guiana,GUF,1980,25
French Guiana,GUF,1981,50.5
French Guiana,GUF,1982,45
French Guiana,GUF,1983,76.4
French Guiana,GUF,1984,80
French Guiana,GUF,1985,75.6
French Guiana,GUF,1986,85.83
French Guiana,GUF,1987,83.33
French Guiana,GUF,1988,66.75
French Guiana,GUF,1989,27.27
French Guiana,GUF,1990,58.33
French Guiana,GUF,1991,75
French Guiana,GUF,1992,50
French Guiana,GUF,1993,46.15
French Guiana,GUF,1994,76.92
French Guiana,GUF,1995,76.92
French Guiana,GUF,1996,76.92
French Guiana,GUF,1997,76.92
French Guiana,GUF,1998,30.77
French Guiana,GUF,1999,33.33
French Guiana,GUF,2000,25
French Guiana,GUF,2001,25
French Guiana,GUF,2002,30.95
French Guiana,GUF,2003,34.77
French Guiana,GUF,2004,37.79
French Guiana,GUF,2005,31.43
French Guiana,GUF,2006,33.27
French Guiana,GUF,2007,40.58
French Guiana,GUF,2008,37.67
French Guiana,GUF,2009,32.75
French Guiana,GUF,2010,39.87
French Guiana,GUF,2011,45.68
French Guiana,GUF,2012,41.98
French Guiana,GUF,2013,46.07
French Guiana,GUF,2014,49.62
French Guiana,GUF,2015,40.25
French Guiana,GUF,2016,43.73
French Guiana,GUF,2017,51.21
French Guiana,GUF,2018,51.16
French Guiana,GUF,2019,53.96
French Guiana,GUF,2020,61.45
French Guiana,GUF,2021,68.24
French Guiana,GUF,2022,66.95
French Guiana,GUF,2023,64.53
French Polynesia,PYF,1974,2.08
French Polynesia,PYF,1975,4.17
French Polynesia,PYF,1976,8.08
French Polynesia,PYF,1977,8.58
French Polynesia,PYF,1978,13.21
French Polynesia,PYF,1979,10.63
French Polynesia,PYF,1980,10.75
French Polynesia,PYF,1981,11.5
French Polynesia,PYF,1982,14.29
French Polynesia,PYF,1983,16.42
French Polynesia,PYF,1984,33.33
French Polynesia,PYF,1985,16.67
French Polynesia,PYF,1986,12.5
French Polynesia,PYF,1987,13.04
French Polynesia,PYF,1988,13.04
French Polynesia,PYF,1989,13.04
French Polynesia,PYF,1990,13.04
French Polynesia,PYF,1991,13.04
French Polynesia,PYF,1992,17.39
French Polynesia,PYF,1993,17.39
French Polynesia,PYF,1994,17.39
French Polynesia,PYF,1995,17.39
French Polynesia,PYF,1996,17.39
French Polynesia,PYF,1997,17.39
French Polynesia,PYF,1998,17.39
French Polynesia,PYF,1999,21.48
French Polynesia,PYF,2000,21.74
French Polynesia,PYF,2001,16.57
French Polynesia,PYF,2002,15.52
French Polynesia,PYF,2003,13.4
French Polynesia,PYF,2004,15.32
French Polynesia,PYF,2005,11.72
French Polynesia,PYF,2006,12.8
French Polynesia,PYF,2007,13.32
French Polynesia,PYF,2008,18.16
French Polynesia,PYF,2009,11.02
French Polynesia,PYF,2010,14.65
French Polynesia,PYF,2011,13.69
French Polynesia,PYF,2012,9.72
French Polynesia,PYF,2013,9.68
French Polynesia,PYF,2014,8.91
French Polynesia,PYF,2015,13.46
French Polynesia,PYF,2016,10.04
French Polynesia,PYF,2017,14.24
French Polynesia,PYF,2018,8.61
French Polynesia,PYF,2019,13.85
French Polynesia,PYF,2020,10.84
French Polynesia,PYF,2021,13.51
French Polynesia,PYF,2022,10.21
French Polynesia,PYF,2023,6.96
Gabon,GAB,1972,0.15
Gabon,GAB,1973,0.06
Gabon,GAB,1974,0.09
Gabon,GAB,1975,0.81
Gabon,GAB,1976,0.93
Gabon,GAB,1977,0.23
Gabon,GAB,1978,0.22
Gabon,GAB,1979,0.2
Gabon,GAB,1980,0.22
Gabon,GAB,1981,1.75
Gabon,GAB,1982,0.44
Gabon,GAB,1983,1.31
Gabon,GAB,1984,1.08
Gabon,GAB,1985,1.08
Gabon,GAB,1986,2.35
Gabon,GAB,1987,1.74
Gabon,GAB,1988,0.7
Gabon,GAB,1989,0.85
Gabon,GAB,1990,0.29
Gabon,GAB,1991,0.42
Gabon,GAB,1992,0.21
Gabon,GAB,1993,0.21
Gabon,GAB,1994,0.21
Gabon,GAB,1995,0.2
Gabon,GAB,1996,0.2
Gabon,GAB,1997,0.2
Gabon,GAB,1998,0.2
Gabon,GAB,1999,0.2
Gabon,GAB,2000,0.2
Gabon,GAB,2001,0.2
Gabon,GAB,2002,1.12
Gabon,GAB,2003,0.38
Gabon,GAB,2004,1.37
Gabon,GAB,2005,1.17
Gabon,GAB,2006,1.61
Gabon,GAB,2007,1.8
Gabon,GAB,2008,1.66
Gabon,GAB,2009,1.78
Gabon,GAB,2010,1.2
Gabon,GAB,2011,0.77
Gabon,GAB,2012,2.63
Gabon,GAB,2013,2.58
Gabon,GAB,2014,3.74
Gabon,GAB,2015,8.93
Gabon,GAB,2016,7.4
Gabon,GAB,2017,15.65
Gabon,GAB,2018,12.72
Gabon,GAB,2019,11.74
Gabon,GAB,2020,5.43
Gabon,GAB,2021,7.47
Gabon,GAB,2022,12.57
Gabon,GAB,2023,11.19
Gambia,GMB,1964,0.06
Gambia,GMB,1965,0.12
Gambia,GMB,1966,0.42
Gambia,GMB,1967,0.38
Gambia,GMB,1968,0.26
Gambia,GMB,1969,0.71
Gambia,GMB,1970,1.13
Gambia,GMB,1971,2.19
Gambia,GMB,1972,2.58
Gambia,GMB,1973,2.05
Gambia,GMB,1974,2.3
Gambia,GMB,1975,0.98
Gambia,GMB,1976,1.2
Gambia,GMB,1977,2.84
Gambia,GMB,1978,5.8
Gambia,GMB,1979,8.63
Gambia,GMB,1980,3.93
Gambia,GMB,1981,1.72
Gambia,GMB,1982,3.68
Gambia,GMB,1983,5.88
Gambia,GMB,1984,5.78
Gambia,GMB,1985,17.34
Gambia,GMB,1986,16.48
Gambia,GMB,1987,4.23
Gambia,GMB,1988,1.52
Gambia,GMB,1989,3.54
Gambia,GMB,1990,1.04
Gambia,GMB,1991,1.49
Gambia,GMB,1992,1.2
Gambia,GMB,1993,1.2
Gambia,GMB,1994,1.08
Gambia,GMB,1995,1.81
Gambia,GMB,1996,1.05
Gambia,GMB,1997,1.43
Gambia,GMB,1998,10.45
Gambia,GMB,1999,4.35
Gambia,GMB,2000,2.51
Gambia,GMB,2001,2.41
Gambia,GMB,2003,6.46
Gambia,GMB,2004,4.32
Gambia,GMB,2005,5.8
Gambia,GMB,2006,5.59
Gambia,GMB,2007,4.92
Gambia,GMB,2008,2.2
Gambia,GMB,2009,3.14
Gambia,GMB,2010,3.91
Gambia,GMB,2011,5.75
Gambia,GMB,2012,0.99
Gambia,GMB,2013,0.12
Gambia,GMB,2014,0.06
Gambia,GMB,2015,0.31
Gambia,GMB,2016,0.28
Gambia,GMB,2017,0.08
Gambia,GMB,2018,4.49
Gambia,GMB,2019,1.5
Gambia,GMB,2020,0.05
Gambia,GMB,2021,1.06
Gambia,GMB,2022,1.06
Gambia,GMB,2023,12.29
Georgia,GEO,1992,54.92
Georgia,GEO,1993,43.35
Georgia,GEO,1994,23.07
Georgia,GEO,1995,24.12
Georgia,GEO,1996,25.52
Georgia,GEO,1997,29.63
Georgia,GEO,1998,28.25
Georgia,GEO,1999,37.74
Georgia,GEO,2000,37.66
Georgia,GEO,2001,24.46
Georgia,GEO,2002,20.11
Georgia,GEO,2003,10.44
Georgia,GEO,2004,25.54
Georgia,GEO,2005,41.58
Georgia,GEO,2006,37.04
Georgia,GEO,2007,31.98
Georgia,GEO,2008,30.27
Georgia,GEO,2009,35.22
Georgia,GEO,2010,32.77
Georgia,GEO,2011,29.38
Georgia,GEO,2012,35.59
Georgia,GEO,2013,41.42
Georgia,GEO,2014,37.25
Georgia,GEO,2015,36.34
Georgia,GEO,2016,39.81
Georgia,GEO,2017,32.23
Georgia,GEO,2018,34.29
Georgia,GEO,2019,29.7
Georgia,GEO,2020,100.94
Georgia,GEO,2021,99.34
Georgia,GEO,2022,95.74
Georgia,GEO,2023,97.24
Germany,DEU,1961,55.14
Germany,DEU,1962,64.99
Germany,DEU,1963,65.42
Germany,DEU,1964,70.96
Germany,DEU,1965,81.46
Germany,DEU,1966,83.63
Germany,DEU,1967,85.84
Germany,DEU,1968,92.34
Germany,DEU,1969,100.78
Germany,DEU,1970,106.01
Germany,DEU,1971,110.15
Germany,DEU,1972,118.73
Germany,DEU,1973,113.55
Germany,DEU,1974,120.02
Germany,DEU,1975,121.9
Germany,DEU,1976,132.32
Germany,DEU,1977,133.47
Germany,DEU,1978,136.01
Germany,DEU,1979,141.75
Germany,DEU,1980,147.01
Germany,DEU,1981,132.68
Germany,DEU,1982,139.38
Germany,DEU,1983,133.12
Germany,DEU,1984,138.32
Germany,DEU,1985,147.16
Germany,DEU,1986,147.33
Germany,DEU,1987,153.37
Germany,DEU,1988,155.8
Germany,DEU,1989,145.46
Germany,DEU,1990,115.18
Germany,DEU,1991,116.54
Germany,DEU,1992,114.79
Germany,DEU,1993,108.28
Germany,DEU,1994,118.8
Germany,DEU,1995,117.4
Germany,DEU,1996,116.58
Germany,DEU,1997,118.63
Germany,DEU,1998,125.75
Germany,DEU,1999,133.84
Germany,DEU,2000,122.96
Germany,DEU,2001,119.27
Germany,DEU,2002,119.22
Germany,DEU,2003,121.52
Germany,DEU,2004,117.58
Germany,DEU,2005,118
Germany,DEU,2006,106.09
Germany,DEU,2007,119.73
Germany,DEU,2008,102.25
Germany,DEU,2009,103.35
Germany,DEU,2010,118.65
Germany,DEU,2011,108.68
Germany,DEU,2012,109.61
Germany,DEU,2013,110.98
Germany,DEU,2014,120.79
Germany,DEU,2015,113.56
Germany,DEU,2016,110.93
Germany,DEU,2017,100.02
Germany,DEU,2018,90.01
Germany,DEU,2019,92.14
Germany,DEU,2020,85.35
Germany,DEU,2021,73.98
Germany,DEU,2022,67.95
Germany,DEU,2023,69.95
Ghana,GHA,1961,0.05
Ghana,GHA,1962,0.22
Ghana,GHA,1963,0.24
Ghana,GHA,1964,0.05
Ghana,GHA,1965,0.06
Ghana,GHA,1966,0.09
Ghana,GHA,1967,0.16
Ghana,GHA,1968,0.13
Ghana,GHA,1969,0.11
Ghana,GHA,1970,0.42
Ghana,GHA,1971,0.34
Ghana,GHA,1972,0.78
Ghana,GHA,1973,0.89
Ghana,GHA,1974,1.15
Ghana,GHA,1975,3.24
Ghana,GHA,1976,3.53
Ghana,GHA,1977,2.97
Ghana,GHA,1978,3.03
Ghana,GHA,1979,2.4
Ghana,GHA,1980,1.43
Ghana,GHA,1981,3.71
Ghana,GHA,1982,3.39
Ghana,GHA,1983,2.99
Ghana,GHA,1984,1.29
Ghana,GHA,1985,1.26
Ghana,GHA,1986,1.04
Ghana,GHA,1987,1.27
Ghana,GHA,1988,1.7
Ghana,GHA,1989,1.4
Ghana,GHA,1990,1.89
Ghana,GHA,1991,1.62
Ghana,GHA,1992,1.62
Ghana,GHA,1993,1.18
Ghana,GHA,1994,0.6
Ghana,GHA,1995,0.68
Ghana,GHA,1996,1.47
Ghana,GHA,1997,1.64
Ghana,GHA,1998,1.35
Ghana,GHA,1999,1.46
Ghana,GHA,2000,1.26
Ghana,GHA,2001,2.5
Ghana,GHA,2002,0.75
Ghana,GHA,2003,1.46
Ghana,GHA,2004,0.96
Ghana,GHA,2005,1.84
Ghana,GHA,2006,4.92
Ghana,GHA,2007,4.17
Ghana,GHA,2008,2.91
Ghana,GHA,2009,3.3
Ghana,GHA,2010,3.82
Ghana,GHA,2011,1.63
Ghana,GHA,2012,6.33
Ghana,GHA,2013,6.69
Ghana,GHA,2014,5.56
Ghana,GHA,2015,6.17
Ghana,GHA,2016,6.09
Ghana,GHA,2017,11.48
Ghana,GHA,2018,9.01
Ghana,GHA,2019,10.44
Ghana,GHA,2020,10.9
Ghana,GHA,2021,10.36
Ghana,GHA,2022,10.48
Ghana,GHA,2023,10.64
Greece,GRC,1961,22.53
Greece,GRC,1962,26.11
Greece,GRC,1963,29.76
Greece,GRC,1964,34.06
Greece,GRC,1965,34.75
Greece,GRC,1966,37.68
Greece,GRC,1967,40.47
Greece,GRC,1968,46.65
Greece,GRC,1969,48.7
Greece,GRC,1970,51.31
Greece,GRC,1971,52.61
Greece,GRC,1972,54.34
Greece,GRC,1973,62.75
Greece,GRC,1974,64.64
Greece,GRC,1975,71.14
Greece,GRC,1976,75.43
Greece,GRC,1977,76.23
Greece,GRC,1978,87.04
Greece,GRC,1979,90.7
Greece,GRC,1980,84.92
Greece,GRC,1981,94.48
Greece,GRC,1982,97.14
Greece,GRC,1983,106.44
Greece,GRC,1984,107.89
Greece,GRC,1985,116.65
Greece,GRC,1986,109.96
Greece,GRC,1987,99.13
Greece,GRC,1988,105.91
Greece,GRC,1989,102.07
Greece,GRC,1990,107.76
Greece,GRC,1991,103.55
Greece,GRC,1992,99.7
Greece,GRC,1993,83.67
Greece,GRC,1994,88.27
Greece,GRC,1995,80.69
Greece,GRC,1996,87.2
Greece,GRC,1997,79.02
Greece,GRC,1998,75.22
Greece,GRC,1999,75.19
Greece,GRC,2000,73.95
Greece,GRC,2001,67.76
Greece,GRC,2002,65.78
Greece,GRC,2003,64.26
Greece,GRC,2004,67.8
Greece,GRC,2005,59.34
Greece,GRC,2006,56.42
Greece,GRC,2007,63.77
Greece,GRC,2008,54.41
Greece,GRC,2009,47.48
Greece,GRC,2010,57.51
Greece,GRC,2011,49.03
Greece,GRC,2012,47.73
Greece,GRC,2013,52.07
Greece,GRC,2014,54.04
Greece,GRC,2015,50.11
Greece,GRC,2016,53.2
Greece,GRC,2017,56.34
Greece,GRC,2018,55.61
Greece,GRC,2019,58.99
Greece,GRC,2020,72.19
Greece,GRC,2021,73.45
Greece,GRC,2022,57.81
Greece,GRC,2023,60.24
Grenada,GRD,2002,21.48
Grenada,GRD,2003,11.46
Grenada,GRD,2004,14.57
Grenada,GRD,2005,11.51
Grenada,GRD,2006,15.74
Grenada,GRD,2007,13.44
Grenada,GRD,2008,13.75
Grenada,GRD,2009,10.45
Grenada,GRD,2010,18.03
Grenada,GRD,2011,16.71
Grenada,GRD,2012,17.49
Grenada,GRD,2013,18.97
Grenada,GRD,2014,22.05
Grenada,GRD,2015,21.1
Grenada,GRD,2016,19.6
Grenada,GRD,2017,21.64
Grenada,GRD,2018,28.55
Grenada,GRD,2019,28.16
Grenada,GRD,2020,27.12
Grenada,GRD,2021,23.66
Grenada,GRD,2022,19.58
Grenada,GRD,2023,19.58
Guadeloupe,GLP,1961,45.45
Guadeloupe,GLP,1962,45.45
Guadeloupe,GLP,1963,45.45
Guadeloupe,GLP,1964,45.45
Guadeloupe,GLP,1965,45.45
Guadeloupe,GLP,1966,45.45
Guadeloupe,GLP,1967,45.45
Guadeloupe,GLP,1968,43.18
Guadeloupe,GLP,1969,40.91
Guadeloupe,GLP,1970,43.48
Guadeloupe,GLP,1971,78.26
Guadeloupe,GLP,1972,78.26
Guadeloupe,GLP,1973,90.91
Guadeloupe,GLP,1974,65.79
Guadeloupe,GLP,1975,87.18
Guadeloupe,GLP,1976,85.97
Guadeloupe,GLP,1977,89.74
Guadeloupe,GLP,1978,102.69
Guadeloupe,GLP,1979,57.47
Guadeloupe,GLP,1980,56
Guadeloupe,GLP,1981,88.08
Guadeloupe,GLP,1982,67.76
Guadeloupe,GLP,1983,98
Guadeloupe,GLP,1984,91.44
Guadeloupe,GLP,1985,114.06
Guadeloupe,GLP,1986,117.1
Guadeloupe,GLP,1987,76.67
Guadeloupe,GLP,1988,141.55
Guadeloupe,GLP,1989,125.81
Guadeloupe,GLP,1990,106.9
Guadeloupe,GLP,1991,113.33
Guadeloupe,GLP,1992,133.33
Guadeloupe,GLP,1993,33.33
Guadeloupe,GLP,1994,35.71
Guadeloupe,GLP,1995,35.71
Guadeloupe,GLP,1996,60
Guadeloupe,GLP,1997,60
Guadeloupe,GLP,1998,234.38
Guadeloupe,GLP,1999,272
Guadeloupe,GLP,2000,280
Guadeloupe,GLP,2001,280
Guadeloupe,GLP,2002,21.48
Guadeloupe,GLP,2003,0
Guadeloupe,GLP,2004,0
Guadeloupe,GLP,2005,0
Guadeloupe,GLP,2006,0
Guadeloupe,GLP,2007,0
Guadeloupe,GLP,2008,0
Guadeloupe,GLP,2009,0
Guadeloupe,GLP,2010,0
Guadeloupe,GLP,2011,0
Guadeloupe,GLP,2012,0
Guadeloupe,GLP,2013,0
Guadeloupe,GLP,2014,0
Guadeloupe,GLP,2015,0
Guadeloupe,GLP,2016,0
Guadeloupe,GLP,2017,0
Guadeloupe,GLP,2018,0
Guadeloupe,GLP,2019,0
Guadeloupe,GLP,2020,0
Guadeloupe,GLP,2021,0
Guadeloupe,GLP,2022,0
Guadeloupe,GLP,2023,0
Guatemala,GTM,1961,5.88
Guatemala,GTM,1962,5.79
Guatemala,GTM,1963,7.43
Guatemala,GTM,1964,5.87
Guatemala,GTM,1965,4.73
Guatemala,GTM,1966,12.61
Guatemala,GTM,1967,8.72
Guatemala,GTM,1968,15.19
Guatemala,GTM,1969,12.5
Guatemala,GTM,1970,18.63
Guatemala,GTM,1971,8.5
Guatemala,GTM,1972,14.92
Guatemala,GTM,1973,19.84
Guatemala,GTM,1974,22.57
Guatemala,GTM,1975,21.43
Guatemala,GTM,1976,29.9
Guatemala,GTM,1977,30.18
Guatemala,GTM,1978,30.14
Guatemala,GTM,1979,33.72
Guatemala,GTM,1980,29.66
Guatemala,GTM,1981,26.75
Guatemala,GTM,1982,32.9
Guatemala,GTM,1983,23.36
Guatemala,GTM,1984,31.09
Guatemala,GTM,1985,33.61
Guatemala,GTM,1986,44.82
Guatemala,GTM,1987,46.95
Guatemala,GTM,1988,34.51
Guatemala,GTM,1989,46.72
Guatemala,GTM,1990,44.82
Guatemala,GTM,1991,55.01
Guatemala,GTM,1992,56.02
Guatemala,GTM,1993,56.91
Guatemala,GTM,1994,58.64
Guatemala,GTM,1995,60.21
Guatemala,GTM,1996,57.59
Guatemala,GTM,1997,59.12
Guatemala,GTM,1998,48.17
Guatemala,GTM,1999,56.61
Guatemala,GTM,2000,54.52
Guatemala,GTM,2001,48.38
Guatemala,GTM,2002,34.06
Guatemala,GTM,2003,46.05
Guatemala,GTM,2004,59.24
Guatemala,GTM,2005,58.65
Guatemala,GTM,2006,61.85
Guatemala,GTM,2007,53.08
Guatemala,GTM,2008,34.99
Guatemala,GTM,2009,48.4
Guatemala,GTM,2010,57.54
Guatemala,GTM,2011,73.38
Guatemala,GTM,2012,76.07
Guatemala,GTM,2013,75.43
Guatemala,GTM,2014,65.62
Guatemala,GTM,2015,67.91
Guatemala,GTM,2016,62.65
Guatemala,GTM,2017,64.83
Guatemala,GTM,2018,70.26
Guatemala,GTM,2019,62.32
Guatemala,GTM,2020,77.23
Guatemala,GTM,2021,69.33
Guatemala,GTM,2022,54.45
Guatemala,GTM,2023,65.95
Guinea,GIN,1961,0.16
Guinea,GIN,1962,0.16
Guinea,GIN,1963,0.16
Guinea,GIN,1964,0.25
Guinea,GIN,1965,0.16
Guinea,GIN,1966,0.32
Guinea,GIN,1967,0.32
Guinea,GIN,1968,0.32
Guinea,GIN,1969,0.32
Guinea,GIN,1970,0.48
Guinea,GIN,1971,0.51
Guinea,GIN,1972,0.54
Guinea,GIN,1973,0.25
Guinea,GIN,1974,0.21
Guinea,GIN,1975,0.19
Guinea,GIN,1976,0.19
Guinea,GIN,1977,0.06
Guinea,GIN,1978,0.06
Guinea,GIN,1979,0.35
Guinea,GIN,1980,0.01
Guinea,GIN,1981,0.14
Guinea,GIN,1982,0.19
Guinea,GIN,1984,0.03
Guinea,GIN,1985,0.05
Guinea,GIN,1986,0.09
Guinea,GIN,1987,0.09
Guinea,GIN,1988,0.08
Guinea,GIN,1989,0.12
Guinea,GIN,1990,0.22
Guinea,GIN,1991,0.42
Guinea,GIN,1992,0.08
Guinea,GIN,1993,0.32
Guinea,GIN,1994,0.69
Guinea,GIN,1995,0.84
Guinea,GIN,1996,0.73
Guinea,GIN,1997,0.2
Guinea,GIN,1998,0.33
Guinea,GIN,1999,0.3
Guinea,GIN,2000,0.3
Guinea,GIN,2001,0.3
Guinea,GIN,2002,0.53
Guinea,GIN,2003,0.49
Guinea,GIN,2004,0.49
Guinea,GIN,2005,0.57
Guinea,GIN,2006,0.56
Guinea,GIN,2007,0.88
Guinea,GIN,2008,0.74
Guinea,GIN,2009,0.34
Guinea,GIN,2010,0.58
Guinea,GIN,2011,1.16
Guinea,GIN,2012,1.11
Guinea,GIN,2013,0.55
Guinea,GIN,2014,0.55
Guinea,GIN,2015,0.44
Guinea,GIN,2016,0.4
Guinea,GIN,2017,2.24
Guinea,GIN,2018,1.18
Guinea,GIN,2019,1.18
Guinea,GIN,2020,1.12
Guinea,GIN,2021,1.06
Guinea,GIN,2022,2.56
Guinea,GIN,2023,2.34
Guinea-Bissau,GNB,1973,0.34
Guinea-Bissau,GNB,1974,1.06
Guinea-Bissau,GNB,1975,0.34
Guinea-Bissau,GNB,1976,0.34
Guinea-Bissau,GNB,1978,1.67
Guinea-Bissau,GNB,1979,0.22
Guinea-Bissau,GNB,1980,0.27
Guinea-Bissau,GNB,1981,3.87
Guinea-Bissau,GNB,1982,0.62
Guinea-Bissau,GNB,1983,0.9
Guinea-Bissau,GNB,1987,0.85
Guinea-Bissau,GNB,1988,0.52
Guinea-Bissau,GNB,1989,1.08
Guinea-Bissau,GNB,1990,0.59
Guinea-Bissau,GNB,1991,0.56
Guinea-Bissau,GNB,1992,0.21
Guinea-Bissau,GNB,1993,0.26
Guinea-Bissau,GNB,1994,0.25
Guinea-Bissau,GNB,1995,0.25
Guinea-Bissau,GNB,1996,0.24
Guinea-Bissau,GNB,1997,0.22
Guinea-Bissau,GNB,1998,0.44
Guinea-Bissau,GNB,1999,0.39
Guinea-Bissau,GNB,2000,1.82
Guinea-Bissau,GNB,2001,1.82
Guinea-Bissau,GNB,2002,3.08
Guinea-Bissau,GNB,2003,3.2
Guinea-Bissau,GNB,2004,2.84
Guinea-Bissau,GNB,2005,3.61
Guinea-Bissau,GNB,2006,3.84
Guinea-Bissau,GNB,2007,1.96
Guinea-Bissau,GNB,2008,2.72
Guinea-Bissau,GNB,2009,2.7
Guinea-Bissau,GNB,2010,4.87
Guinea-Bissau,GNB,2011,3.01
Guinea-Bissau,GNB,2012,4.18
Guinea-Bissau,GNB,2013,4.98
Guinea-Bissau,GNB,2014,4.89
Guinea-Bissau,GNB,2015,4.14
Guinea-Bissau,GNB,2016,5.85
Guinea-Bissau,GNB,2017,7.2
Guinea-Bissau,GNB,2018,7.22
Guinea-Bissau,GNB,2019,7.4
Guinea-Bissau,GNB,2020,8.37
Guinea-Bissau,GNB,2021,6.12
Guinea-Bissau,GNB,2022,4.22
Guinea-Bissau,GNB,2023,4.17
Guyana,GUY,1961,43.53
Guyana,GUY,1962,47.97
Guyana,GUY,1963,48.78
Guyana,GUY,1964,42.98
Guyana,GUY,1965,57.41
Guyana,GUY,1966,47.52
Guyana,GUY,1967,58.98
Guyana,GUY,1968,52.44
Guyana,GUY,1969,63.24
Guyana,GUY,1970,60.94
Guyana,GUY,1971,68.79
Guyana,GUY,1972,84.29
Guyana,GUY,1973,83.97
Guyana,GUY,1974,101.56
Guyana,GUY,1975,69.85
Guyana,GUY,1976,54.68
Guyana,GUY,1977,45.95
Guyana,GUY,1978,105.83
Guyana,GUY,1979,59.12
Guyana,GUY,1980,38.63
Guyana,GUY,1981,84.5
Guyana,GUY,1982,83.24
Guyana,GUY,1983,86.73
Guyana,GUY,1984,85.51
Guyana,GUY,1985,64.52
Guyana,GUY,1986,107.92
Guyana,GUY,1987,69.4
Guyana,GUY,1988,91.95
Guyana,GUY,1989,102.32
Guyana,GUY,1990,68.22
Guyana,GUY,1991,110.85
Guyana,GUY,1992,89.53
Guyana,GUY,1993,85.27
Guyana,GUY,1994,69.07
Guyana,GUY,1995,100.61
Guyana,GUY,1996,90.63
Guyana,GUY,1997,116.18
Guyana,GUY,1998,114.74
Guyana,GUY,1999,129.12
Guyana,GUY,2000,88.53
Guyana,GUY,2001,90.85
Guyana,GUY,2002,110.02
Guyana,GUY,2003,77.49
Guyana,GUY,2004,153.47
Guyana,GUY,2005,49.44
Guyana,GUY,2006,66.4
Guyana,GUY,2007,50.91
Guyana,GUY,2008,146.1
Guyana,GUY,2009,53.63
Guyana,GUY,2010,113.09
Guyana,GUY,2011,50.98
Guyana,GUY,2012,90.5
Guyana,GUY,2013,132.76
Guyana,GUY,2014,114.28
Guyana,GUY,2015,154.2
Guyana,GUY,2016,88.92
Guyana,GUY,2017,63.93
Guyana,GUY,2018,158.23
Guyana,GUY,2019,171
Guyana,GUY,2020,139.78
Guyana,GUY,2021,160.31
Guyana,GUY,2022,105.95
Guyana,GUY,2023,108.43
Haiti,HTI,1961,0.09
Haiti,HTI,1962,0.09
Haiti,HTI,1963,0.09
Haiti,HTI,1964,0.09
Haiti,HTI,1965,0.08
Haiti,HTI,1966,0.13
Haiti,HTI,1967,0.13
Haiti,HTI,1968,0.13
Haiti,HTI,1969,0.15
Haiti,HTI,1970,0.18
Haiti,HTI,1971,0.17
Haiti,HTI,1972,0.62
Haiti,HTI,1973,0.65
Haiti,HTI,1974,0.83
Haiti,HTI,1975,1.11
Haiti,HTI,1976,0.09
Haiti,HTI,1977,1.47
Haiti,HTI,1978,1.64
Haiti,HTI,1979,2.1
Haiti,HTI,1980,0.18
Haiti,HTI,1981,2.73
Haiti,HTI,1982,2.36
Haiti,HTI,1983,1.45
Haiti,HTI,1984,1.82
Haiti,HTI,1985,1.45
Haiti,HTI,1986,0.91
Haiti,HTI,1987,1.18
Haiti,HTI,1988,1.27
Haiti,HTI,1989,2.09
Haiti,HTI,1990,0.82
Haiti,HTI,1991,2.45
Haiti,HTI,1992,3.89
Haiti,HTI,1993,3.7
Haiti,HTI,1994,3.64
Haiti,HTI,1995,4.91
Haiti,HTI,1996,3.64
Haiti,HTI,1997,7.11
Haiti,HTI,1998,5.26
Haiti,HTI,1999,4.13
Haiti,HTI,2000,7.38
Haiti,HTI,2001,6.49
Haiti,HTI,2002,5.35
Haiti,HTI,2003,4.3
Haiti,HTI,2004,0.09
Haiti,HTI,2005,1.18
Haiti,HTI,2006,2.31
Haiti,HTI,2007,1.12
Haiti,HTI,2008,4.41
Haiti,HTI,2009,0.05
Haiti,HTI,2010,0.2
Haiti,HTI,2011,1.06
Haiti,HTI,2012,3.67
Haiti,HTI,2013,2.83
Haiti,HTI,2014,5.31
Haiti,HTI,2015,3.27
Haiti,HTI,2016,1.38
Haiti,HTI,2017,4.38
Haiti,HTI,2018,11.74
Haiti,HTI,2019,12.87
Haiti,HTI,2020,1.25
Haiti,HTI,2021,0.31
Haiti,HTI,2022,0.35
Haiti,HTI,2023,0.26
Honduras,HND,1961,3.55
Honduras,HND,1962,4.19
Honduras,HND,1963,4.68
Honduras,HND,1964,4.67
Honduras,HND,1965,5.32
Honduras,HND,1966,6.6
Honduras,HND,1967,5.25
Honduras,HND,1968,6.54
Honduras,HND,1969,8.5
Honduras,HND,1970,9.74
Honduras,HND,1971,10.36
Honduras,HND,1972,8.86
Honduras,HND,1973,8.81
Honduras,HND,1974,5.95
Honduras,HND,1975,6.97
Honduras,HND,1976,6.59
Honduras,HND,1977,8.71
Honduras,HND,1978,5.63
Honduras,HND,1979,5.92
Honduras,HND,1980,9.11
Honduras,HND,1981,7.99
Honduras,HND,1982,7.25
Honduras,HND,1983,10.74
Honduras,HND,1984,12.94
Honduras,HND,1985,7.95
Honduras,HND,1986,6.52
Honduras,HND,1987,9.7
Honduras,HND,1988,12.06
Honduras,HND,1989,11.21
Honduras,HND,1990,6.1
Honduras,HND,1991,10.86
Honduras,HND,1992,11.28
Honduras,HND,1993,16.38
Honduras,HND,1994,6.03
Honduras,HND,1995,37.08
Honduras,HND,1996,25.54
Honduras,HND,1997,44.23
Honduras,HND,1998,50.08
Honduras,HND,1999,59.93
Honduras,HND,2000,95.23
Honduras,HND,2001,77.03
Honduras,HND,2002,23.89
Honduras,HND,2003,29.5
Honduras,HND,2004,18.26
Honduras,HND,2005,28.87
Honduras,HND,2006,45.68
Honduras,HND,2007,43.49
Honduras,HND,2008,38.9
Honduras,HND,2009,33.16
Honduras,HND,2010,37.41
Honduras,HND,2011,55.98
Honduras,HND,2012,48.41
Honduras,HND,2013,47.95
Honduras,HND,2014,47.5
Honduras,HND,2015,48.36
Honduras,HND,2016,61.58
Honduras,HND,2017,69.38
Honduras,HND,2018,77.01
Honduras,HND,2019,54.04
Honduras,HND,2020,80.31
Honduras,HND,2021,64.81
Honduras,HND,2022,64.81
Honduras,HND,2023,64.54
Hong Kong,HKG,2002,183.75
Hong Kong,HKG,2003,183.3
Hong Kong,HKG,2004,190.31
Hong Kong,HKG,2005,192.33
Hong Kong,HKG,2006,195.16
Hong Kong,HKG,2007,199.65
Hong Kong,HKG,2008,200.43
Hong Kong,HKG,2009,203.26
Hong Kong,HKG,2010,208.72
Hong Kong,HKG,2011,214.14
Hong Kong,HKG,2012,218.52
Hong Kong,HKG,2013,220.79
Hong Kong,HKG,2014,223.17
Hong Kong,HKG,2015,222.65
Hong Kong,HKG,2016,221.51
Hong Kong,HKG,2017,216.73
Hong Kong,HKG,2018,208.3
Hong Kong,HKG,2019,198.41
Hong Kong,HKG,2020,191.27
Hong Kong,HKG,2021,186.53
Hong Kong,HKG,2022,181.96
Hong Kong,HKG,2023,181.96
Hungary,HUN,1961,16.89
Hungary,HUN,1962,24.08
Hungary,HUN,1963,23.89
Hungary,HUN,1964,30
Hungary,HUN,1965,31.86
Hungary,HUN,1966,32.84
Hungary,HUN,1967,42.05
Hungary,HUN,1968,54.26
Hungary,HUN,1969,62.08
Hungary,HUN,1970,69.93
Hungary,HUN,1971,70.54
Hungary,HUN,1972,75.8
Hungary,HUN,1973,88.7
Hungary,HUN,1974,100.18
Hungary,HUN,1975,97.51
Hungary,HUN,1976,95.49
Hungary,HUN,1977,107.35
Hungary,HUN,1978,105.81
Hungary,HUN,1979,106.49
Hungary,HUN,1980,100.65
Hungary,HUN,1981,105.87
Hungary,HUN,1982,122.01
Hungary,HUN,1983,118.17
Hungary,HUN,1984,118.34
Hungary,HUN,1985,105.49
Hungary,HUN,1986,112.19
Hungary,HUN,1987,116.06
Hungary,HUN,1988,122.24
Hungary,HUN,1989,108.34
Hungary,HUN,1990,67.82
Hungary,HUN,1991,50.02
Hungary,HUN,1992,29.77
Hungary,HUN,1993,45.3
Hungary,HUN,1994,48.88
Hungary,HUN,1995,49.05
Hungary,HUN,1996,63.25
Hungary,HUN,1997,56.63
Hungary,HUN,1998,55.9
Hungary,HUN,1999,63.62
Hungary,HUN,2000,66.63
Hungary,HUN,2001,69.94
Hungary,HUN,2002,63.31
Hungary,HUN,2003,60.17
Hungary,HUN,2004,60.99
Hungary,HUN,2005,54.1
Hungary,HUN,2006,60.28
Hungary,HUN,2007,66.81
Hungary,HUN,2008,66.3
Hungary,HUN,2009,56.93
Hungary,HUN,2010,59.51
Hungary,HUN,2011,66.28
Hungary,HUN,2012,68.34
Hungary,HUN,2013,76.24
Hungary,HUN,2014,72.56
Hungary,HUN,2015,75.23
Hungary,HUN,2016,89.79
Hungary,HUN,2017,94.35
Hungary,HUN,2018,94.35
Hungary,HUN,2019,92.67
Hungary,HUN,2020,106.39
Hungary,HUN,2021,106.38
Hungary,HUN,2022,75.62
Hungary,HUN,2023,61.83
Iceland,ISL,1961,61.74
Iceland,ISL,1962,74.98
Iceland,ISL,1963,79.51
Iceland,ISL,1964,83.53
Iceland,ISL,1965,84.79
Iceland,ISL,1966,87.8
Iceland,ISL,1967,95.23
Iceland,ISL,1968,100.07
Iceland,ISL,1969,97.88
Iceland,ISL,1970,100.28
Iceland,ISL,1971,109.12
Iceland,ISL,1972,111.41
Iceland,ISL,1973,114.07
Iceland,ISL,1974,108.71
Iceland,ISL,1975,117.15
Iceland,ISL,1976,116.64
Iceland,ISL,1977,116.33
Iceland,ISL,1978,121.38
Iceland,ISL,1979,120.11
Iceland,ISL,1980,111.79
Iceland,ISL,1981,114.3
Iceland,ISL,1982,109.7
Iceland,ISL,1983,110.54
Iceland,ISL,1984,101.07
Iceland,ISL,1985,96.4
Iceland,ISL,1986,94.36
Iceland,ISL,1987,84.3
Iceland,ISL,1988,87.41
Iceland,ISL,1989,89.63
Iceland,ISL,1990,91.91
Iceland,ISL,1991,89.16
Iceland,ISL,1992,79.76
Iceland,ISL,1993,88.89
Iceland,ISL,1994,82.96
Iceland,ISL,1995,74.53
Iceland,ISL,1996,86.51
Iceland,ISL,1997,88.72
Iceland,ISL,1998,96.15
Iceland,ISL,1999,104.65
Iceland,ISL,2000,100.78
Iceland,ISL,2001,69.62
Iceland,ISL,2002,85.93
Iceland,ISL,2003,80.19
Iceland,ISL,2004,76.66
Iceland,ISL,2005,75.78
Iceland,ISL,2006,95.67
Iceland,ISL,2007,110.66
Iceland,ISL,2008,122.57
Iceland,ISL,2009,60.77
Iceland,ISL,2010,61.71
Iceland,ISL,2011,70.95
Iceland,ISL,2012,77.8
Iceland,ISL,2013,71.09
Iceland,ISL,2014,89.05
Iceland,ISL,2015,94
Iceland,ISL,2016,89.51
Iceland,ISL,2017,107.98
Iceland,ISL,2018,97.05
Iceland,ISL,2019,85.79
Iceland,ISL,2020,94.28
Iceland,ISL,2021,101.2
Iceland,ISL,2022,92.65
Iceland,ISL,2023,71.93
India,IND,1961,1.55
India,IND,1962,2.05
India,IND,1963,2.33
India,IND,1964,3.42
India,IND,1965,3.54
India,IND,1966,4.53
India,IND,1967,6.32
India,IND,1968,7.34
India,IND,1969,8.24
India,IND,1970,8.96
India,IND,1971,10.93
India,IND,1972,11.15
India,IND,1973,11.02
India,IND,1974,10.6
India,IND,1975,16.47
India,IND,1976,14.71
India,IND,1977,17.44
India,IND,1978,20.33
India,IND,1979,20.77
India,IND,1980,21.87
India,IND,1981,24.16
India,IND,1982,23.96
India,IND,1983,27.52
India,IND,1984,31.48
India,IND,1985,33.96
India,IND,1986,38.54
India,IND,1987,33.6
India,IND,1988,42.26
India,IND,1989,42.07
India,IND,1990,44.47
India,IND,1991,47.28
India,IND,1992,49.57
India,IND,1993,51.55
India,IND,1994,55.82
India,IND,1995,57.81
India,IND,1996,60.85
India,IND,1997,64.09
India,IND,1998,66.78
India,IND,1999,68.1
India,IND,2000,64.19
India,IND,2001,66.6
India,IND,2002,61.57
India,IND,2003,65.24
India,IND,2004,68.94
India,IND,2005,74.99
India,IND,2006,81.2
India,IND,2007,85.21
India,IND,2008,87.75
India,IND,2009,91.67
India,IND,2010,97.21
India,IND,2011,102.54
India,IND,2012,99.33
India,IND,2013,98.85
India,IND,2014,100.02
India,IND,2015,102.54
India,IND,2016,98.84
India,IND,2017,100.41
India,IND,2018,104.45
India,IND,2019,111.84
India,IND,2020,121.42
India,IND,2021,115.91
India,IND,2022,120.11
India,IND,2023,121.53
Indonesia,IDN,1961,4.47
Indonesia,IDN,1962,5.14
Indonesia,IDN,1963,4.95
Indonesia,IDN,1964,4.04
Indonesia,IDN,1965,4.25
Indonesia,IDN,1966,5.52
Indonesia,IDN,1967,5.25
Indonesia,IDN,1968,9.71
Indonesia,IDN,1969,5.07
Indonesia,IDN,1970,9.63
Indonesia,IDN,1971,9.2
Indonesia,IDN,1972,16
Indonesia,IDN,1973,15.91
Indonesia,IDN,1974,15.49
Indonesia,IDN,1975,15.08
Indonesia,IDN,1976,15.36
Indonesia,IDN,1977,20.17
Indonesia,IDN,1978,23.51
Indonesia,IDN,1979,26.01
Indonesia,IDN,1980,35.07
Indonesia,IDN,1981,40.38
Indonesia,IDN,1982,43.15
Indonesia,IDN,1983,41.43
Indonesia,IDN,1984,49.58
Indonesia,IDN,1985,47.36
Indonesia,IDN,1986,47
Indonesia,IDN,1987,47.89
Indonesia,IDN,1988,50.46
Indonesia,IDN,1989,47.17
Indonesia,IDN,1990,50.35
Indonesia,IDN,1991,52.08
Indonesia,IDN,1992,57.42
Indonesia,IDN,1993,51.56
Indonesia,IDN,1994,54.66
Indonesia,IDN,1995,59.14
Indonesia,IDN,1996,65.55
Indonesia,IDN,1997,53.68
Indonesia,IDN,1998,66.4
Indonesia,IDN,1999,58.45
Indonesia,IDN,2000,58.74
Indonesia,IDN,2001,56.88
Indonesia,IDN,2002,56.51
Indonesia,IDN,2003,59.64
Indonesia,IDN,2004,64.8
Indonesia,IDN,2005,67.33
Indonesia,IDN,2006,65.97
Indonesia,IDN,2007,66.04
Indonesia,IDN,2008,70.68
Indonesia,IDN,2009,75.49
Indonesia,IDN,2010,71.62
Indonesia,IDN,2011,73.58
Indonesia,IDN,2012,73.92
Indonesia,IDN,2013,69.16
Indonesia,IDN,2014,71.57
Indonesia,IDN,2015,69.01
Indonesia,IDN,2016,71.71
Indonesia,IDN,2017,71.79
Indonesia,IDN,2018,76.45
Indonesia,IDN,2019,68.13
Indonesia,IDN,2020,81.62
Indonesia,IDN,2021,83.77
Indonesia,IDN,2022,68
Indonesia,IDN,2023,67.65
Iran,IRN,1961,0.48
Iran,IRN,1962,0.5
Iran,IRN,1963,0.83
Iran,IRN,1964,1.01
Iran,IRN,1965,1.1
Iran,IRN,1966,2.07
Iran,IRN,1967,2.96
Iran,IRN,1968,3.14
Iran,IRN,1969,3.51
Iran,IRN,1970,4.16
Iran,IRN,1971,6.64
Iran,IRN,1972,7.37
Iran,IRN,1973,11.1
Iran,IRN,1974,11.12
Iran,IRN,1975,11.56
Iran,IRN,1976,12.21
Iran,IRN,1977,15.22
Iran,IRN,1978,11.89
Iran,IRN,1979,18.18
Iran,IRN,1980,21.89
Iran,IRN,1981,28.16
Iran,IRN,1982,33.22
Iran,IRN,1983,39.22
Iran,IRN,1984,31.5
Iran,IRN,1985,29.45
Iran,IRN,1986,32.68
Iran,IRN,1987,32.03
Iran,IRN,1988,31.27
Iran,IRN,1989,43.47
Iran,IRN,1990,33.82
Iran,IRN,1991,36.56
Iran,IRN,1992,45.63
Iran,IRN,1993,29.76
Iran,IRN,1994,32.64
Iran,IRN,1995,33.84
Iran,IRN,1996,37.19
Iran,IRN,1997,46.55
Iran,IRN,1998,48.28
Iran,IRN,1999,47.93
Iran,IRN,2000,52.97
Iran,IRN,2001,50.17
Iran,IRN,2002,54.29
Iran,IRN,2003,56.51
Iran,IRN,2004,58.34
Iran,IRN,2005,60.17
Iran,IRN,2006,73.97
Iran,IRN,2007,60.21
Iran,IRN,2008,69.47
Iran,IRN,2009,60.08
Iran,IRN,2010,55.31
Iran,IRN,2011,33.05
Iran,IRN,2012,39.97
Iran,IRN,2013,37.99
Iran,IRN,2014,42.58
Iran,IRN,2015,34.23
Iran,IRN,2016,34.28
Iran,IRN,2017,35.53
Iran,IRN,2018,41.84
Iran,IRN,2019,46.53
Iran,IRN,2020,51.46
Iran,IRN,2021,51.35
Iran,IRN,2022,51.35
Iran,IRN,2023,51.35
Iraq,IRQ,1961,0.22
Iraq,IRQ,1962,0.21
Iraq,IRQ,1963,0.42
Iraq,IRQ,1964,0.47
Iraq,IRQ,1965,0.53
Iraq,IRQ,1966,0.96
Iraq,IRQ,1967,1.28
Iraq,IRQ,1968,1.66
Iraq,IRQ,1969,2.03
Iraq,IRQ,1970,2.4
Iraq,IRQ,1971,2.69
Iraq,IRQ,1972,2.91
Iraq,IRQ,1973,3.9
Iraq,IRQ,1974,5.17
Iraq,IRQ,1975,4.73
Iraq,IRQ,1976,6.62
Iraq,IRQ,1977,8.51
Iraq,IRQ,1978,8.05
Iraq,IRQ,1979,13.64
Iraq,IRQ,1980,11.86
Iraq,IRQ,1981,11.69
Iraq,IRQ,1982,11.87
Iraq,IRQ,1983,9.96
Iraq,IRQ,1984,20.15
Iraq,IRQ,1985,21.96
Iraq,IRQ,1986,23.98
Iraq,IRQ,1987,27.17
Iraq,IRQ,1988,29.87
Iraq,IRQ,1989,26.46
Iraq,IRQ,1990,24.82
Iraq,IRQ,1991,16.88
Iraq,IRQ,1992,23.46
Iraq,IRQ,1993,38.48
Iraq,IRQ,1994,44.71
Iraq,IRQ,1995,44.42
Iraq,IRQ,1996,47.43
Iraq,IRQ,1997,52.22
Iraq,IRQ,1998,54.15
Iraq,IRQ,1999,56.85
Iraq,IRQ,2000,55.73
Iraq,IRQ,2001,111.9
Iraq,IRQ,2002,108.28
Iraq,IRQ,2003,9.65
Iraq,IRQ,2004,22.19
Iraq,IRQ,2005,32.22
Iraq,IRQ,2006,33.55
Iraq,IRQ,2007,24.63
Iraq,IRQ,2008,39.07
Iraq,IRQ,2009,44.68
Iraq,IRQ,2010,25.6
Iraq,IRQ,2011,30.56
Iraq,IRQ,2012,34.74
Iraq,IRQ,2013,32.72
Iraq,IRQ,2014,15.03
Iraq,IRQ,2015,11.99
Iraq,IRQ,2016,19.63
Iraq,IRQ,2017,33.89
Iraq,IRQ,2018,32.16
Iraq,IRQ,2019,33.18
Iraq,IRQ,2020,35.51
Iraq,IRQ,2021,30.87
Iraq,IRQ,2022,31.03
Iraq,IRQ,2023,30.9
Ireland,IRL,1961,12.76
Ireland,IRL,1962,14.81
Ireland,IRL,1963,15.34
Ireland,IRL,1964,13.1
Ireland,IRL,1965,14.1
Ireland,IRL,1966,21.15
Ireland,IRL,1967,23.57
Ireland,IRL,1968,28.34
Ireland,IRL,1969,31.79
Ireland,IRL,1970,38.24
Ireland,IRL,1971,43.46
Ireland,IRL,1972,58.23
Ireland,IRL,1973,57.57
Ireland,IRL,1974,58.8
Ireland,IRL,1975,67.53
Ireland,IRL,1976,74.35
Ireland,IRL,1977,101.9
Ireland,IRL,1978,116.55
Ireland,IRL,1979,109.43
Ireland,IRL,1980,121.63
Ireland,IRL,1981,121.68
Ireland,IRL,1982,130.87
Ireland,IRL,1983,146.52
Ireland,IRL,1984,144.89
Ireland,IRL,1985,142.69
Ireland,IRL,1986,164.33
Ireland,IRL,1987,150.02
Ireland,IRL,1988,154.31
Ireland,IRL,1989,167.35
Ireland,IRL,1990,163.59
Ireland,IRL,1991,153.82
Ireland,IRL,1992,156.07
Ireland,IRL,1993,178.62
Ireland,IRL,1994,191.45
Ireland,IRL,1995,187.91
Ireland,IRL,1996,174.2
Ireland,IRL,1997,175.53
Ireland,IRL,1998,196.31
Ireland,IRL,1999,189.68
Ireland,IRL,2000,162.89
Ireland,IRL,2001,161.82
Ireland,IRL,2002,160.72
Ireland,IRL,2003,168.74
Ireland,IRL,2004,154.68
Ireland,IRL,2005,161.45
Ireland,IRL,2006,157.35
Ireland,IRL,2007,151.69
Ireland,IRL,2008,144.5
Ireland,IRL,2009,179.02
Ireland,IRL,2010,163.64
Ireland,IRL,2011,148.22
Ireland,IRL,2012,167.9
Ireland,IRL,2013,160.64
Ireland,IRL,2014,163.69
Ireland,IRL,2015,167.67
Ireland,IRL,2016,168.82
Ireland,IRL,2017,183.75
Ireland,IRL,2018,207.86
Ireland,IRL,2019,190.3
Ireland,IRL,2020,196.16
Ireland,IRL,2021,210.09
Ireland,IRL,2022,176.59
Ireland,IRL,2023,146.33
Israel,ISR,1961,53.62
Israel,ISR,1962,49.22
Israel,ISR,1963,52.79
Israel,ISR,1964,55.6
Israel,ISR,1965,59.81
Israel,ISR,1966,60
Israel,ISR,1967,68.89
Israel,ISR,1968,66.02
Israel,ISR,1969,72.89
Israel,ISR,1970,78.17
Israel,ISR,1971,79.44
Israel,ISR,1972,81.42
Israel,ISR,1973,72.07
Israel,ISR,1974,76.36
Israel,ISR,1975,88.57
Israel,ISR,1976,88.58
Israel,ISR,1977,92.48
Israel,ISR,1978,91.09
Israel,ISR,1979,86.48
Israel,ISR,1980,95.66
Israel,ISR,1981,85.72
Israel,ISR,1982,108.33
Israel,ISR,1983,115.72
Israel,ISR,1984,132.46
Israel,ISR,1985,125.71
Israel,ISR,1986,116.36
Israel,ISR,1987,121.5
Israel,ISR,1988,108.64
Israel,ISR,1989,113.35
Israel,ISR,1990,115.08
Israel,ISR,1991,95.38
Israel,ISR,1992,100.46
Israel,ISR,1993,101.85
Israel,ISR,1994,115.21
Israel,ISR,1995,116.82
Israel,ISR,1996,155.13
Israel,ISR,1997,145.58
Israel,ISR,1998,145.58
Israel,ISR,1999,105.26
Israel,ISR,2000,115.57
Israel,ISR,2001,106.34
Israel,ISR,2002,103.23
Israel,ISR,2003,119.52
Israel,ISR,2004,137.71
Israel,ISR,2005,128.25
Israel,ISR,2006,127.41
Israel,ISR,2007,155.86
Israel,ISR,2008,121.75
Israel,ISR,2009,94.35
Israel,ISR,2010,81.42
Israel,ISR,2011,118.83
Israel,ISR,2012,116.78
Israel,ISR,2013,123.32
Israel,ISR,2014,116.67
Israel,ISR,2015,114.5
Israel,ISR,2016,119.39
Israel,ISR,2017,100.21
Israel,ISR,2018,103.87
Israel,ISR,2019,86.55
Israel,ISR,2020,87.94
Israel,ISR,2021,94.87
Israel,ISR,2022,80.04
Israel,ISR,2023,78.69
Italy,ITA,1961,22.28
Italy,ITA,1962,24.18
Italy,ITA,1963,24.33
Italy,ITA,1964,26.26
Italy,ITA,1965,30.18
Italy,ITA,1966,31.15
Italy,ITA,1967,31.53
Italy,ITA,1968,33.8
Italy,ITA,1969,36.69
Italy,ITA,1970,39.82
Italy,ITA,1971,50.36
Italy,ITA,1972,56.22
Italy,ITA,1973,54.95
Italy,ITA,1974,54.7
Italy,ITA,1975,58.83
Italy,ITA,1976,56.64
Italy,ITA,1977,66.26
Italy,ITA,1978,83.94
Italy,ITA,1979,88.93
Italy,ITA,1980,80.9
Italy,ITA,1981,79.52
Italy,ITA,1982,77.96
Italy,ITA,1983,81.2
Italy,ITA,1984,83.9
Italy,ITA,1985,87.05
Italy,ITA,1986,83.54
Italy,ITA,1987,86.71
Italy,ITA,1988,77.12
Italy,ITA,1989,69.13
Italy,ITA,1990,73.42
Italy,ITA,1991,76.52
Italy,ITA,1992,78.25
Italy,ITA,1993,80.66
Italy,ITA,1994,78.9
Italy,ITA,1995,80.07
Italy,ITA,1996,79.59
Italy,ITA,1997,77.91
Italy,ITA,1998,75.87
Italy,ITA,1999,75.99
Italy,ITA,2000,73.38
Italy,ITA,2001,69.42
Italy,ITA,2002,77.57
Italy,ITA,2003,80.35
Italy,ITA,2004,82.29
Italy,ITA,2005,77.48
Italy,ITA,2006,80.52
Italy,ITA,2007,83.74
Italy,ITA,2008,66.75
Italy,ITA,2009,53.82
Italy,ITA,2010,51.78
Italy,ITA,2011,55.9
Italy,ITA,2012,61.82
Italy,ITA,2013,66.09
Italy,ITA,2014,62.93
Italy,ITA,2015,66.89
Italy,ITA,2016,65.88
Italy,ITA,2017,65.01
Italy,ITA,2018,64.93
Italy,ITA,2019,64.16
Italy,ITA,2020,61.22
Italy,ITA,2021,61.11
Italy,ITA,2022,60.24
Italy,ITA,2023,60.04
Jamaica,JAM,1961,23.82
Jamaica,JAM,1962,22.21
Jamaica,JAM,1963,26.42
Jamaica,JAM,1964,37.29
Jamaica,JAM,1965,28.88
Jamaica,JAM,1966,19.63
Jamaica,JAM,1967,40.85
Jamaica,JAM,1968,38.46
Jamaica,JAM,1969,38.46
Jamaica,JAM,1970,36.76
Jamaica,JAM,1971,38.59
Jamaica,JAM,1972,52.8
Jamaica,JAM,1973,32
Jamaica,JAM,1974,37.2
Jamaica,JAM,1975,24
Jamaica,JAM,1976,29.2
Jamaica,JAM,1977,18
Jamaica,JAM,1978,25.78
Jamaica,JAM,1979,26.63
Jamaica,JAM,1980,36.94
Jamaica,JAM,1981,42.56
Jamaica,JAM,1982,14.81
Jamaica,JAM,1983,30.25
Jamaica,JAM,1984,40
Jamaica,JAM,1985,26.82
Jamaica,JAM,1986,30
Jamaica,JAM,1987,54.55
Jamaica,JAM,1988,72.73
Jamaica,JAM,1989,72.73
Jamaica,JAM,1990,33.79
Jamaica,JAM,1991,40.71
Jamaica,JAM,1992,17.8
Jamaica,JAM,1993,21.9
Jamaica,JAM,1994,30.26
Jamaica,JAM,1995,30.22
Jamaica,JAM,1996,30.57
Jamaica,JAM,1997,34.69
Jamaica,JAM,1998,34.93
Jamaica,JAM,1999,36.4
Jamaica,JAM,2000,39.6
Jamaica,JAM,2001,33.76
Jamaica,JAM,2002,33.51
Jamaica,JAM,2003,39.8
Jamaica,JAM,2004,40.45
Jamaica,JAM,2005,26.96
Jamaica,JAM,2006,20.35
Jamaica,JAM,2007,19.03
Jamaica,JAM,2008,20.01
Jamaica,JAM,2009,20.76
Jamaica,JAM,2010,25.1
Jamaica,JAM,2011,24.69
Jamaica,JAM,2012,33.34
Jamaica,JAM,2013,25.3
Jamaica,JAM,2014,25.63
Jamaica,JAM,2015,14.03
Jamaica,JAM,2016,16.67
Jamaica,JAM,2017,19.99
Jamaica,JAM,2018,32.94
Jamaica,JAM,2019,25.42
Jamaica,JAM,2020,20.68
Jamaica,JAM,2021,20.68
Jamaica,JAM,2022,19.87
Jamaica,JAM,2023,18.88
Japan,JPN,1961,84.31
Japan,JPN,1962,87.65
Japan,JPN,1963,91.34
Japan,JPN,1964,88.62
Japan,JPN,1965,92.01
Japan,JPN,1966,99.48
Japan,JPN,1967,104.53
Japan,JPN,1968,105.17
Japan,JPN,1969,102.89
Japan,JPN,1970,94.99
Japan,JPN,1971,94.2
Japan,JPN,1972,103.17
Japan,JPN,1973,116.34
Japan,JPN,1974,98.42
Japan,JPN,1975,93.74
Japan,JPN,1976,101.45
Japan,JPN,1977,103.86
Japan,JPN,1978,105.28
Japan,JPN,1979,113.55
Japan,JPN,1980,89.95
Japan,JPN,1981,94.52
Japan,JPN,1982,100.7
Japan,JPN,1983,103.64
Japan,JPN,1984,103.37
Japan,JPN,1985,101.13
Japan,JPN,1986,103.47
Japan,JPN,1987,100.22
Japan,JPN,1988,96.29
Japan,JPN,1989,97.14
Japan,JPN,1990,93.38
Japan,JPN,1991,88.55
Japan,JPN,1992,88.6
Japan,JPN,1993,93.68
Japan,JPN,1994,91.35
Japan,JPN,1995,83.76
Japan,JPN,1996,81.97
Japan,JPN,1997,80.05
Japan,JPN,1998,77.64
Japan,JPN,1999,78.83
Japan,JPN,2000,80.73
Japan,JPN,2001,80.78
Japan,JPN,2002,79.48
Japan,JPN,2003,83.37
Japan,JPN,2004,80.54
Japan,JPN,2005,80.3
Japan,JPN,2006,77.68
Japan,JPN,2007,82.38
Japan,JPN,2008,62.21
Japan,JPN,2009,60.75
Japan,JPN,2010,71.31
Japan,JPN,2011,67.88
Japan,JPN,2012,69.75
Japan,JPN,2013,64.7
Japan,JPN,2014,70.08
Japan,JPN,2015,63.9
Japan,JPN,2016,68.03
Japan,JPN,2017,69.4
Japan,JPN,2018,66.86
Japan,JPN,2019,65.03
Japan,JPN,2020,64.94
Japan,JPN,2021,64.2
Japan,JPN,2022,62.45
Japan,JPN,2023,62.85
Jordan,JOR,1961,1.42
Jordan,JOR,1962,1.9
Jordan,JOR,1963,3.25
Jordan,JOR,1964,4.65
Jordan,JOR,1965,5.96
Jordan,JOR,1966,2.13
Jordan,JOR,1967,6.47
Jordan,JOR,1968,6.83
Jordan,JOR,1969,4.82
Jordan,JOR,1970,4.33
Jordan,JOR,1971,4.43
Jordan,JOR,1972,4.33
Jordan,JOR,1973,5.72
Jordan,JOR,1974,6.14
Jordan,JOR,1975,5.85
Jordan,JOR,1976,12.22
Jordan,JOR,1977,4.27
Jordan,JOR,1978,9.56
Jordan,JOR,1979,18.51
Jordan,JOR,1980,17.8
Jordan,JOR,1981,8.91
Jordan,JOR,1982,21.19
Jordan,JOR,1983,25.45
Jordan,JOR,1984,26.82
Jordan,JOR,1985,32.77
Jordan,JOR,1986,18.22
Jordan,JOR,1987,20
Jordan,JOR,1988,38.1
Jordan,JOR,1989,33.44
Jordan,JOR,1990,32.1
Jordan,JOR,1991,67.5
Jordan,JOR,1992,29.42
Jordan,JOR,1993,21.07
Jordan,JOR,1994,14.23
Jordan,JOR,1995,18.58
Jordan,JOR,1996,19.23
Jordan,JOR,1997,40.54
Jordan,JOR,1998,53.95
Jordan,JOR,1999,47.09
Jordan,JOR,2000,33.83
Jordan,JOR,2001,35.71
Jordan,JOR,2002,37.46
Jordan,JOR,2003,41.44
Jordan,JOR,2004,15.93
Jordan,JOR,2005,39.48
Jordan,JOR,2006,16.67
Jordan,JOR,2007,29.37
Jordan,JOR,2008,33.84
Jordan,JOR,2009,28.98
Jordan,JOR,2010,39.19
Jordan,JOR,2011,39.14
Jordan,JOR,2012,34.66
Jordan,JOR,2013,78.88
Jordan,JOR,2014,57.89
Jordan,JOR,2015,109.84
Jordan,JOR,2016,68.26
Jordan,JOR,2017,75.79
Jordan,JOR,2018,71.19
Jordan,JOR,2019,66.22
Jordan,JOR,2020,53.09
Jordan,JOR,2021,51.2
Jordan,JOR,2022,113.48
Jordan,JOR,2023,123.54
Kazakhstan,KAZ,1992,4.26
Kazakhstan,KAZ,1993,2.44
Kazakhstan,KAZ,1994,1.87
Kazakhstan,KAZ,1995,1.84
Kazakhstan,KAZ,1996,2.02
Kazakhstan,KAZ,1997,0.46
Kazakhstan,KAZ,1998,0.39
Kazakhstan,KAZ,1999,0.93
Kazakhstan,KAZ,2000,0.99
Kazakhstan,KAZ,2001,1.42
Kazakhstan,KAZ,2002,0.45
Kazakhstan,KAZ,2003,0.69
Kazakhstan,KAZ,2004,0.87
Kazakhstan,KAZ,2005,0.71
Kazakhstan,KAZ,2006,0.97
Kazakhstan,KAZ,2007,1.3
Kazakhstan,KAZ,2008,0.57
Kazakhstan,KAZ,2009,1.03
Kazakhstan,KAZ,2010,1.41
Kazakhstan,KAZ,2011,1.62
Kazakhstan,KAZ,2012,3.57
Kazakhstan,KAZ,2013,1.89
Kazakhstan,KAZ,2014,2.72
Kazakhstan,KAZ,2015,3.08
Kazakhstan,KAZ,2016,2.69
Kazakhstan,KAZ,2017,3.5
Kazakhstan,KAZ,2018,2.71
Kazakhstan,KAZ,2019,1.85
Kazakhstan,KAZ,2020,2.51
Kazakhstan,KAZ,2021,2.72
Kazakhstan,KAZ,2022,2.4
Kazakhstan,KAZ,2023,2.36
Kenya,KEN,1961,0.8
Kenya,KEN,1962,0.94
Kenya,KEN,1963,1.96
Kenya,KEN,1964,2.75
Kenya,KEN,1965,3.46
Kenya,KEN,1966,3.13
Kenya,KEN,1967,3.44
Kenya,KEN,1968,2.85
Kenya,KEN,1969,4.22
Kenya,KEN,1970,5.79
Kenya,KEN,1971,4.86
Kenya,KEN,1972,4.84
Kenya,KEN,1973,5.32
Kenya,KEN,1974,5.06
Kenya,KEN,1975,5.12
Kenya,KEN,1976,5.24
Kenya,KEN,1977,5.91
Kenya,KEN,1978,6.11
Kenya,KEN,1979,4.82
Kenya,KEN,1980,6.4
Kenya,KEN,1981,8.85
Kenya,KEN,1982,6.61
Kenya,KEN,1983,7.14
Kenya,KEN,1984,8.4
Kenya,KEN,1985,9.72
Kenya,KEN,1986,9.21
Kenya,KEN,1987,9.4
Kenya,KEN,1988,10.82
Kenya,KEN,1989,8.62
Kenya,KEN,1990,9.01
Kenya,KEN,1991,9.42
Kenya,KEN,1992,8.29
Kenya,KEN,1993,7.6
Kenya,KEN,1994,8.55
Kenya,KEN,1995,5.56
Kenya,KEN,1996,12.17
Kenya,KEN,1997,9.57
Kenya,KEN,1998,10.19
Kenya,KEN,1999,9.63
Kenya,KEN,2000,12.87
Kenya,KEN,2001,14.45
Kenya,KEN,2002,11.37
Kenya,KEN,2003,12.21
Kenya,KEN,2004,11.37
Kenya,KEN,2005,12.72
Kenya,KEN,2006,13.5
Kenya,KEN,2007,13.78
Kenya,KEN,2008,12.62
Kenya,KEN,2009,12.94
Kenya,KEN,2010,12.97
Kenya,KEN,2011,15.4
Kenya,KEN,2012,17.97
Kenya,KEN,2013,21.08
Kenya,KEN,2014,17.42
Kenya,KEN,2015,13.7
Kenya,KEN,2016,17.37
Kenya,KEN,2017,23.47
Kenya,KEN,2018,16.3
Kenya,KEN,2019,18.94
Kenya,KEN,2020,26.37
Kenya,KEN,2021,23.22
Kenya,KEN,2022,12.9
Kenya,KEN,2023,22.31
Kiribati,KIR,2002,0
Kiribati,KIR,2003,0
Kiribati,KIR,2004,0
Kiribati,KIR,2005,0.05
Kiribati,KIR,2006,0.88
Kiribati,KIR,2007,1.29
Kiribati,KIR,2008,0
Kiribati,KIR,2009,0.4
Kiribati,KIR,2010,0.41
Kiribati,KIR,2011,0
Kiribati,KIR,2012,0.08
Kiribati,KIR,2013,1.39
Kiribati,KIR,2014,0
Kiribati,KIR,2015,0
Kiribati,KIR,2016,0
Kiribati,KIR,2017,0
Kiribati,KIR,2018,0.01
Kiribati,KIR,2019,0
Kiribati,KIR,2020,0
Kiribati,KIR,2021,0.01
Kiribati,KIR,2022,0
Kiribati,KIR,2023,0
Kuwait,KWT,1977,100
Kuwait,KWT,1978,100
Kuwait,KWT,1979,260
Kuwait,KWT,1980,140
Kuwait,KWT,1981,150
Kuwait,KWT,1982,250
Kuwait,KWT,1983,250
Kuwait,KWT,1984,166.67
Kuwait,KWT,1985,233.33
Kuwait,KWT,1986,101.75
Kuwait,KWT,1987,82
Kuwait,KWT,1988,155
Kuwait,KWT,1989,100
Kuwait,KWT,1992,160
Kuwait,KWT,1993,166.67
Kuwait,KWT,1994,166.67
Kuwait,KWT,1995,166.67
Kuwait,KWT,1996,285.71
Kuwait,KWT,1997,171.43
Kuwait,KWT,1998,142.86
Kuwait,KWT,1999,137.5
Kuwait,KWT,2000,52.42
Kuwait,KWT,2001,69.73
Kuwait,KWT,2002,66.67
Kuwait,KWT,2003,66.67
Kuwait,KWT,2004,71.43
Kuwait,KWT,2005,71.43
Kuwait,KWT,2006,71.43
Kuwait,KWT,2007,66.67
Kuwait,KWT,2008,66.67
Kuwait,KWT,2009,64.52
Kuwait,KWT,2010,62.5
Kuwait,KWT,2011,60.61
Kuwait,KWT,2012,93.75
Kuwait,KWT,2013,170.45
Kuwait,KWT,2014,204.97
Kuwait,KWT,2015,223.88
Kuwait,KWT,2016,171.43
Kuwait,KWT,2017,168.83
Kuwait,KWT,2018,178.57
Kuwait,KWT,2019,132.89
Kuwait,KWT,2020,227.05
Kuwait,KWT,2021,227.05
Kuwait,KWT,2022,154.71
Kuwait,KWT,2023,173.21
Kyrgyzstan,KGZ,1992,18.23
Kyrgyzstan,KGZ,1993,15.49
Kyrgyzstan,KGZ,1994,15.47
Kyrgyzstan,KGZ,1995,15.45
Kyrgyzstan,KGZ,1996,17.54
Kyrgyzstan,KGZ,1997,17.53
Kyrgyzstan,KGZ,1998,19.41
Kyrgyzstan,KGZ,1999,18.71
Kyrgyzstan,KGZ,2000,19.43
Kyrgyzstan,KGZ,2001,19.43
Kyrgyzstan,KGZ,2002,6.54
Kyrgyzstan,KGZ,2003,22.24
Kyrgyzstan,KGZ,2004,19.37
Kyrgyzstan,KGZ,2005,21.82
Kyrgyzstan,KGZ,2006,19.8
Kyrgyzstan,KGZ,2007,19.32
Kyrgyzstan,KGZ,2008,16.65
Kyrgyzstan,KGZ,2009,19.16
Kyrgyzstan,KGZ,2010,19.04
Kyrgyzstan,KGZ,2011,16.62
Kyrgyzstan,KGZ,2012,19.91
Kyrgyzstan,KGZ,2013,21.51
Kyrgyzstan,KGZ,2014,26.37
Kyrgyzstan,KGZ,2015,9.43
Kyrgyzstan,KGZ,2016,10.33
Kyrgyzstan,KGZ,2017,6.83
Kyrgyzstan,KGZ,2018,18.28
Kyrgyzstan,KGZ,2019,18.16
Kyrgyzstan,KGZ,2020,19.01
Kyrgyzstan,KGZ,2021,16.7
Kyrgyzstan,KGZ,2022,16.92
Kyrgyzstan,KGZ,2023,16.93
Land Locked Developing Countries (FAO),,1961,0.71
Land Locked Developing Countries (FAO),,1962,0.63
Land Locked Developing Countries (FAO),,1963,0.65
Land Locked Developing Countries (FAO),,1964,1.15
Land Locked Developing Countries (FAO),,1965,1.22
Land Locked Developing Countries (FAO),,1966,1.24
Land Locked Developing Countries (FAO),,1967,1.57
Land Locked Developing Countries (FAO),,1968,1.71
Land Locked Developing Countries (FAO),,1969,1.79
Land Locked Developing Countries (FAO),,1970,2.36
Land Locked Developing Countries (FAO),,1971,3.14
Land Locked Developing Countries (FAO),,1972,2.78
Land Locked Developing Countries (FAO),,1973,3.18
Land Locked Developing Countries (FAO),,1974,3.58
Land Locked Developing Countries (FAO),,1975,3.5
Land Locked Developing Countries (FAO),,1976,3.65
Land Locked Developing Countries (FAO),,1977,3.57
Land Locked Developing Countries (FAO),,1978,3.59
Land Locked Developing Countries (FAO),,1979,3.62
Land Locked Developing Countries (FAO),,1980,4.97
Land Locked Developing Countries (FAO),,1981,5.13
Land Locked Developing Countries (FAO),,1982,4.98
Land Locked Developing Countries (FAO),,1983,4.74
Land Locked Developing Countries (FAO),,1984,5.02
Land Locked Developing Countries (FAO),,1985,5.51
Land Locked Developing Countries (FAO),,1986,5.25
Land Locked Developing Countries (FAO),,1987,5.64
Land Locked Developing Countries (FAO),,1988,5.55
Land Locked Developing Countries (FAO),,1989,5.58
Land Locked Developing Countries (FAO),,1990,7.62
Land Locked Developing Countries (FAO),,1991,8.02
Land Locked Developing Countries (FAO),,1992,16.55
Land Locked Developing Countries (FAO),,1993,13.74
Land Locked Developing Countries (FAO),,1994,10.99
Land Locked Developing Countries (FAO),,1995,11.69
Land Locked Developing Countries (FAO),,1996,12.64
Land Locked Developing Countries (FAO),,1997,11.16
Land Locked Developing Countries (FAO),,1998,9.83
Land Locked Developing Countries (FAO),,1999,9.5
Land Locked Developing Countries (FAO),,2000,9.17
Land Locked Developing Countries (FAO),,2001,9.08
Land Locked Developing Countries (FAO),,2002,9.71
Land Locked Developing Countries (FAO),,2003,9.14
Land Locked Developing Countries (FAO),,2004,9.18
Land Locked Developing Countries (FAO),,2005,9.55
Land Locked Developing Countries (FAO),,2006,10.95
Land Locked Developing Countries (FAO),,2007,10.83
Land Locked Developing Countries (FAO),,2008,11.1
Land Locked Developing Countries (FAO),,2009,11.71
Land Locked Developing Countries (FAO),,2010,12.84
Land Locked Developing Countries (FAO),,2011,13.11
Land Locked Developing Countries (FAO),,2012,13.76
Land Locked Developing Countries (FAO),,2013,14.93
Land Locked Developing Countries (FAO),,2014,16.9
Land Locked Developing Countries (FAO),,2015,18.02
Land Locked Developing Countries (FAO),,2016,18.77
Land Locked Developing Countries (FAO),,2017,18.93
Land Locked Developing Countries (FAO),,2018,17.61
Land Locked Developing Countries (FAO),,2019,17.93
Land Locked Developing Countries (FAO),,2020,20.46
Land Locked Developing Countries (FAO),,2021,20.43
Land Locked Developing Countries (FAO),,2022,18.32
Land Locked Developing Countries (FAO),,2023,22.68
Laos,LAO,1963,0.08
Laos,LAO,1964,0.08
Laos,LAO,1965,0.15
Laos,LAO,1966,0.61
Laos,LAO,1967,0.41
Laos,LAO,1968,1.27
Laos,LAO,1969,0.6
Laos,LAO,1970,0.16
Laos,LAO,1971,0.15
Laos,LAO,1972,0.14
Laos,LAO,1973,0.14
Laos,LAO,1974,0.13
Laos,LAO,1975,0.13
Laos,LAO,1976,0.13
Laos,LAO,1977,0.13
Laos,LAO,1978,0.07
Laos,LAO,1979,0.11
Laos,LAO,1980,4.96
Laos,LAO,1981,4.94
Laos,LAO,1982,0.18
Laos,LAO,1983,0.63
Laos,LAO,1985,1.68
Laos,LAO,1987,0.36
Laos,LAO,1988,0.12
Laos,LAO,1989,0.12
Laos,LAO,1990,1.28
Laos,LAO,1991,1.93
Laos,LAO,1992,3.61
Laos,LAO,1993,2.2
Laos,LAO,1994,0.78
Laos,LAO,1995,2.33
Laos,LAO,1996,2.22
Laos,LAO,1997,5.38
Laos,LAO,1998,3.04
Laos,LAO,1999,4.72
Laos,LAO,2000,3.22
Laos,LAO,2001,5.92
Laos,LAO,2002,5.73
Laos,LAO,2003,2.38
Laos,LAO,2004,3.8
Laos,LAO,2005,4.34
Laos,LAO,2006,3.84
Laos,LAO,2007,4.12
Laos,LAO,2008,4.14
Laos,LAO,2009,5.63
Laos,LAO,2010,5.73
Laos,LAO,2011,6.27
Laos,LAO,2012,18.68
Laos,LAO,2013,12.57
Laos,LAO,2014,16.33
Laos,LAO,2015,16.12
Laos,LAO,2016,14.33
Laos,LAO,2017,14.9
Laos,LAO,2018,20.57
Laos,LAO,2019,25.66
Laos,LAO,2020,23.86
Laos,LAO,2021,23.79
Laos,LAO,2022,25.51
Laos,LAO,2023,39.74
Latvia,LVA,1992,36.84
Latvia,LVA,1993,23.38
Latvia,LVA,1994,22.99
Latvia,LVA,1995,11.64
Latvia,LVA,1996,13.01
Latvia,LVA,1997,17.37
Latvia,LVA,1998,29.41
Latvia,LVA,1999,33.63
Latvia,LVA,2000,29.02
Latvia,LVA,2001,32.58
Latvia,LVA,2002,28.02
Latvia,LVA,2003,38.7
Latvia,LVA,2004,34.39
Latvia,LVA,2005,37.01
Latvia,LVA,2006,35.06
Latvia,LVA,2007,39.86
Latvia,LVA,2008,42.67
Latvia,LVA,2009,45.58
Latvia,LVA,2010,49.7
Latvia,LVA,2011,53.11
Latvia,LVA,2012,55.07
Latvia,LVA,2013,57.41
Latvia,LVA,2014,60.03
Latvia,LVA,2015,61.32
Latvia,LVA,2016,60.41
Latvia,LVA,2017,59.66
Latvia,LVA,2018,57.21
Latvia,LVA,2019,60.78
Latvia,LVA,2020,62.8
Latvia,LVA,2021,61.74
Latvia,LVA,2022,60.21
Latvia,LVA,2023,58.62
Least Developed Countries (FAO),,1961,0.6
Least Developed Countries (FAO),,1962,0.55
Least Developed Countries (FAO),,1963,0.71
Least Developed Countries (FAO),,1964,0.72
Least Developed Countries (FAO),,1965,0.84
Least Developed Countries (FAO),,1966,1.06
Least Developed Countries (FAO),,1967,1.43
Least Developed Countries (FAO),,1968,1.55
Least Developed Countries (FAO),,1969,1.8
Least Developed Countries (FAO),,1970,1.9
Least Developed Countries (FAO),,1971,2.09
Least Developed Countries (FAO),,1972,2.6
Least Developed Countries (FAO),,1973,2.7
Least Developed Countries (FAO),,1974,2.52
Least Developed Countries (FAO),,1975,3.35
Least Developed Countries (FAO),,1976,3.57
Least Developed Countries (FAO),,1977,3.89
Least Developed Countries (FAO),,1978,3.83
Least Developed Countries (FAO),,1979,4.35
Least Developed Countries (FAO),,1980,4.99
Least Developed Countries (FAO),,1981,5.02
Least Developed Countries (FAO),,1982,5.63
Least Developed Countries (FAO),,1983,5.48
Least Developed Countries (FAO),,1984,6.4
Least Developed Countries (FAO),,1985,6.39
Least Developed Countries (FAO),,1986,6.35
Least Developed Countries (FAO),,1987,6.6
Least Developed Countries (FAO),,1988,7.05
Least Developed Countries (FAO),,1989,7.67
Least Developed Countries (FAO),,1990,7.48
Least Developed Countries (FAO),,1991,8.04
Least Developed Countries (FAO),,1992,8.28
Least Developed Countries (FAO),,1993,8.19
Least Developed Countries (FAO),,1994,8.46
Least Developed Countries (FAO),,1995,9.38
Least Developed Countries (FAO),,1996,10.39
Least Developed Countries (FAO),,1997,9.69
Least Developed Countries (FAO),,1998,9.24
Least Developed Countries (FAO),,1999,9.93
Least Developed Countries (FAO),,2000,9.83
Least Developed Countries (FAO),,2001,9.67
Least Developed Countries (FAO),,2002,10.34
Least Developed Countries (FAO),,2003,8.69
Least Developed Countries (FAO),,2004,9.58
Least Developed Countries (FAO),,2005,8.96
Least Developed Countries (FAO),,2006,9.83
Least Developed Countries (FAO),,2007,9.47
Least Developed Countries (FAO),,2008,11.09
Least Developed Countries (FAO),,2009,10.37
Least Developed Countries (FAO),,2010,11.38
Least Developed Countries (FAO),,2011,11.93
Least Developed Countries (FAO),,2012,11.09
Least Developed Countries (FAO),,2013,11.62
Least Developed Countries (FAO),,2014,13.41
Least Developed Countries (FAO),,2015,13.23
Least Developed Countries (FAO),,2016,13.91
Least Developed Countries (FAO),,2017,15.38
Least Developed Countries (FAO),,2018,15.29
Least Developed Countries (FAO),,2019,15.62
Least Developed Countries (FAO),,2020,17.75
Least Developed Countries (FAO),,2021,16.08
Least Developed Countries (FAO),,2022,14.71
Least Developed Countries (FAO),,2023,16.98
Lebanon,LBN,1961,29.97
Lebanon,LBN,1962,21.9
Lebanon,LBN,1963,36.89
Lebanon,LBN,1964,39.42
Lebanon,LBN,1965,33.84
Lebanon,LBN,1966,38.85
Lebanon,LBN,1967,40.95
Lebanon,LBN,1968,42.49
Lebanon,LBN,1969,50
Lebanon,LBN,1970,58.46
Lebanon,LBN,1971,87.88
Lebanon,LBN,1972,98.51
Lebanon,LBN,1973,111.88
Lebanon,LBN,1974,56.24
Lebanon,LBN,1975,20.9
Lebanon,LBN,1976,53.64
Lebanon,LBN,1977,42.15
Lebanon,LBN,1978,45.14
Lebanon,LBN,1979,51.12
Lebanon,LBN,1980,46.51
Lebanon,LBN,1981,56.71
Lebanon,LBN,1982,71.48
Lebanon,LBN,1983,57.05
Lebanon,LBN,1984,57.05
Lebanon,LBN,1985,39.8
Lebanon,LBN,1986,35.33
Lebanon,LBN,1987,32.89
Lebanon,LBN,1988,37.17
Lebanon,LBN,1989,46.05
Lebanon,LBN,1990,36.07
Lebanon,LBN,1991,40.52
Lebanon,LBN,1992,46.41
Lebanon,LBN,1993,58.82
Lebanon,LBN,1994,32.57
Lebanon,LBN,1995,80.91
Lebanon,LBN,1996,69.18
Lebanon,LBN,1997,68.14
Lebanon,LBN,1998,71.78
Lebanon,LBN,1999,83.02
Lebanon,LBN,2000,90
Lebanon,LBN,2001,112.91
Lebanon,LBN,2002,73.23
Lebanon,LBN,2003,85.21
Lebanon,LBN,2004,89.6
Lebanon,LBN,2005,51.61
Lebanon,LBN,2006,33.88
Lebanon,LBN,2007,52.12
Lebanon,LBN,2008,37.5
Lebanon,LBN,2009,59.05
Lebanon,LBN,2010,73.36
Lebanon,LBN,2011,73.27
Lebanon,LBN,2012,72.28
Lebanon,LBN,2013,76.79
Lebanon,LBN,2014,72.9
Lebanon,LBN,2015,71.41
Lebanon,LBN,2016,76.6
Lebanon,LBN,2017,83.82
Lebanon,LBN,2018,62.33
Lebanon,LBN,2019,65.17
Lebanon,LBN,2020,62.62
Lebanon,LBN,2021,33.31
Lebanon,LBN,2022,27.36
Lebanon,LBN,2023,56.9
Lesotho,LSO,1961,0.03
Lesotho,LSO,1962,0.07
Lesotho,LSO,1963,0.05
Lesotho,LSO,1964,0.08
Lesotho,LSO,1965,0.14
Lesotho,LSO,1966,0.14
Lesotho,LSO,1967,0.28
Lesotho,LSO,1968,0.04
Lesotho,LSO,1969,0.06
Lesotho,LSO,1970,0.07
Lesotho,LSO,1971,0.1
Lesotho,LSO,1972,0.1
Lesotho,LSO,1973,0.38
Lesotho,LSO,1974,0.38
Lesotho,LSO,1975,0.8
Lesotho,LSO,1976,0.84
Lesotho,LSO,1977,1.71
Lesotho,LSO,1978,1.37
Lesotho,LSO,1979,1.29
Lesotho,LSO,1980,1.69
Lesotho,LSO,1981,1.66
Lesotho,LSO,1982,1.71
Lesotho,LSO,1983,1.74
Lesotho,LSO,1984,1.99
Lesotho,LSO,1985,0.32
Lesotho,LSO,1986,0.34
Lesotho,LSO,1987,1.21
Lesotho,LSO,1988,1.17
Lesotho,LSO,1989,1.64
Lesotho,LSO,1990,1.56
Lesotho,LSO,1991,2.48
Lesotho,LSO,1992,2.08
Lesotho,LSO,1993,2.99
Lesotho,LSO,1994,3.95
Lesotho,LSO,1995,5.88
Lesotho,LSO,1996,6.39
Lesotho,LSO,1997,4.88
Lesotho,LSO,1998,5.47
Lesotho,LSO,1999,5.66
Lesotho,LSO,2000,10.24
Lesotho,LSO,2001,14.7
Lesotho,LSO,2002,10.7
Lesotho,LSO,2003,6.76
Lesotho,LSO,2004,1.66
Lesotho,LSO,2005,0.45
Lesotho,LSO,2006,2.72
Lesotho,LSO,2007,2.99
Lesotho,LSO,2008,0.94
Lesotho,LSO,2009,1.47
Lesotho,LSO,2010,0.78
Lesotho,LSO,2011,5.73
Lesotho,LSO,2012,2.27
Lesotho,LSO,2013,17.51
Lesotho,LSO,2014,16.78
Lesotho,LSO,2015,6.72
Lesotho,LSO,2016,4.28
Lesotho,LSO,2017,3.35
Lesotho,LSO,2018,7.01
Lesotho,LSO,2019,19.79
Lesotho,LSO,2020,7.82
Lesotho,LSO,2021,13.09
Lesotho,LSO,2022,6.94
Lesotho,LSO,2023,5.97
Liberia,LBR,1961,0.09
Liberia,LBR,1962,0.09
Liberia,LBR,1963,0.17
Liberia,LBR,1964,0.35
Liberia,LBR,1965,0.52
Liberia,LBR,1966,2.43
Liberia,LBR,1967,2.78
Liberia,LBR,1968,2.09
Liberia,LBR,1969,2.62
Liberia,LBR,1970,3.15
Liberia,LBR,1971,2.45
Liberia,LBR,1972,4.33
Liberia,LBR,1973,3.83
Liberia,LBR,1974,2.1
Liberia,LBR,1975,5.35
Liberia,LBR,1976,7.51
Liberia,LBR,1977,6.96
Liberia,LBR,1978,3.47
Liberia,LBR,1979,7.32
Liberia,LBR,1980,3.59
Liberia,LBR,1981,3.47
Liberia,LBR,1982,1.21
Liberia,LBR,1983,1.54
Liberia,LBR,1984,0.68
Liberia,LBR,1985,1.71
Liberia,LBR,1986,1.28
Liberia,LBR,1987,2.65
Liberia,LBR,1988,2.67
Liberia,LBR,1989,0.17
Liberia,LBR,1990,0.2
Liberia,LBR,2002,3.08
Liberia,LBR,2003,3.2
Liberia,LBR,2004,2.84
Liberia,LBR,2005,3.61
Liberia,LBR,2006,3.84
Liberia,LBR,2007,1.96
Liberia,LBR,2008,2.72
Liberia,LBR,2009,2.7
Liberia,LBR,2010,4.87
Liberia,LBR,2011,3.01
Liberia,LBR,2012,4.18
Liberia,LBR,2013,4.98
Liberia,LBR,2014,4.89
Liberia,LBR,2015,4.14
Liberia,LBR,2016,5.85
Liberia,LBR,2017,7.2
Liberia,LBR,2018,7.22
Liberia,LBR,2019,7.42
Liberia,LBR,2020,8.4
Liberia,LBR,2021,6.16
Liberia,LBR,2022,4.17
Liberia,LBR,2023,4.17
Libya,LBY,1961,1.27
Libya,LBY,1962,1.01
Libya,LBY,1963,0.8
Libya,LBY,1964,0.74
Libya,LBY,1965,0.86
Libya,LBY,1966,1.35
Libya,LBY,1967,1.67
Libya,LBY,1968,2.02
Libya,LBY,1969,1.63
Libya,LBY,1970,2.23
Libya,LBY,1971,3.93
Libya,LBY,1972,3.43
Libya,LBY,1973,3.42
Libya,LBY,1974,4.93
Libya,LBY,1975,7.3
Libya,LBY,1976,6.37
Libya,LBY,1977,8.09
Libya,LBY,1978,6.66
Libya,LBY,1979,10.86
Libya,LBY,1980,8.8
Libya,LBY,1981,13.06
Libya,LBY,1982,16.83
Libya,LBY,1983,16.1
Libya,LBY,1984,15.08
Libya,LBY,1985,13.07
Libya,LBY,1986,14.85
Libya,LBY,1987,17.66
Libya,LBY,1988,15.19
Libya,LBY,1989,13.99
Libya,LBY,1990,16.24
Libya,LBY,1991,16.2
Libya,LBY,1992,12.33
Libya,LBY,1993,15.98
Libya,LBY,1994,11.22
Libya,LBY,1995,13.54
Libya,LBY,1996,7.02
Libya,LBY,1997,7.4
Libya,LBY,1998,9.3
Libya,LBY,1999,20.28
Libya,LBY,2000,14.74
Libya,LBY,2001,9.63
Libya,LBY,2002,14.33
Libya,LBY,2003,11.07
Libya,LBY,2004,14.2
Libya,LBY,2005,15.35
Libya,LBY,2006,15.35
Libya,LBY,2007,15.35
Libya,LBY,2008,15.35
Libya,LBY,2009,15.35
Libya,LBY,2010,15.6
Libya,LBY,2011,15.55
Libya,LBY,2012,15.77
Libya,LBY,2013,15.18
Libya,LBY,2014,8.54
Libya,LBY,2015,6.83
Libya,LBY,2016,7.66
Libya,LBY,2017,12.59
Libya,LBY,2018,7.37
Libya,LBY,2019,7.07
Libya,LBY,2020,6.68
Libya,LBY,2021,6.68
Libya,LBY,2022,6.68
Libya,LBY,2023,6.68
Lithuania,LTU,1992,30.04
Lithuania,LTU,1993,14.97
Lithuania,LTU,1994,16.35
Lithuania,LTU,1995,13.75
Lithuania,LTU,1996,27.15
Lithuania,LTU,1997,27.76
Lithuania,LTU,1998,28.44
Lithuania,LTU,1999,31.38
Lithuania,LTU,2000,33.55
Lithuania,LTU,2001,60.93
Lithuania,LTU,2002,68.37
Lithuania,LTU,2003,73.98
Lithuania,LTU,2004,70.94
Lithuania,LTU,2005,61.14
Lithuania,LTU,2006,63.73
Lithuania,LTU,2007,68.08
Lithuania,LTU,2008,62.63
Lithuania,LTU,2009,64.57
Lithuania,LTU,2010,66.35
Lithuania,LTU,2011,66.32
Lithuania,LTU,2012,66.75
Lithuania,LTU,2013,67.68
Lithuania,LTU,2014,68.45
Lithuania,LTU,2015,73.77
Lithuania,LTU,2016,73.59
Lithuania,LTU,2017,78.14
Lithuania,LTU,2018,74.12
Lithuania,LTU,2019,79.49
Lithuania,LTU,2020,81.31
Lithuania,LTU,2021,80.99
Lithuania,LTU,2022,56.14
Lithuania,LTU,2023,54.53
Low Income Food Deficit Countries (FAO),,1961,3.95
Low Income Food Deficit Countries (FAO),,1962,4.79
Low Income Food Deficit Countries (FAO),,1963,5.37
Low Income Food Deficit Countries (FAO),,1964,7.1
Low Income Food Deficit Countries (FAO),,1965,7.48
Low Income Food Deficit Countries (FAO),,1966,9.11
Low Income Food Deficit Countries (FAO),,1967,12.52
Low Income Food Deficit Countries (FAO),,1968,14.14
Low Income Food Deficit Countries (FAO),,1969,16.41
Low Income Food Deficit Countries (FAO),,1970,18.11
Low Income Food Deficit Countries (FAO),,1971,20.46
Low Income Food Deficit Countries (FAO),,1972,21.48
Low Income Food Deficit Countries (FAO),,1973,21.6
Low Income Food Deficit Countries (FAO),,1974,20.75
Low Income Food Deficit Countries (FAO),,1975,30.22
Low Income Food Deficit Countries (FAO),,1976,28.81
Low Income Food Deficit Countries (FAO),,1977,33.75
Low Income Food Deficit Countries (FAO),,1978,37.48
Low Income Food Deficit Countries (FAO),,1979,37.63
Low Income Food Deficit Countries (FAO),,1980,39.83
Low Income Food Deficit Countries (FAO),,1981,43.57
Low Income Food Deficit Countries (FAO),,1982,43.99
Low Income Food Deficit Countries (FAO),,1983,49.66
Low Income Food Deficit Countries (FAO),,1984,55.62
Low Income Food Deficit Countries (FAO),,1985,58.55
Low Income Food Deficit Countries (FAO),,1986,64.49
Low Income Food Deficit Countries (FAO),,1987,58.11
Low Income Food Deficit Countries (FAO),,1988,71.09
Low Income Food Deficit Countries (FAO),,1989,70.85
Low Income Food Deficit Countries (FAO),,1990,73.49
Low Income Food Deficit Countries (FAO),,1991,77.88
Low Income Food Deficit Countries (FAO),,1992,83.08
Low Income Food Deficit Countries (FAO),,1993,83.55
Low Income Food Deficit Countries (FAO),,1994,86.24
Low Income Food Deficit Countries (FAO),,1995,86.57
Low Income Food Deficit Countries (FAO),,1996,91.54
Low Income Food Deficit Countries (FAO),,1997,93.23
Low Income Food Deficit Countries (FAO),,1998,96.88
Low Income Food Deficit Countries (FAO),,1999,98.54
Low Income Food Deficit Countries (FAO),,2000,94.2
Low Income Food Deficit Countries (FAO),,2001,94.44
Low Income Food Deficit Countries (FAO),,2002,88.61
Low Income Food Deficit Countries (FAO),,2003,88.88
Low Income Food Deficit Countries (FAO),,2004,92.14
Low Income Food Deficit Countries (FAO),,2005,95.09
Low Income Food Deficit Countries (FAO),,2006,100.98
Low Income Food Deficit Countries (FAO),,2007,103.31
Low Income Food Deficit Countries (FAO),,2008,103.73
Low Income Food Deficit Countries (FAO),,2009,109.84
Low Income Food Deficit Countries (FAO),,2010,111.01
Low Income Food Deficit Countries (FAO),,2011,113.26
Low Income Food Deficit Countries (FAO),,2012,107.05
Low Income Food Deficit Countries (FAO),,2013,107.34
Low Income Food Deficit Countries (FAO),,2014,107.38
Low Income Food Deficit Countries (FAO),,2015,110.09
Low Income Food Deficit Countries (FAO),,2016,106.31
Low Income Food Deficit Countries (FAO),,2017,107.41
Low Income Food Deficit Countries (FAO),,2018,109.07
Low Income Food Deficit Countries (FAO),,2019,114.99
Low Income Food Deficit Countries (FAO),,2020,123.24
Low Income Food Deficit Countries (FAO),,2021,118.4
Low Income Food Deficit Countries (FAO),,2022,120.29
Low Income Food Deficit Countries (FAO),,2023,124.09
Luxembourg,LUX,2002,81.94
Luxembourg,LUX,2003,81.94
Luxembourg,LUX,2004,103.84
Luxembourg,LUX,2005,91.81
Luxembourg,LUX,2006,90.54
Luxembourg,LUX,2007,84.52
Luxembourg,LUX,2008,83.31
Luxembourg,LUX,2009,84.53
Luxembourg,LUX,2010,86.78
Luxembourg,LUX,2011,90.81
Luxembourg,LUX,2012,85.3
Luxembourg,LUX,2013,83.56
Luxembourg,LUX,2014,79.26
Luxembourg,LUX,2015,80.85
Luxembourg,LUX,2016,86.63
Luxembourg,LUX,2017,85.39
Luxembourg,LUX,2018,75.79
Luxembourg,LUX,2019,79.85
Luxembourg,LUX,2020,75.37
Luxembourg,LUX,2021,79.37
Luxembourg,LUX,2022,47.98
Luxembourg,LUX,2023,57.78
Madagascar,MDG,1961,0.39
Madagascar,MDG,1962,0.45
Madagascar,MDG,1963,0.86
Madagascar,MDG,1964,0.65
Madagascar,MDG,1965,1.04
Madagascar,MDG,1966,1.1
Madagascar,MDG,1967,1.39
Madagascar,MDG,1968,1.38
Madagascar,MDG,1969,2.77
Madagascar,MDG,1970,2.95
Madagascar,MDG,1971,2.5
Madagascar,MDG,1972,2.45
Madagascar,MDG,1973,1.72
Madagascar,MDG,1974,2.01
Madagascar,MDG,1975,1.27
Madagascar,MDG,1976,1.4
Madagascar,MDG,1977,1.42
Madagascar,MDG,1978,1.56
Madagascar,MDG,1979,1.13
Madagascar,MDG,1980,1.32
Madagascar,MDG,1981,1.14
Madagascar,MDG,1982,2.13
Madagascar,MDG,1983,2.36
Madagascar,MDG,1984,0.63
Madagascar,MDG,1985,1.75
Madagascar,MDG,1986,1.91
Madagascar,MDG,1987,1.1
Madagascar,MDG,1988,1.17
Madagascar,MDG,1989,0.75
Madagascar,MDG,1990,1.31
Madagascar,MDG,1991,1.12
Madagascar,MDG,1992,1.17
Madagascar,MDG,1993,1.71
Madagascar,MDG,1994,1.73
Madagascar,MDG,1995,2.22
Madagascar,MDG,1996,2.56
Madagascar,MDG,1997,1.04
Madagascar,MDG,1998,1.03
Madagascar,MDG,1999,1.23
Madagascar,MDG,2000,1.08
Madagascar,MDG,2001,0.9
Madagascar,MDG,2002,0.76
Madagascar,MDG,2003,1.32
Madagascar,MDG,2004,0.81
Madagascar,MDG,2005,2.07
Madagascar,MDG,2006,1.06
Madagascar,MDG,2007,1.25
Madagascar,MDG,2008,2.08
Madagascar,MDG,2009,1.23
Madagascar,MDG,2010,1.27
Madagascar,MDG,2011,2.41
Madagascar,MDG,2012,4.68
Madagascar,MDG,2013,2.85
Madagascar,MDG,2014,5.09
Madagascar,MDG,2015,4.57
Madagascar,MDG,2016,2.59
Madagascar,MDG,2017,8.73
Madagascar,MDG,2018,7.97
Madagascar,MDG,2019,6.72
Madagascar,MDG,2020,5.31
Madagascar,MDG,2021,2.66
Madagascar,MDG,2022,4.07
Madagascar,MDG,2023,4.07
Malawi,MWI,1961,1.91
Malawi,MWI,1962,1.58
Malawi,MWI,1963,1.52
Malawi,MWI,1964,1.92
Malawi,MWI,1965,1.7
Malawi,MWI,1966,1.65
Malawi,MWI,1967,2.27
Malawi,MWI,1968,2.68
Malawi,MWI,1969,2.6
Malawi,MWI,1970,4.6
Malawi,MWI,1971,5.11
Malawi,MWI,1972,4.7
Malawi,MWI,1973,5.88
Malawi,MWI,1974,3.52
Malawi,MWI,1975,6.23
Malawi,MWI,1976,9.12
Malawi,MWI,1977,6.18
Malawi,MWI,1978,9.19
Malawi,MWI,1979,6.78
Malawi,MWI,1980,11.46
Malawi,MWI,1981,12.31
Malawi,MWI,1982,11.05
Malawi,MWI,1983,11.01
Malawi,MWI,1984,10.98
Malawi,MWI,1985,7.36
Malawi,MWI,1986,10.03
Malawi,MWI,1987,13.15
Malawi,MWI,1988,11.96
Malawi,MWI,1989,13.03
Malawi,MWI,1990,12.62
Malawi,MWI,1991,18.55
Malawi,MWI,1992,21.32
Malawi,MWI,1993,19.75
Malawi,MWI,1994,4.06
Malawi,MWI,1995,11.61
Malawi,MWI,1996,14.98
Malawi,MWI,1997,15.97
Malawi,MWI,1998,12.75
Malawi,MWI,1999,10.6
Malawi,MWI,2000,12.01
Malawi,MWI,2001,5.63
Malawi,MWI,2002,20.16
Malawi,MWI,2003,19.49
Malawi,MWI,2004,22.88
Malawi,MWI,2005,19.87
Malawi,MWI,2006,24.15
Malawi,MWI,2007,24.55
Malawi,MWI,2008,27.39
Malawi,MWI,2009,19.82
Malawi,MWI,2010,26.56
Malawi,MWI,2011,23.37
Malawi,MWI,2012,16.07
Malawi,MWI,2013,15.91
Malawi,MWI,2014,31.12
Malawi,MWI,2015,28.38
Malawi,MWI,2016,16.18
Malawi,MWI,2017,21.8
Malawi,MWI,2018,23.97
Malawi,MWI,2019,18.71
Malawi,MWI,2020,30.7
Malawi,MWI,2021,24.66
Malawi,MWI,2022,15.1
Malawi,MWI,2023,65.24
Malaysia,MYS,1961,9.14
Malaysia,MYS,1962,9.25
Malaysia,MYS,1963,7.96
Malaysia,MYS,1964,10.19
Malaysia,MYS,1965,12.24
Malaysia,MYS,1966,13.43
Malaysia,MYS,1967,12.58
Malaysia,MYS,1968,12.41
Malaysia,MYS,1969,14.89
Malaysia,MYS,1970,18.12
Malaysia,MYS,1971,17.94
Malaysia,MYS,1972,21.06
Malaysia,MYS,1973,28.65
Malaysia,MYS,1974,17.33
Malaysia,MYS,1975,18.9
Malaysia,MYS,1976,21.49
Malaysia,MYS,1977,23.62
Malaysia,MYS,1978,24.47
Malaysia,MYS,1979,30.01
Malaysia,MYS,1980,29.91
Malaysia,MYS,1981,26.74
Malaysia,MYS,1982,28.5
Malaysia,MYS,1983,32.59
Malaysia,MYS,1984,43.63
Malaysia,MYS,1985,41.77
Malaysia,MYS,1986,36.5
Malaysia,MYS,1987,35.96
Malaysia,MYS,1988,38.79
Malaysia,MYS,1989,42.36
Malaysia,MYS,1990,40.44
Malaysia,MYS,1991,39.09
Malaysia,MYS,1992,45.19
Malaysia,MYS,1993,45.53
Malaysia,MYS,1994,42.77
Malaysia,MYS,1995,42.78
Malaysia,MYS,1996,38.2
Malaysia,MYS,1997,51.55
Malaysia,MYS,1998,62.62
Malaysia,MYS,1999,54.4
Malaysia,MYS,2000,52.39
Malaysia,MYS,2001,49.82
Malaysia,MYS,2002,61.85
Malaysia,MYS,2003,76.44
Malaysia,MYS,2004,87.99
Malaysia,MYS,2005,96.9
Malaysia,MYS,2006,95.66
Malaysia,MYS,2007,97.51
Malaysia,MYS,2008,105.89
Malaysia,MYS,2009,70.26
Malaysia,MYS,2010,95.93
Malaysia,MYS,2011,97.45
Malaysia,MYS,2012,95.51
Malaysia,MYS,2013,71.43
Malaysia,MYS,2014,74.95
Malaysia,MYS,2015,64.97
Malaysia,MYS,2016,63.64
Malaysia,MYS,2017,57.56
Malaysia,MYS,2018,46.69
Malaysia,MYS,2019,33.67
Malaysia,MYS,2020,40.12
Malaysia,MYS,2021,55.39
Malaysia,MYS,2022,42.88
Malaysia,MYS,2023,48.29
Maldives,MDV,2002,0.82
Maldives,MDV,2003,1.09
Maldives,MDV,2004,2
Maldives,MDV,2005,4.25
Maldives,MDV,2006,19.83
Maldives,MDV,2007,42.67
Maldives,MDV,2008,10.67
Maldives,MDV,2009,23.5
Maldives,MDV,2010,21.53
Maldives,MDV,2011,11.86
Maldives,MDV,2012,56.08
Maldives,MDV,2013,47.5
Maldives,MDV,2014,37.62
Maldives,MDV,2015,41.91
Maldives,MDV,2016,62.72
Maldives,MDV,2017,64.81
Maldives,MDV,2018,75.2
Maldives,MDV,2019,43.07
Maldives,MDV,2020,45.19
Maldives,MDV,2021,52.15
Maldives,MDV,2022,35.52
Maldives,MDV,2023,48.56
Mali,MLI,1961,0.01
Mali,MLI,1962,0.06
Mali,MLI,1963,0.06
Mali,MLI,1964,0.06
Mali,MLI,1965,0.22
Mali,MLI,1966,0.35
Mali,MLI,1967,0.45
Mali,MLI,1968,0.53
Mali,MLI,1969,0.46
Mali,MLI,1970,1.69
Mali,MLI,1971,1.69
Mali,MLI,1972,1.75
Mali,MLI,1973,2.84
Mali,MLI,1974,1.61
Mali,MLI,1975,0.85
Mali,MLI,1976,2.17
Mali,MLI,1977,3.81
Mali,MLI,1978,2.66
Mali,MLI,1979,3.25
Mali,MLI,1980,3.22
Mali,MLI,1981,1.89
Mali,MLI,1982,2.67
Mali,MLI,1983,1.61
Mali,MLI,1984,9.73
Mali,MLI,1985,5.32
Mali,MLI,1986,3.82
Mali,MLI,1987,4.28
Mali,MLI,1988,4.24
Mali,MLI,1989,4.1
Mali,MLI,1990,4.32
Mali,MLI,1991,4.43
Mali,MLI,1992,4.75
Mali,MLI,1993,3.8
Mali,MLI,1994,3.67
Mali,MLI,1995,3.51
Mali,MLI,1996,2.58
Mali,MLI,1997,5.51
Mali,MLI,1998,3.74
Mali,MLI,1999,3.89
Mali,MLI,2000,2.72
Mali,MLI,2001,3
Mali,MLI,2002,10.45
Mali,MLI,2003,7.33
Mali,MLI,2004,9.22
Mali,MLI,2005,8.77
Mali,MLI,2006,10.7
Mali,MLI,2007,6.19
Mali,MLI,2008,10.51
Mali,MLI,2009,10.34
Mali,MLI,2010,10.51
Mali,MLI,2011,8.45
Mali,MLI,2012,8.7
Mali,MLI,2013,10.67
Mali,MLI,2014,12.56
Mali,MLI,2015,14.39
Mali,MLI,2016,15.9
Mali,MLI,2017,13.29
Mali,MLI,2018,12.94
Mali,MLI,2019,19.23
Mali,MLI,2020,12.27
Mali,MLI,2021,5.31
Mali,MLI,2022,2.41
Mali,MLI,2023,6.15
Malta,MLT,1961,22.39
Malta,MLT,1962,23.65
Malta,MLT,1963,34
Malta,MLT,1964,29.87
Malta,MLT,1965,23.07
Malta,MLT,1966,22.36
Malta,MLT,1967,30.86
Malta,MLT,1968,21.5
Malta,MLT,1969,35.14
Malta,MLT,1970,40.21
Malta,MLT,1971,34.71
Malta,MLT,1972,43.43
Malta,MLT,1973,19.29
Malta,MLT,1974,16.64
Malta,MLT,1975,17.85
Malta,MLT,1976,18.85
Malta,MLT,1977,40.93
Malta,MLT,1978,41.14
Malta,MLT,1979,34.86
Malta,MLT,1980,73.77
Malta,MLT,1981,17.54
Malta,MLT,1982,14.38
Malta,MLT,1983,37.54
Malta,MLT,1984,40.77
Malta,MLT,1985,39.92
Malta,MLT,1986,36
Malta,MLT,1987,44.31
Malta,MLT,1988,35.85
Malta,MLT,1989,33.62
Malta,MLT,1990,35.86
Malta,MLT,1991,35.86
Malta,MLT,1992,39.52
Malta,MLT,1993,37.9
Malta,MLT,1994,37.9
Malta,MLT,1995,79.82
Malta,MLT,1996,53.28
Malta,MLT,1997,59.32
Malta,MLT,1998,128.78
Malta,MLT,1999,50.11
Malta,MLT,2000,83.86
Malta,MLT,2001,62.45
Malta,MLT,2002,65.97
Malta,MLT,2003,51.54
Malta,MLT,2004,52.7
Malta,MLT,2005,63.54
Malta,MLT,2006,73.25
Malta,MLT,2007,63.63
Malta,MLT,2008,43.78
Malta,MLT,2009,47.31
Malta,MLT,2010,53.43
Malta,MLT,2011,45.58
Malta,MLT,2012,53.23
Malta,MLT,2013,55.86
Malta,MLT,2014,58.12
Malta,MLT,2015,60.39
Malta,MLT,2016,54.74
Malta,MLT,2017,56.41
Malta,MLT,2018,56.43
Malta,MLT,2019,56.45
Malta,MLT,2020,64.34
Malta,MLT,2021,66.99
Malta,MLT,2022,66.99
Malta,MLT,2023,70.7
Martinique,MTQ,1961,119.1
Martinique,MTQ,1962,123.81
Martinique,MTQ,1963,128.57
Martinique,MTQ,1964,142.86
Martinique,MTQ,1965,190.48
Martinique,MTQ,1966,187.95
Martinique,MTQ,1967,284.4
Martinique,MTQ,1968,228
Martinique,MTQ,1969,212
Martinique,MTQ,1970,132
Martinique,MTQ,1971,176
Martinique,MTQ,1972,180
Martinique,MTQ,1973,195.65
Martinique,MTQ,1974,200
Martinique,MTQ,1975,130.09
Martinique,MTQ,1976,154.83
Martinique,MTQ,1977,143.71
Martinique,MTQ,1978,222.43
Martinique,MTQ,1979,161.36
Martinique,MTQ,1980,272.15
Martinique,MTQ,1981,227.42
Martinique,MTQ,1982,230.95
Martinique,MTQ,1983,286.21
Martinique,MTQ,1984,215
Martinique,MTQ,1985,263.16
Martinique,MTQ,1986,300
Martinique,MTQ,1987,333.33
Martinique,MTQ,1988,319.1
Martinique,MTQ,1989,336.84
Martinique,MTQ,1990,405
Martinique,MTQ,1991,388.24
Martinique,MTQ,1992,412.29
Martinique,MTQ,1993,352.94
Martinique,MTQ,1994,150
Martinique,MTQ,1995,150
Martinique,MTQ,1996,252.38
Martinique,MTQ,1997,177.27
Martinique,MTQ,1998,278.26
Martinique,MTQ,1999,130.43
Martinique,MTQ,2000,109.52
Martinique,MTQ,2001,219.05
Martinique,MTQ,2002,21.48
Martinique,MTQ,2003,11.46
Martinique,MTQ,2004,14.57
Martinique,MTQ,2005,11.51
Martinique,MTQ,2006,15.74
Martinique,MTQ,2007,13.44
Martinique,MTQ,2008,13.75
Martinique,MTQ,2009,10.45
Martinique,MTQ,2010,18.03
Martinique,MTQ,2011,16.71
Martinique,MTQ,2012,17.49
Martinique,MTQ,2013,18.97
Martinique,MTQ,2014,22.05
Martinique,MTQ,2015,21.1
Martinique,MTQ,2016,19.6
Martinique,MTQ,2017,21.64
Martinique,MTQ,2018,28.55
Martinique,MTQ,2019,28.16
Martinique,MTQ,2020,27.12
Martinique,MTQ,2021,23.66
Martinique,MTQ,2022,19.58
Martinique,MTQ,2023,19.67
Mauritania,MRT,1973,0.76
Mauritania,MRT,1974,1.79
Mauritania,MRT,1975,5.61
Mauritania,MRT,1976,2.51
Mauritania,MRT,1977,9.5
Mauritania,MRT,1978,9.69
Mauritania,MRT,1979,6.03
Mauritania,MRT,1980,1.87
Mauritania,MRT,1983,1.61
Mauritania,MRT,1984,1.54
Mauritania,MRT,1985,6.26
Mauritania,MRT,1986,2.77
Mauritania,MRT,1987,2.61
Mauritania,MRT,1988,5.48
Mauritania,MRT,1989,4.42
Mauritania,MRT,1990,8.62
Mauritania,MRT,1991,10.82
Mauritania,MRT,1992,14.39
Mauritania,MRT,1993,9.05
Mauritania,MRT,1994,8.7
Mauritania,MRT,1995,8.7
Mauritania,MRT,1996,10.87
Mauritania,MRT,1997,3.31
Mauritania,MRT,1998,3.91
Mauritania,MRT,1999,5.22
Mauritania,MRT,2001,6.3
Mauritania,MRT,2002,2.76
Mauritania,MRT,2003,3.2
Mauritania,MRT,2004,2.84
Mauritania,MRT,2005,3.61
Mauritania,MRT,2006,3.84
Mauritania,MRT,2007,1.96
Mauritania,MRT,2008,2.72
Mauritania,MRT,2009,2.7
Mauritania,MRT,2010,4.87
Mauritania,MRT,2011,3.01
Mauritania,MRT,2012,4.18
Mauritania,MRT,2013,4.98
Mauritania,MRT,2014,4.89
Mauritania,MRT,2015,4.14
Mauritania,MRT,2016,5.85
Mauritania,MRT,2017,7.2
Mauritania,MRT,2018,7.22
Mauritania,MRT,2019,7.42
Mauritania,MRT,2020,8.4
Mauritania,MRT,2021,6.16
Mauritania,MRT,2022,4.17
Mauritania,MRT,2023,4.17
Mauritius,MUS,1961,103.95
Mauritius,MUS,1962,116.56
Mauritius,MUS,1963,115.62
Mauritius,MUS,1964,103.24
Mauritius,MUS,1965,96.53
Mauritius,MUS,1966,94.77
Mauritius,MUS,1967,97.13
Mauritius,MUS,1968,88.67
Mauritius,MUS,1969,88.05
Mauritius,MUS,1970,84.84
Mauritius,MUS,1971,87.2
Mauritius,MUS,1972,130.02
Mauritius,MUS,1973,105.45
Mauritius,MUS,1974,81.83
Mauritius,MUS,1975,94.34
Mauritius,MUS,1976,82.69
Mauritius,MUS,1977,94.5
Mauritius,MUS,1978,94.76
Mauritius,MUS,1979,90.72
Mauritius,MUS,1980,95.26
Mauritius,MUS,1981,88.95
Mauritius,MUS,1982,92.16
Mauritius,MUS,1983,100.31
Mauritius,MUS,1984,99.22
Mauritius,MUS,1985,102.72
Mauritius,MUS,1986,92.42
Mauritius,MUS,1987,118.08
Mauritius,MUS,1988,103.3
Mauritius,MUS,1989,110.75
Mauritius,MUS,1990,108.01
Mauritius,MUS,1991,109.51
Mauritius,MUS,1992,110.3
Mauritius,MUS,1993,98.57
Mauritius,MUS,1994,119.81
Mauritius,MUS,1995,128.98
Mauritius,MUS,1996,138.54
Mauritius,MUS,1997,127.04
Mauritius,MUS,1998,132.36
Mauritius,MUS,1999,146.57
Mauritius,MUS,2000,143.5
Mauritius,MUS,2001,87.89
Mauritius,MUS,2002,118.58
Mauritius,MUS,2003,116.76
Mauritius,MUS,2004,115.37
Mauritius,MUS,2005,111.33
Mauritius,MUS,2006,99.01
Mauritius,MUS,2007,103.71
Mauritius,MUS,2008,86.9
Mauritius,MUS,2009,82.79
Mauritius,MUS,2010,61.01
Mauritius,MUS,2011,94.45
Mauritius,MUS,2012,130.57
Mauritius,MUS,2013,96.14
Mauritius,MUS,2014,134.91
Mauritius,MUS,2015,83.16
Mauritius,MUS,2016,114.62
Mauritius,MUS,2017,106.05
Mauritius,MUS,2018,93.78
Mauritius,MUS,2019,98.54
Mauritius,MUS,2020,71.57
Mauritius,MUS,2021,78.19
Mauritius,MUS,2022,70.42
Mauritius,MUS,2023,63.21
Melanesia (FAO),,1961,2.17
Melanesia (FAO),,1962,4.72
Melanesia (FAO),,1963,5.7
Melanesia (FAO),,1964,8.44
Melanesia (FAO),,1965,6.54
Melanesia (FAO),,1966,5.86
Melanesia (FAO),,1967,5.96
Melanesia (FAO),,1968,6.69
Melanesia (FAO),,1969,7.14
Melanesia (FAO),,1970,7.02
Melanesia (FAO),,1971,9.63
Melanesia (FAO),,1972,10.93
Melanesia (FAO),,1973,10.6
Melanesia (FAO),,1974,13.89
Melanesia (FAO),,1975,11.54
Melanesia (FAO),,1976,14.06
Melanesia (FAO),,1977,16.14
Melanesia (FAO),,1978,14.99
Melanesia (FAO),,1979,15.36
Melanesia (FAO),,1980,13.9
Melanesia (FAO),,1981,19.77
Melanesia (FAO),,1982,13.32
Melanesia (FAO),,1983,10.92
Melanesia (FAO),,1984,12.63
Melanesia (FAO),,1985,12.01
Melanesia (FAO),,1986,16.22
Melanesia (FAO),,1987,16.15
Melanesia (FAO),,1988,14.32
Melanesia (FAO),,1989,16.67
Melanesia (FAO),,1990,14.98
Melanesia (FAO),,1991,13.61
Melanesia (FAO),,1992,13.51
Melanesia (FAO),,1993,13.7
Melanesia (FAO),,1994,13.75
Melanesia (FAO),,1995,14.45
Melanesia (FAO),,1996,14.35
Melanesia (FAO),,1997,14.63
Melanesia (FAO),,1998,9.47
Melanesia (FAO),,1999,7.13
Melanesia (FAO),,2000,5.68
Melanesia (FAO),,2001,7.64
Melanesia (FAO),,2002,11.36
Melanesia (FAO),,2003,8.68
Melanesia (FAO),,2004,17.29
Melanesia (FAO),,2005,16.07
Melanesia (FAO),,2006,11.83
Melanesia (FAO),,2007,12.13
Melanesia (FAO),,2008,14.43
Melanesia (FAO),,2009,15.01
Melanesia (FAO),,2010,12.95
Melanesia (FAO),,2011,10.89
Melanesia (FAO),,2012,14.17
Melanesia (FAO),,2013,14.13
Melanesia (FAO),,2014,13.55
Melanesia (FAO),,2015,17.9
Melanesia (FAO),,2016,17.51
Melanesia (FAO),,2017,20.41
Melanesia (FAO),,2018,20.87
Melanesia (FAO),,2019,21.03
Melanesia (FAO),,2020,20.41
Melanesia (FAO),,2021,17.73
Melanesia (FAO),,2022,21.34
Melanesia (FAO),,2023,18.91
Mexico,MEX,1961,6.58
Mexico,MEX,1962,7.04
Mexico,MEX,1963,10.72
Mexico,MEX,1964,11.17
Mexico,MEX,1965,12.87
Mexico,MEX,1966,13.61
Mexico,MEX,1967,14.6
Mexico,MEX,1968,17.37
Mexico,MEX,1969,19.69
Mexico,MEX,1970,21.16
Mexico,MEX,1971,22.66
Mexico,MEX,1972,25.25
Mexico,MEX,1973,29.01
Mexico,MEX,1974,30.79
Mexico,MEX,1975,37.94
Mexico,MEX,1976,42.97
Mexico,MEX,1977,40.93
Mexico,MEX,1978,38.71
Mexico,MEX,1979,42.88
Mexico,MEX,1980,46.45
Mexico,MEX,1981,56.51
Mexico,MEX,1982,59.63
Mexico,MEX,1983,53.46
Mexico,MEX,1984,58.91
Mexico,MEX,1985,62.02
Mexico,MEX,1986,64.74
Mexico,MEX,1987,64.19
Mexico,MEX,1988,58.04
Mexico,MEX,1989,56.75
Mexico,MEX,1990,56.6
Mexico,MEX,1991,46.78
Mexico,MEX,1992,49.68
Mexico,MEX,1993,48.06
Mexico,MEX,1994,47.51
Mexico,MEX,1995,42.04
Mexico,MEX,1996,48.07
Mexico,MEX,1997,47.53
Mexico,MEX,1998,52.92
Mexico,MEX,1999,51.36
Mexico,MEX,2000,52.88
Mexico,MEX,2001,53.59
Mexico,MEX,2002,41.54
Mexico,MEX,2003,42
Mexico,MEX,2004,36.48
Mexico,MEX,2005,47.08
Mexico,MEX,2006,40.73
Mexico,MEX,2007,43.67
Mexico,MEX,2008,36.19
Mexico,MEX,2009,40.3
Mexico,MEX,2010,42
Mexico,MEX,2011,53.64
Mexico,MEX,2012,52.86
Mexico,MEX,2013,59.02
Mexico,MEX,2014,57.1
Mexico,MEX,2015,44.87
Mexico,MEX,2016,61.18
Mexico,MEX,2017,63.51
Mexico,MEX,2018,58.91
Mexico,MEX,2019,58.5
Mexico,MEX,2020,55.1
Mexico,MEX,2021,50.74
Mexico,MEX,2022,40.08
Mexico,MEX,2023,55.86
Micronesia (FAO),,2002,0.34
Micronesia (FAO),,2003,0.69
Micronesia (FAO),,2004,0.26
Micronesia (FAO),,2005,0.33
Micronesia (FAO),,2006,1.23
Micronesia (FAO),,2007,1.2
Micronesia (FAO),,2008,0.24
Micronesia (FAO),,2009,0.95
Micronesia (FAO),,2010,0.58
Micronesia (FAO),,2011,0.6
Micronesia (FAO),,2012,0.46
Micronesia (FAO),,2013,1.52
Micronesia (FAO),,2014,0.65
Micronesia (FAO),,2015,0.65
Micronesia (FAO),,2016,0.66
Micronesia (FAO),,2017,0.15
Micronesia (FAO),,2018,0.25
Micronesia (FAO),,2019,0.17
Micronesia (FAO),,2020,0.16
Micronesia (FAO),,2021,0.17
Micronesia (FAO),,2022,0.2
Micronesia (FAO),,2023,0.24
Micronesia (country),FSM,2002,5.46
Micronesia (country),FSM,2003,10.92
Micronesia (country),FSM,2004,0.39
Micronesia (country),FSM,2005,5.05
Micronesia (country),FSM,2006,12.3
Micronesia (country),FSM,2007,1.71
Micronesia (country),FSM,2008,0.52
Micronesia (country),FSM,2009,7.05
Micronesia (country),FSM,2010,2.34
Micronesia (country),FSM,2011,5.25
Micronesia (country),FSM,2012,4.85
Micronesia (country),FSM,2013,1.52
Micronesia (country),FSM,2014,0.65
Micronesia (country),FSM,2015,0.62
Micronesia (country),FSM,2016,0.6
Micronesia (country),FSM,2017,0.38
Micronesia (country),FSM,2018,2.39
Micronesia (country),FSM,2019,0.53
Micronesia (country),FSM,2020,0.23
Micronesia (country),FSM,2021,0.15
Micronesia (country),FSM,2022,1.28
Micronesia (country),FSM,2023,2.4
Middle Africa (FAO),,1961,0.14
Middle Africa (FAO),,1962,0.17
Middle Africa (FAO),,1963,0.21
Middle Africa (FAO),,1964,0.27
Middle Africa (FAO),,1965,0.4
Middle Africa (FAO),,1966,0.59
Middle Africa (FAO),,1967,0.84
Middle Africa (FAO),,1968,0.98
Middle Africa (FAO),,1969,0.99
Middle Africa (FAO),,1970,1.19
Middle Africa (FAO),,1971,1.4
Middle Africa (FAO),,1972,1.24
Middle Africa (FAO),,1973,1.15
Middle Africa (FAO),,1974,1.13
Middle Africa (FAO),,1975,0.74
Middle Africa (FAO),,1976,0.69
Middle Africa (FAO),,1977,1.57
Middle Africa (FAO),,1978,1.49
Middle Africa (FAO),,1979,1.22
Middle Africa (FAO),,1980,1.31
Middle Africa (FAO),,1981,1.14
Middle Africa (FAO),,1982,1.09
Middle Africa (FAO),,1983,1.51
Middle Africa (FAO),,1984,1.64
Middle Africa (FAO),,1985,2.08
Middle Africa (FAO),,1986,1.26
Middle Africa (FAO),,1987,1.45
Middle Africa (FAO),,1988,1.34
Middle Africa (FAO),,1989,1.42
Middle Africa (FAO),,1990,0.78
Middle Africa (FAO),,1991,0.73
Middle Africa (FAO),,1992,0.8
Middle Africa (FAO),,1993,0.78
Middle Africa (FAO),,1994,0.95
Middle Africa (FAO),,1995,1.01
Middle Africa (FAO),,1996,1.29
Middle Africa (FAO),,1997,1.07
Middle Africa (FAO),,1998,1.36
Middle Africa (FAO),,1999,1.7
Middle Africa (FAO),,2000,1.5
Middle Africa (FAO),,2001,1.65
Middle Africa (FAO),,2002,1.15
Middle Africa (FAO),,2003,1.06
Middle Africa (FAO),,2004,1.97
Middle Africa (FAO),,2005,1.31
Middle Africa (FAO),,2006,1.64
Middle Africa (FAO),,2007,1.51
Middle Africa (FAO),,2008,1.72
Middle Africa (FAO),,2009,1.75
Middle Africa (FAO),,2010,1.91
Middle Africa (FAO),,2011,2.11
Middle Africa (FAO),,2012,1.85
Middle Africa (FAO),,2013,2.25
Middle Africa (FAO),,2014,2.32
Middle Africa (FAO),,2015,2.96
Middle Africa (FAO),,2016,2.42
Middle Africa (FAO),,2017,3.03
Middle Africa (FAO),,2018,2.78
Middle Africa (FAO),,2019,2.84
Middle Africa (FAO),,2020,3.09
Middle Africa (FAO),,2021,2.79
Middle Africa (FAO),,2022,2.82
Middle Africa (FAO),,2023,2.89
Moldova,MDA,1992,29.38
Moldova,MDA,1993,27.37
Moldova,MDA,1994,27.4
Moldova,MDA,1995,27.45
Moldova,MDA,1996,27.45
Moldova,MDA,1997,4.35
Moldova,MDA,1998,3.11
Moldova,MDA,1999,1.42
Moldova,MDA,2000,2.31
Moldova,MDA,2001,14.47
Moldova,MDA,2002,6.86
Moldova,MDA,2003,6.21
Moldova,MDA,2004,6.64
Moldova,MDA,2005,6.93
Moldova,MDA,2006,6.03
Moldova,MDA,2007,8.07
Moldova,MDA,2008,9.38
Moldova,MDA,2009,6.88
Moldova,MDA,2010,7.74
Moldova,MDA,2011,9.1
Moldova,MDA,2012,12.75
Moldova,MDA,2013,16.11
Moldova,MDA,2014,20.42
Moldova,MDA,2015,17.22
Moldova,MDA,2016,23.28
Moldova,MDA,2017,23.42
Moldova,MDA,2018,33.27
Moldova,MDA,2019,25.65
Moldova,MDA,2020,24.93
Moldova,MDA,2021,25.94
Moldova,MDA,2022,22.14
Moldova,MDA,2023,32.27
Mongolia,MNG,1970,0.13
Mongolia,MNG,1971,0.77
Mongolia,MNG,1972,0.9
Mongolia,MNG,1973,1.9
Mongolia,MNG,1974,2
Mongolia,MNG,1975,0.97
Mongolia,MNG,1976,4.63
Mongolia,MNG,1977,3.36
Mongolia,MNG,1978,3.73
Mongolia,MNG,1979,3.97
Mongolia,MNG,1980,4.82
Mongolia,MNG,1981,7.84
Mongolia,MNG,1982,7.75
Mongolia,MNG,1983,8.91
Mongolia,MNG,1984,8.84
Mongolia,MNG,1985,9.68
Mongolia,MNG,1986,9.79
Mongolia,MNG,1987,10.71
Mongolia,MNG,1988,8.27
Mongolia,MNG,1989,7.27
Mongolia,MNG,1990,6.64
Mongolia,MNG,1991,7.3
Mongolia,MNG,1992,8.07
Mongolia,MNG,1993,0.37
Mongolia,MNG,1994,0.38
Mongolia,MNG,1995,1.51
Mongolia,MNG,1996,1.51
Mongolia,MNG,1997,4.07
Mongolia,MNG,1998,3.12
Mongolia,MNG,1999,2.35
Mongolia,MNG,2000,2.89
Mongolia,MNG,2001,2.72
Mongolia,MNG,2002,3.77
Mongolia,MNG,2003,3.37
Mongolia,MNG,2004,4.99
Mongolia,MNG,2005,3.11
Mongolia,MNG,2006,5.53
Mongolia,MNG,2007,5.08
Mongolia,MNG,2008,5.77
Mongolia,MNG,2009,6.17
Mongolia,MNG,2010,8.9
Mongolia,MNG,2011,10.76
Mongolia,MNG,2012,12.8
Mongolia,MNG,2013,19.64
Mongolia,MNG,2014,14.52
Mongolia,MNG,2015,15.52
Mongolia,MNG,2016,17.29
Mongolia,MNG,2017,26.87
Mongolia,MNG,2018,30.41
Mongolia,MNG,2019,0
Mongolia,MNG,2020,38.26
Mongolia,MNG,2021,35.72
Mongolia,MNG,2022,47.57
Mongolia,MNG,2023,47.2
Montenegro,MNE,2006,126.49
Montenegro,MNE,2007,101.09
Montenegro,MNE,2008,96
Montenegro,MNE,2009,79.26
Montenegro,MNE,2010,98.98
Montenegro,MNE,2011,84.86
Montenegro,MNE,2012,92.84
Montenegro,MNE,2013,102.94
Montenegro,MNE,2014,96.41
Montenegro,MNE,2015,93.13
Montenegro,MNE,2016,91.92
Montenegro,MNE,2017,71.5
Montenegro,MNE,2018,85.99
Montenegro,MNE,2019,97.68
Montenegro,MNE,2020,98.25
Montenegro,MNE,2021,92.81
Montenegro,MNE,2022,73.06
Montenegro,MNE,2023,91.84
Morocco,MAR,1961,1.11
Morocco,MAR,1962,2.04
Morocco,MAR,1963,1.9
Morocco,MAR,1964,1.49
Morocco,MAR,1965,2.27
Morocco,MAR,1966,3.1
Morocco,MAR,1967,3.19
Morocco,MAR,1968,4.48
Morocco,MAR,1969,4.16
Morocco,MAR,1970,4.45
Morocco,MAR,1971,5.73
Morocco,MAR,1972,6.38
Morocco,MAR,1973,7.38
Morocco,MAR,1974,7.31
Morocco,MAR,1975,7.37
Morocco,MAR,1976,9.55
Morocco,MAR,1977,8.57
Morocco,MAR,1978,8.95
Morocco,MAR,1979,9.83
Morocco,MAR,1980,9.21
Morocco,MAR,1981,10.61
Morocco,MAR,1982,9.91
Morocco,MAR,1983,11.92
Morocco,MAR,1984,11.12
Morocco,MAR,1985,13.59
Morocco,MAR,1986,14.67
Morocco,MAR,1987,13.64
Morocco,MAR,1988,16.17
Morocco,MAR,1989,14.15
Morocco,MAR,1990,15.63
Morocco,MAR,1991,13.38
Morocco,MAR,1992,12.17
Morocco,MAR,1993,15.75
Morocco,MAR,1994,12.18
Morocco,MAR,1995,13.38
Morocco,MAR,1996,11.24
Morocco,MAR,1997,15.84
Morocco,MAR,1998,15.88
Morocco,MAR,1999,18.84
Morocco,MAR,2000,19.36
Morocco,MAR,2001,19.02
Morocco,MAR,2002,24.06
Morocco,MAR,2003,18.91
Morocco,MAR,2004,23.05
Morocco,MAR,2005,33.78
Morocco,MAR,2006,32.33
Morocco,MAR,2007,30.62
Morocco,MAR,2008,27.56
Morocco,MAR,2009,19.59
Morocco,MAR,2010,22.06
Morocco,MAR,2011,21.89
Morocco,MAR,2012,17.74
Morocco,MAR,2013,22.44
Morocco,MAR,2014,23.09
Morocco,MAR,2015,24.2
Morocco,MAR,2016,10.4
Morocco,MAR,2017,22.5
Morocco,MAR,2018,19.98
Morocco,MAR,2019,19.4
Morocco,MAR,2020,23.08
Morocco,MAR,2021,23.06
Morocco,MAR,2022,24.57
Morocco,MAR,2023,23.4
Mozambique,MOZ,1961,0.94
Mozambique,MOZ,1962,0.94
Mozambique,MOZ,1963,1.12
Mozambique,MOZ,1964,1.87
Mozambique,MOZ,1965,1.86
Mozambique,MOZ,1966,1.34
Mozambique,MOZ,1967,1.36
Mozambique,MOZ,1968,1.47
Mozambique,MOZ,1969,1.39
Mozambique,MOZ,1970,1.39
Mozambique,MOZ,1971,2.16
Mozambique,MOZ,1972,2.87
Mozambique,MOZ,1973,2.92
Mozambique,MOZ,1974,1.2
Mozambique,MOZ,1975,1.19
Mozambique,MOZ,1976,2.16
Mozambique,MOZ,1977,3.26
Mozambique,MOZ,1978,4.52
Mozambique,MOZ,1979,3.48
Mozambique,MOZ,1980,5.23
Mozambique,MOZ,1981,6.38
Mozambique,MOZ,1982,6.19
Mozambique,MOZ,1983,2.32
Mozambique,MOZ,1984,0.51
Mozambique,MOZ,1985,0.5
Mozambique,MOZ,1986,0.58
Mozambique,MOZ,1987,0.85
Mozambique,MOZ,1988,0.31
Mozambique,MOZ,1989,0.47
Mozambique,MOZ,1990,0.6
Mozambique,MOZ,1991,0.56
Mozambique,MOZ,1992,0.8
Mozambique,MOZ,1993,0.53
Mozambique,MOZ,1994,1.32
Mozambique,MOZ,1995,1.29
Mozambique,MOZ,1996,1.76
Mozambique,MOZ,1997,0.36
Mozambique,MOZ,1998,0.9
Mozambique,MOZ,1999,1.91
Mozambique,MOZ,2000,2.34
Mozambique,MOZ,2001,3.76
Mozambique,MOZ,2002,3.77
Mozambique,MOZ,2003,0.39
Mozambique,MOZ,2004,0.7
Mozambique,MOZ,2005,1.22
Mozambique,MOZ,2006,3.33
Mozambique,MOZ,2007,2.1
Mozambique,MOZ,2008,7.41
Mozambique,MOZ,2009,2.62
Mozambique,MOZ,2010,7.29
Mozambique,MOZ,2011,5.48
Mozambique,MOZ,2012,4
Mozambique,MOZ,2013,4.45
Mozambique,MOZ,2014,5.62
Mozambique,MOZ,2015,2.28
Mozambique,MOZ,2016,3.18
Mozambique,MOZ,2017,3.73
Mozambique,MOZ,2018,4.39
Mozambique,MOZ,2019,7.63
Mozambique,MOZ,2020,7.93
Mozambique,MOZ,2021,9.42
Mozambique,MOZ,2022,6.4
Mozambique,MOZ,2023,9.34
Myanmar,MMR,1961,0.44
Myanmar,MMR,1962,0.49
Myanmar,MMR,1963,0.49
Myanmar,MMR,1964,0.58
Myanmar,MMR,1965,0.5
Myanmar,MMR,1966,0.57
Myanmar,MMR,1967,1.37
Myanmar,MMR,1968,1.1
Myanmar,MMR,1969,2.5
Myanmar,MMR,1970,1.43
Myanmar,MMR,1971,2.61
Myanmar,MMR,1972,3.05
Myanmar,MMR,1973,3.66
Myanmar,MMR,1974,3.83
Myanmar,MMR,1975,4.25
Myanmar,MMR,1976,4.29
Myanmar,MMR,1977,4.99
Myanmar,MMR,1978,6.79
Myanmar,MMR,1979,6.96
Myanmar,MMR,1980,6.67
Myanmar,MMR,1981,9.24
Myanmar,MMR,1982,11.38
Myanmar,MMR,1983,11.41
Myanmar,MMR,1984,12.66
Myanmar,MMR,1985,13.16
Myanmar,MMR,1986,11.42
Myanmar,MMR,1987,9.15
Myanmar,MMR,1988,6.67
Myanmar,MMR,1989,6.39
Myanmar,MMR,1990,5.74
Myanmar,MMR,1991,6.27
Myanmar,MMR,1992,5.48
Myanmar,MMR,1993,5.95
Myanmar,MMR,1994,10.98
Myanmar,MMR,1995,11.4
Myanmar,MMR,1996,12.91
Myanmar,MMR,1997,13.34
Myanmar,MMR,1998,13.3
Myanmar,MMR,1999,12.15
Myanmar,MMR,2000,15.72
Myanmar,MMR,2001,6.96
Myanmar,MMR,2002,3.04
Myanmar,MMR,2003,6.45
Myanmar,MMR,2004,9.47
Myanmar,MMR,2005,4.91
Myanmar,MMR,2006,5.94
Myanmar,MMR,2007,6.89
Myanmar,MMR,2008,5.2
Myanmar,MMR,2009,4.75
Myanmar,MMR,2010,4.2
Myanmar,MMR,2011,9.47
Myanmar,MMR,2012,10.7
Myanmar,MMR,2013,15.06
Myanmar,MMR,2014,19.15
Myanmar,MMR,2015,9.39
Myanmar,MMR,2016,12.01
Myanmar,MMR,2017,20.38
Myanmar,MMR,2018,21.55
Myanmar,MMR,2019,28.27
Myanmar,MMR,2020,37.8
Myanmar,MMR,2021,25.22
Myanmar,MMR,2022,7.76
Myanmar,MMR,2023,8
Namibia,NAM,1998,0.12
Namibia,NAM,1999,0.12
Namibia,NAM,2000,0.12
Namibia,NAM,2001,0.12
Namibia,NAM,2002,3.56
Namibia,NAM,2003,0.98
Namibia,NAM,2004,2.41
Namibia,NAM,2005,1.22
Namibia,NAM,2006,2.31
Namibia,NAM,2007,1.65
Namibia,NAM,2008,0.26
Namibia,NAM,2009,1.57
Namibia,NAM,2010,3.52
Namibia,NAM,2011,6.01
Namibia,NAM,2012,12.98
Namibia,NAM,2013,9.55
Namibia,NAM,2014,4.79
Namibia,NAM,2015,12.03
Namibia,NAM,2016,24.26
Namibia,NAM,2017,23.23
Namibia,NAM,2018,37.6
Namibia,NAM,2019,23.25
Namibia,NAM,2020,3.36
Namibia,NAM,2021,3.36
Namibia,NAM,2022,14.4
Namibia,NAM,2023,25.55
Nauru,NRU,2012,0
Nauru,NRU,2013,0
Nauru,NRU,2014,0
Nauru,NRU,2015,0.01
Nauru,NRU,2016,0
Nauru,NRU,2017,0
Nauru,NRU,2018,0.38
Nauru,NRU,2019,0
Nauru,NRU,2020,0
Nauru,NRU,2021,1.13
Nauru,NRU,2022,0.38
Nauru,NRU,2023,0
Nepal,NPL,1961,0.07
Nepal,NPL,1962,0.22
Nepal,NPL,1963,0.33
Nepal,NPL,1964,0.44
Nepal,NPL,1965,0.55
Nepal,NPL,1966,1.15
Nepal,NPL,1967,0.98
Nepal,NPL,1968,1.26
Nepal,NPL,1969,1.81
Nepal,NPL,1970,2.07
Nepal,NPL,1971,2.81
Nepal,NPL,1972,3.7
Nepal,NPL,1973,4.1
Nepal,NPL,1974,4.06
Nepal,NPL,1975,3.79
Nepal,NPL,1976,4.77
Nepal,NPL,1977,5.77
Nepal,NPL,1978,6.06
Nepal,NPL,1979,6.78
Nepal,NPL,1980,7.29
Nepal,NPL,1981,7.76
Nepal,NPL,1982,9.86
Nepal,NPL,1983,12.07
Nepal,NPL,1984,13.6
Nepal,NPL,1985,13.6
Nepal,NPL,1986,14.09
Nepal,NPL,1987,16.3
Nepal,NPL,1988,16.99
Nepal,NPL,1989,21.01
Nepal,NPL,1990,22.06
Nepal,NPL,1991,24.22
Nepal,NPL,1992,25.11
Nepal,NPL,1993,23.24
Nepal,NPL,1994,27.79
Nepal,NPL,1995,29.14
Nepal,NPL,1996,31.07
Nepal,NPL,1997,31.9
Nepal,NPL,1998,35.84
Nepal,NPL,1999,25.3
Nepal,NPL,2000,21.02
Nepal,NPL,2001,19.09
Nepal,NPL,2002,8.9
Nepal,NPL,2003,2.24
Nepal,NPL,2004,3.34
Nepal,NPL,2005,1.18
Nepal,NPL,2006,3.67
Nepal,NPL,2007,0.82
Nepal,NPL,2008,1.18
Nepal,NPL,2009,12.07
Nepal,NPL,2010,18.5
Nepal,NPL,2011,23.49
Nepal,NPL,2012,20.04
Nepal,NPL,2013,34.62
Nepal,NPL,2014,43.13
Nepal,NPL,2015,47.8
Nepal,NPL,2016,48.5
Nepal,NPL,2017,42.57
Nepal,NPL,2018,61.43
Nepal,NPL,2019,59.47
Nepal,NPL,2020,65.99
Nepal,NPL,2021,65.21
Nepal,NPL,2022,41.04
Nepal,NPL,2023,41.05
Net Food Importing Developing Countries (FAO),,1961,2.77
Net Food Importing Developing Countries (FAO),,1962,2.98
Net Food Importing Developing Countries (FAO),,1963,3.5
Net Food Importing Developing Countries (FAO),,1964,3.81
Net Food Importing Developing Countries (FAO),,1965,4.01
Net Food Importing Developing Countries (FAO),,1966,4.39
Net Food Importing Developing Countries (FAO),,1967,5.23
Net Food Importing Developing Countries (FAO),,1968,5.77
Net Food Importing Developing Countries (FAO),,1969,6.5
Net Food Importing Developing Countries (FAO),,1970,6.57
Net Food Importing Developing Countries (FAO),,1971,7.26
Net Food Importing Developing Countries (FAO),,1972,8.08
Net Food Importing Developing Countries (FAO),,1973,8
Net Food Importing Developing Countries (FAO),,1974,8.29
Net Food Importing Developing Countries (FAO),,1975,9.25
Net Food Importing Developing Countries (FAO),,1976,10.3
Net Food Importing Developing Countries (FAO),,1977,11.09
Net Food Importing Developing Countries (FAO),,1978,11.89
Net Food Importing Developing Countries (FAO),,1979,12.83
Net Food Importing Developing Countries (FAO),,1980,13.81
Net Food Importing Developing Countries (FAO),,1981,14.2
Net Food Importing Developing Countries (FAO),,1982,14.74
Net Food Importing Developing Countries (FAO),,1983,14.45
Net Food Importing Developing Countries (FAO),,1984,15.45
Net Food Importing Developing Countries (FAO),,1985,16.89
Net Food Importing Developing Countries (FAO),,1986,19.26
Net Food Importing Developing Countries (FAO),,1987,19.39
Net Food Importing Developing Countries (FAO),,1988,20.15
Net Food Importing Developing Countries (FAO),,1989,20.65
Net Food Importing Developing Countries (FAO),,1990,19.61
Net Food Importing Developing Countries (FAO),,1991,19.81
Net Food Importing Developing Countries (FAO),,1992,20.09
Net Food Importing Developing Countries (FAO),,1993,20.19
Net Food Importing Developing Countries (FAO),,1994,19.73
Net Food Importing Developing Countries (FAO),,1995,22.78
Net Food Importing Developing Countries (FAO),,1996,23.62
Net Food Importing Developing Countries (FAO),,1997,23.85
Net Food Importing Developing Countries (FAO),,1998,23.84
Net Food Importing Developing Countries (FAO),,1999,24.56
Net Food Importing Developing Countries (FAO),,2000,25.61
Net Food Importing Developing Countries (FAO),,2001,25.74
Net Food Importing Developing Countries (FAO),,2002,26.39
Net Food Importing Developing Countries (FAO),,2003,24.85
Net Food Importing Developing Countries (FAO),,2004,26.99
Net Food Importing Developing Countries (FAO),,2005,27.44
Net Food Importing Developing Countries (FAO),,2006,27.73
Net Food Importing Developing Countries (FAO),,2007,26.43
Net Food Importing Developing Countries (FAO),,2008,28.46
Net Food Importing Developing Countries (FAO),,2009,29.51
Net Food Importing Developing Countries (FAO),,2010,29.35
Net Food Importing Developing Countries (FAO),,2011,29.57
Net Food Importing Developing Countries (FAO),,2012,26.6
Net Food Importing Developing Countries (FAO),,2013,28.12
Net Food Importing Developing Countries (FAO),,2014,29.15
Net Food Importing Developing Countries (FAO),,2015,29.01
Net Food Importing Developing Countries (FAO),,2016,29.44
Net Food Importing Developing Countries (FAO),,2017,31.56
Net Food Importing Developing Countries (FAO),,2018,30.75
Net Food Importing Developing Countries (FAO),,2019,31.08
Net Food Importing Developing Countries (FAO),,2020,33.5
Net Food Importing Developing Countries (FAO),,2021,32.47
Net Food Importing Developing Countries (FAO),,2022,30.44
Net Food Importing Developing Countries (FAO),,2023,32.44
Netherlands,NLD,1961,104.82
Netherlands,NLD,1962,126.77
Netherlands,NLD,1963,125.02
Netherlands,NLD,1964,126.76
Netherlands,NLD,1965,134.14
Netherlands,NLD,1966,145.61
Netherlands,NLD,1967,148.23
Netherlands,NLD,1968,146.38
Netherlands,NLD,1969,167.19
Netherlands,NLD,1970,174.89
Netherlands,NLD,1971,161.25
Netherlands,NLD,1972,162.38
Netherlands,NLD,1973,177.79
Netherlands,NLD,1974,187.71
Netherlands,NLD,1975,195.36
Netherlands,NLD,1976,185.5
Netherlands,NLD,1977,192.77
Netherlands,NLD,1978,191.33
Netherlands,NLD,1979,209.79
Netherlands,NLD,1980,208.36
Netherlands,NLD,1981,205.97
Netherlands,NLD,1982,197.1
Netherlands,NLD,1983,206.42
Netherlands,NLD,1984,218.08
Netherlands,NLD,1985,215.64
Netherlands,NLD,1986,217.49
Netherlands,NLD,1987,197.74
Netherlands,NLD,1988,196.64
Netherlands,NLD,1989,177.95
Netherlands,NLD,1990,169.17
Netherlands,NLD,1991,169.07
Netherlands,NLD,1992,168.25
Netherlands,NLD,1993,160.35
Netherlands,NLD,1994,170.46
Netherlands,NLD,1995,168.31
Netherlands,NLD,1996,168.31
Netherlands,NLD,1997,161.83
Netherlands,NLD,1998,151.04
Netherlands,NLD,1999,148.89
Netherlands,NLD,2000,129.47
Netherlands,NLD,2001,127.74
Netherlands,NLD,2002,126.1
Netherlands,NLD,2003,125.39
Netherlands,NLD,2004,129.68
Netherlands,NLD,2005,122.18
Netherlands,NLD,2006,130.51
Netherlands,NLD,2007,110.28
Netherlands,NLD,2008,104.88
Netherlands,NLD,2009,102.82
Netherlands,NLD,2010,102.91
Netherlands,NLD,2011,101.84
Netherlands,NLD,2012,110.34
Netherlands,NLD,2013,94
Netherlands,NLD,2014,102.51
Netherlands,NLD,2015,111.74
Netherlands,NLD,2016,105.1
Netherlands,NLD,2017,104.35
Netherlands,NLD,2018,98.58
Netherlands,NLD,2019,99.69
Netherlands,NLD,2020,101.63
Netherlands,NLD,2021,99.18
Netherlands,NLD,2022,88.4
Netherlands,NLD,2023,90.56
New Caledonia,NCL,1975,16.57
New Caledonia,NCL,1976,11.33
New Caledonia,NCL,1977,13.27
New Caledonia,NCL,1978,8.73
New Caledonia,NCL,1979,31.47
New Caledonia,NCL,1980,33.6
New Caledonia,NCL,1981,30.93
New Caledonia,NCL,1982,33.33
New Caledonia,NCL,1983,39.33
New Caledonia,NCL,1984,11.11
New Caledonia,NCL,1985,11.11
New Caledonia,NCL,1986,11.76
New Caledonia,NCL,1987,31.25
New Caledonia,NCL,1988,31.25
New Caledonia,NCL,1989,31.25
New Caledonia,NCL,1990,66.67
New Caledonia,NCL,1991,26.67
New Caledonia,NCL,1992,20
New Caledonia,NCL,1993,21.43
New Caledonia,NCL,1994,23.08
New Caledonia,NCL,1995,23.08
New Caledonia,NCL,1996,23.08
New Caledonia,NCL,1997,25
New Caledonia,NCL,1998,25
New Caledonia,NCL,1999,25
New Caledonia,NCL,2000,27.27
New Caledonia,NCL,2001,27.27
New Caledonia,NCL,2002,68.68
New Caledonia,NCL,2003,141.7
New Caledonia,NCL,2004,56.7
New Caledonia,NCL,2005,74.06
New Caledonia,NCL,2006,59.72
New Caledonia,NCL,2007,74.43
New Caledonia,NCL,2008,50.85
New Caledonia,NCL,2009,33.58
New Caledonia,NCL,2010,52.74
New Caledonia,NCL,2011,66.6
New Caledonia,NCL,2012,79.41
New Caledonia,NCL,2013,51.28
New Caledonia,NCL,2014,57.45
New Caledonia,NCL,2015,57.63
New Caledonia,NCL,2016,57.94
New Caledonia,NCL,2017,57.94
New Caledonia,NCL,2018,57.94
New Caledonia,NCL,2019,57.94
New Caledonia,NCL,2020,57.94
New Caledonia,NCL,2021,57.94
New Caledonia,NCL,2022,57.94
New Caledonia,NCL,2023,57.94
New Zealand,NZL,1961,0.73
New Zealand,NZL,1962,0.59
New Zealand,NZL,1963,0.68
New Zealand,NZL,1964,1.01
New Zealand,NZL,1965,1.12
New Zealand,NZL,1966,1.17
New Zealand,NZL,1967,0.84
New Zealand,NZL,1968,1.35
New Zealand,NZL,1969,1.67
New Zealand,NZL,1970,1.35
New Zealand,NZL,1971,1.68
New Zealand,NZL,1972,5.41
New Zealand,NZL,1973,5.52
New Zealand,NZL,1974,3.04
New Zealand,NZL,1975,1.75
New Zealand,NZL,1976,3.42
New Zealand,NZL,1977,3.44
New Zealand,NZL,1978,4.24
New Zealand,NZL,1979,3.8
New Zealand,NZL,1980,3.46
New Zealand,NZL,1981,3.69
New Zealand,NZL,1982,5.13
New Zealand,NZL,1983,5.64
New Zealand,NZL,1984,6.81
New Zealand,NZL,1985,5.45
New Zealand,NZL,1986,4.6
New Zealand,NZL,1987,6.26
New Zealand,NZL,1988,3.49
New Zealand,NZL,1989,3.78
New Zealand,NZL,1990,7.8
New Zealand,NZL,1991,10.98
New Zealand,NZL,1992,15.37
New Zealand,NZL,1993,18
New Zealand,NZL,1994,21.38
New Zealand,NZL,1995,26.47
New Zealand,NZL,1996,23.83
New Zealand,NZL,1997,23.64
New Zealand,NZL,1998,26.13
New Zealand,NZL,1999,30.64
New Zealand,NZL,2000,39.27
New Zealand,NZL,2001,45.79
New Zealand,NZL,2002,47.49
New Zealand,NZL,2003,54.98
New Zealand,NZL,2004,57.64
New Zealand,NZL,2005,58.2
New Zealand,NZL,2006,53.68
New Zealand,NZL,2007,49.92
New Zealand,NZL,2008,50.27
New Zealand,NZL,2009,43.84
New Zealand,NZL,2010,47.86
New Zealand,NZL,2011,54.17
New Zealand,NZL,2012,50.03
New Zealand,NZL,2013,47.9
New Zealand,NZL,2014,49.32
New Zealand,NZL,2015,62.97
New Zealand,NZL,2016,56.84
New Zealand,NZL,2017,63.51
New Zealand,NZL,2018,62.21
New Zealand,NZL,2019,58.32
New Zealand,NZL,2020,62.56
New Zealand,NZL,2021,51.13
New Zealand,NZL,2022,55.54
New Zealand,NZL,2023,49.86
Nicaragua,NIC,1961,2.84
Nicaragua,NIC,1962,2.69
Nicaragua,NIC,1963,8.2
Nicaragua,NIC,1964,8.42
Nicaragua,NIC,1965,12.64
Nicaragua,NIC,1966,10.55
Nicaragua,NIC,1967,13.26
Nicaragua,NIC,1968,13.42
Nicaragua,NIC,1969,14.11
Nicaragua,NIC,1970,13.52
Nicaragua,NIC,1971,14.37
Nicaragua,NIC,1972,14.46
Nicaragua,NIC,1973,28.69
Nicaragua,NIC,1974,17.89
Nicaragua,NIC,1975,13.41
Nicaragua,NIC,1976,18.65
Nicaragua,NIC,1977,29.27
Nicaragua,NIC,1978,28.34
Nicaragua,NIC,1979,14.35
Nicaragua,NIC,1980,24.1
Nicaragua,NIC,1981,29.39
Nicaragua,NIC,1982,22.87
Nicaragua,NIC,1983,38.65
Nicaragua,NIC,1984,27.5
Nicaragua,NIC,1985,31.98
Nicaragua,NIC,1986,39.17
Nicaragua,NIC,1987,26.75
Nicaragua,NIC,1988,39.86
Nicaragua,NIC,1989,14.68
Nicaragua,NIC,1990,21.27
Nicaragua,NIC,1991,17.49
Nicaragua,NIC,1992,17.05
Nicaragua,NIC,1993,13.46
Nicaragua,NIC,1994,6.9
Nicaragua,NIC,1995,13.37
Nicaragua,NIC,1996,13.79
Nicaragua,NIC,1997,10.09
Nicaragua,NIC,1998,10.78
Nicaragua,NIC,1999,9.72
Nicaragua,NIC,2000,6.6
Nicaragua,NIC,2001,5.52
Nicaragua,NIC,2002,16.1
Nicaragua,NIC,2003,16.66
Nicaragua,NIC,2004,15.11
Nicaragua,NIC,2005,15.94
Nicaragua,NIC,2006,19.77
Nicaragua,NIC,2007,20.08
Nicaragua,NIC,2008,17
Nicaragua,NIC,2009,24.51
Nicaragua,NIC,2010,21.55
Nicaragua,NIC,2011,30.56
Nicaragua,NIC,2012,36.34
Nicaragua,NIC,2013,20.17
Nicaragua,NIC,2014,28.11
Nicaragua,NIC,2015,31.06
Nicaragua,NIC,2016,33.05
Nicaragua,NIC,2017,43.16
Nicaragua,NIC,2018,26.85
Nicaragua,NIC,2019,30
Nicaragua,NIC,2020,37.33
Nicaragua,NIC,2021,34.56
Nicaragua,NIC,2022,28.35
Nicaragua,NIC,2023,32.75
Niger,NER,1964,0.01
Niger,NER,1965,0.01
Niger,NER,1966,0.01
Niger,NER,1967,0.01
Niger,NER,1968,0.01
Niger,NER,1969,0.02
Niger,NER,1970,0.01
Niger,NER,1971,0.01
Niger,NER,1972,0.02
Niger,NER,1973,0.02
Niger,NER,1974,0.01
Niger,NER,1975,0.03
Niger,NER,1976,0.06
Niger,NER,1977,0.1
Niger,NER,1978,0.08
Niger,NER,1979,0.08
Niger,NER,1980,0.12
Niger,NER,1981,0.25
Niger,NER,1982,0.14
Niger,NER,1983,0.14
Niger,NER,1984,0.15
Niger,NER,1985,0.22
Niger,NER,1986,0.13
Niger,NER,1987,0.21
Niger,NER,1988,0.12
Niger,NER,1989,0.18
Niger,NER,1990,0.13
Niger,NER,1991,0.02
Niger,NER,1992,0.07
Niger,NER,1993,0.08
Niger,NER,1994,0.2
Niger,NER,1995,0.37
Niger,NER,1996,0.39
Niger,NER,1997,0.04
Niger,NER,1998,0.04
Niger,NER,1999,0.12
Niger,NER,2000,0.18
Niger,NER,2001,0.24
Niger,NER,2002,0.47
Niger,NER,2003,0.18
Niger,NER,2004,0.15
Niger,NER,2005,0.2
Niger,NER,2006,0.29
Niger,NER,2007,0.17
Niger,NER,2008,0.1
Niger,NER,2009,0.22
Niger,NER,2010,0.32
Niger,NER,2011,0.24
Niger,NER,2012,0.8
Niger,NER,2013,0.42
Niger,NER,2014,0.75
Niger,NER,2015,0.4
Niger,NER,2016,0.37
Niger,NER,2017,0.36
Niger,NER,2018,0.62
Niger,NER,2019,0.7
Niger,NER,2020,0.34
Niger,NER,2021,0.34
Niger,NER,2022,0.35
Niger,NER,2023,0.46
Nigeria,NGA,1961,0.01
Nigeria,NGA,1962,0.01
Nigeria,NGA,1963,0.02
Nigeria,NGA,1964,0.04
Nigeria,NGA,1965,0.07
Nigeria,NGA,1966,0.17
Nigeria,NGA,1967,0.15
Nigeria,NGA,1968,0.14
Nigeria,NGA,1969,0.12
Nigeria,NGA,1970,0.09
Nigeria,NGA,1971,0.13
Nigeria,NGA,1972,0.32
Nigeria,NGA,1973,0.16
Nigeria,NGA,1974,0.46
Nigeria,NGA,1975,1.05
Nigeria,NGA,1976,1.21
Nigeria,NGA,1977,1.2
Nigeria,NGA,1978,1.19
Nigeria,NGA,1979,2.1
Nigeria,NGA,1980,3.08
Nigeria,NGA,1981,3.21
Nigeria,NGA,1982,3.4
Nigeria,NGA,1983,3.96
Nigeria,NGA,1984,3.91
Nigeria,NGA,1985,3.52
Nigeria,NGA,1986,3.86
Nigeria,NGA,1987,3.44
Nigeria,NGA,1988,4.83
Nigeria,NGA,1989,5.66
Nigeria,NGA,1990,6.55
Nigeria,NGA,1991,6.37
Nigeria,NGA,1992,6.38
Nigeria,NGA,1993,6.3
Nigeria,NGA,1994,5.18
Nigeria,NGA,1995,2.62
Nigeria,NGA,1996,2.74
Nigeria,NGA,1997,2.01
Nigeria,NGA,1998,2.54
Nigeria,NGA,1999,2.64
Nigeria,NGA,2000,2.59
Nigeria,NGA,2001,3.53
Nigeria,NGA,2002,3
Nigeria,NGA,2003,4.01
Nigeria,NGA,2004,2.78
Nigeria,NGA,2005,5.06
Nigeria,NGA,2006,5.18
Nigeria,NGA,2007,1.67
Nigeria,NGA,2008,2.97
Nigeria,NGA,2009,2.3
Nigeria,NGA,2010,6.22
Nigeria,NGA,2011,3.28
Nigeria,NGA,2012,4.54
Nigeria,NGA,2013,6.41
Nigeria,NGA,2014,5.75
Nigeria,NGA,2015,4.65
Nigeria,NGA,2016,6.83
Nigeria,NGA,2017,10.68
Nigeria,NGA,2018,10.17
Nigeria,NGA,2019,10.07
Nigeria,NGA,2020,13.55
Nigeria,NGA,2021,9.76
Nigeria,NGA,2022,2.77
Nigeria,NGA,2023,1.99
North Korea,PRK,1961,38.62
North Korea,PRK,1962,47.8
North Korea,PRK,1963,49.63
North Korea,PRK,1964,50.55
North Korea,PRK,1965,52.82
North Korea,PRK,1966,55.55
North Korea,PRK,1967,59.66
North Korea,PRK,1968,60.57
North Korea,PRK,1969,69.74
North Korea,PRK,1970,93.95
North Korea,PRK,1971,98.57
North Korea,PRK,1972,102.44
North Korea,PRK,1973,108.4
North Korea,PRK,1974,111.69
North Korea,PRK,1975,116.21
North Korea,PRK,1976,169.45
North Korea,PRK,1977,194.07
North Korea,PRK,1978,234.18
North Korea,PRK,1979,236.12
North Korea,PRK,1980,230.4
North Korea,PRK,1981,235.13
North Korea,PRK,1982,234.22
North Korea,PRK,1983,240.82
North Korea,PRK,1984,245.38
North Korea,PRK,1985,254.6
North Korea,PRK,1986,247.21
North Korea,PRK,1987,245.9
North Korea,PRK,1988,258.97
North Korea,PRK,1989,263.01
North Korea,PRK,1990,267.02
North Korea,PRK,1991,266.19
North Korea,PRK,1992,263.32
North Korea,PRK,1993,257.64
North Korea,PRK,1994,116.22
North Korea,PRK,1995,32.67
North Korea,PRK,1996,29.26
North Korea,PRK,1997,60.33
North Korea,PRK,1998,51.84
North Korea,PRK,1999,61.37
North Korea,PRK,2000,66.55
North Korea,PRK,2001,75.09
North Korea,PRK,2002,29.2
North Korea,PRK,2003,20.51
North Korea,PRK,2004,39.89
North Korea,PRK,2005,34.87
North Korea,PRK,2006,46.2
North Korea,PRK,2007,32.09
North Korea,PRK,2008,31.68
North Korea,PRK,2009,42.11
North Korea,PRK,2010,52.16
North Korea,PRK,2011,66.72
North Korea,PRK,2012,48.87
North Korea,PRK,2013,51.99
North Korea,PRK,2014,43.35
North Korea,PRK,2015,36.27
North Korea,PRK,2016,50.16
North Korea,PRK,2017,46.81
North Korea,PRK,2018,70.22
North Korea,PRK,2019,27.03
North Korea,PRK,2020,11.72
North Korea,PRK,2021,7.61
North Korea,PRK,2022,1.66
North Korea,PRK,2023,8.52
North Macedonia,MKD,1994,54.71
North Macedonia,MKD,1995,38.44
North Macedonia,MKD,1996,46.2
North Macedonia,MKD,1997,43.43
North Macedonia,MKD,1998,39.69
North Macedonia,MKD,1999,39.49
North Macedonia,MKD,2000,32.05
North Macedonia,MKD,2001,20.59
North Macedonia,MKD,2002,16.52
North Macedonia,MKD,2003,23.36
North Macedonia,MKD,2004,29.53
North Macedonia,MKD,2005,37.15
North Macedonia,MKD,2006,35.79
North Macedonia,MKD,2007,40.46
North Macedonia,MKD,2008,34.08
North Macedonia,MKD,2009,38.27
North Macedonia,MKD,2010,43.31
North Macedonia,MKD,2011,40.41
North Macedonia,MKD,2012,37.2
North Macedonia,MKD,2013,42.92
North Macedonia,MKD,2014,45.4
North Macedonia,MKD,2015,42.74
North Macedonia,MKD,2016,49.39
North Macedonia,MKD,2017,45.94
North Macedonia,MKD,2018,39.03
North Macedonia,MKD,2019,38.3
North Macedonia,MKD,2020,51.28
North Macedonia,MKD,2021,31.83
North Macedonia,MKD,2022,31.14
North Macedonia,MKD,2023,36.04
Northern Africa (FAO),,1961,7.09
Northern Africa (FAO),,1962,7.43
Northern Africa (FAO),,1963,8.63
Northern Africa (FAO),,1964,9.39
Northern Africa (FAO),,1965,10.09
Northern Africa (FAO),,1966,9.32
Northern Africa (FAO),,1967,9.48
Northern Africa (FAO),,1968,11.16
Northern Africa (FAO),,1969,12.1
Northern Africa (FAO),,1970,12.85
Northern Africa (FAO),,1971,13.92
Northern Africa (FAO),,1972,15.57
Northern Africa (FAO),,1973,15.61
Northern Africa (FAO),,1974,15.66
Northern Africa (FAO),,1975,17.3
Northern Africa (FAO),,1976,17.82
Northern Africa (FAO),,1977,17.14
Northern Africa (FAO),,1978,17.75
Northern Africa (FAO),,1979,19.32
Northern Africa (FAO),,1980,22.42
Northern Africa (FAO),,1981,22.98
Northern Africa (FAO),,1982,24.23
Northern Africa (FAO),,1983,23.28
Northern Africa (FAO),,1984,24.5
Northern Africa (FAO),,1985,26.65
Northern Africa (FAO),,1986,30.63
Northern Africa (FAO),,1987,28.71
Northern Africa (FAO),,1988,29.51
Northern Africa (FAO),,1989,26.89
Northern Africa (FAO),,1990,27.61
Northern Africa (FAO),,1991,26.78
Northern Africa (FAO),,1992,25.32
Northern Africa (FAO),,1993,28.23
Northern Africa (FAO),,1994,23.46
Northern Africa (FAO),,1995,27.47
Northern Africa (FAO),,1996,28.14
Northern Africa (FAO),,1997,27.5
Northern Africa (FAO),,1998,29.38
Northern Africa (FAO),,1999,29.95
Northern Africa (FAO),,2000,32.07
Northern Africa (FAO),,2001,33.05
Northern Africa (FAO),,2002,34.6
Northern Africa (FAO),,2003,32.82
Northern Africa (FAO),,2004,40.39
Northern Africa (FAO),,2005,37.69
Northern Africa (FAO),,2006,36.83
Northern Africa (FAO),,2007,33.68
Northern Africa (FAO),,2008,33.06
Northern Africa (FAO),,2009,33.29
Northern Africa (FAO),,2010,34.32
Northern Africa (FAO),,2011,34.34
Northern Africa (FAO),,2012,30.22
Northern Africa (FAO),,2013,31.04
Northern Africa (FAO),,2014,31.81
Northern Africa (FAO),,2015,34.54
Northern Africa (FAO),,2016,35.2
Northern Africa (FAO),,2017,37.31
Northern Africa (FAO),,2018,36.25
Northern Africa (FAO),,2019,34.59
Northern Africa (FAO),,2020,39.48
Northern Africa (FAO),,2021,37.43
Northern Africa (FAO),,2022,36.21
Northern Africa (FAO),,2023,35.3
Northern America (FAO),,1961,11.19
Northern America (FAO),,1962,13.09
Northern America (FAO),,1963,14.59
Northern America (FAO),,1964,15.87
Northern America (FAO),,1965,17.97
Northern America (FAO),,1966,20.64
Northern America (FAO),,1967,23.44
Northern America (FAO),,1968,23.62
Northern America (FAO),,1969,24.12
Northern America (FAO),,1970,26.21
Northern America (FAO),,1971,26.97
Northern America (FAO),,1972,27.73
Northern America (FAO),,1973,30.31
Northern America (FAO),,1974,30.16
Northern America (FAO),,1975,33.56
Northern America (FAO),,1976,36.09
Northern America (FAO),,1977,35.42
Northern America (FAO),,1978,36.21
Northern America (FAO),,1979,38.4
Northern America (FAO),,1980,40.58
Northern America (FAO),,1981,39.2
Northern America (FAO),,1982,34.82
Northern America (FAO),,1983,37.72
Northern America (FAO),,1984,40.89
Northern America (FAO),,1985,38.59
Northern America (FAO),,1986,36.68
Northern America (FAO),,1987,37.58
Northern America (FAO),,1988,37.99
Northern America (FAO),,1989,39.25
Northern America (FAO),,1990,40.06
Northern America (FAO),,1991,41
Northern America (FAO),,1992,41.6
Northern America (FAO),,1993,44.81
Northern America (FAO),,1994,44.52
Northern America (FAO),,1995,45.29
Northern America (FAO),,1996,46.99
Northern America (FAO),,1997,47.14
Northern America (FAO),,1998,47.48
Northern America (FAO),,1999,47.86
Northern America (FAO),,2000,45.49
Northern America (FAO),,2001,45.57
Northern America (FAO),,2002,47.37
Northern America (FAO),,2003,51.14
Northern America (FAO),,2004,48.92
Northern America (FAO),,2005,49.53
Northern America (FAO),,2006,52.43
Northern America (FAO),,2007,53.93
Northern America (FAO),,2008,49.74
Northern America (FAO),,2009,53
Northern America (FAO),,2010,56.21
Northern America (FAO),,2011,61.19
Northern America (FAO),,2012,62.98
Northern America (FAO),,2013,60.46
Northern America (FAO),,2014,59.54
Northern America (FAO),,2015,59.59
Northern America (FAO),,2016,58.06
Northern America (FAO),,2017,57.7
Northern America (FAO),,2018,60.58
Northern America (FAO),,2019,59.49
Northern America (FAO),,2020,62.85
Northern America (FAO),,2021,61.37
Northern America (FAO),,2022,60.08
Northern America (FAO),,2023,61.88
Northern Europe (FAO),,1961,41.54
Northern Europe (FAO),,1962,45.24
Northern Europe (FAO),,1963,49.41
Northern Europe (FAO),,1964,52.63
Northern Europe (FAO),,1965,60.09
Northern Europe (FAO),,1966,65.39
Northern Europe (FAO),,1967,74.77
Northern Europe (FAO),,1968,74.74
Northern Europe (FAO),,1969,72.74
Northern Europe (FAO),,1970,81.44
Northern Europe (FAO),,1971,90.15
Northern Europe (FAO),,1972,85.66
Northern Europe (FAO),,1973,95.89
Northern Europe (FAO),,1974,94.44
Northern Europe (FAO),,1975,104.41
Northern Europe (FAO),,1976,106.34
Northern Europe (FAO),,1977,112.6
Northern Europe (FAO),,1978,116.42
Northern Europe (FAO),,1979,123.01
Northern Europe (FAO),,1980,117.11
Northern Europe (FAO),,1981,124.27
Northern Europe (FAO),,1982,135.86
Northern Europe (FAO),,1983,140.89
Northern Europe (FAO),,1984,137.55
Northern Europe (FAO),,1985,135.4
Northern Europe (FAO),,1986,141.21
Northern Europe (FAO),,1987,134.26
Northern Europe (FAO),,1988,134.19
Northern Europe (FAO),,1989,142.08
Northern Europe (FAO),,1990,137.53
Northern Europe (FAO),,1991,125.03
Northern Europe (FAO),,1992,94.66
Northern Europe (FAO),,1993,95.06
Northern Europe (FAO),,1994,101.95
Northern Europe (FAO),,1995,100.23
Northern Europe (FAO),,1996,105.81
Northern Europe (FAO),,1997,101.36
Northern Europe (FAO),,1998,98.33
Northern Europe (FAO),,1999,99.53
Northern Europe (FAO),,2000,92.68
Northern Europe (FAO),,2001,102.3
Northern Europe (FAO),,2002,101.48
Northern Europe (FAO),,2003,101.84
Northern Europe (FAO),,2004,97.85
Northern Europe (FAO),,2005,91.66
Northern Europe (FAO),,2006,87.84
Northern Europe (FAO),,2007,89.86
Northern Europe (FAO),,2008,92.81
Northern Europe (FAO),,2009,84.42
Northern Europe (FAO),,2010,88.89
Northern Europe (FAO),,2011,88.84
Northern Europe (FAO),,2012,87.56
Northern Europe (FAO),,2013,87.45
Northern Europe (FAO),,2014,93.32
Northern Europe (FAO),,2015,96.83
Northern Europe (FAO),,2016,95.91
Northern Europe (FAO),,2017,97.82
Northern Europe (FAO),,2018,96.22
Northern Europe (FAO),,2019,96.95
Northern Europe (FAO),,2020,96.94
Northern Europe (FAO),,2021,96.85
Northern Europe (FAO),,2022,84.03
Northern Europe (FAO),,2023,83.92
Norway,NOR,1961,58.23
Norway,NOR,1962,70.27
Norway,NOR,1963,66.56
Norway,NOR,1964,68.86
Norway,NOR,1965,74.09
Norway,NOR,1966,74.5
Norway,NOR,1967,79.88
Norway,NOR,1968,81.73
Norway,NOR,1969,93.11
Norway,NOR,1970,96.07
Norway,NOR,1971,101.12
Norway,NOR,1972,99.12
Norway,NOR,1973,107.97
Norway,NOR,1974,121.31
Norway,NOR,1975,123.48
Norway,NOR,1976,119.5
Norway,NOR,1977,126.5
Norway,NOR,1978,134.62
Norway,NOR,1979,136.39
Norway,NOR,1980,134.76
Norway,NOR,1981,128.86
Norway,NOR,1982,129.73
Norway,NOR,1983,130.27
Norway,NOR,1984,129.59
Norway,NOR,1985,123.54
Norway,NOR,1986,126.35
Norway,NOR,1987,127.96
Norway,NOR,1988,125.97
Norway,NOR,1989,125.17
Norway,NOR,1990,128.23
Norway,NOR,1991,124.36
Norway,NOR,1992,123.78
Norway,NOR,1993,120
Norway,NOR,1994,122.09
Norway,NOR,1995,112.9
Norway,NOR,1996,112
Norway,NOR,1997,124.17
Norway,NOR,1998,117.39
Norway,NOR,1999,119.5
Norway,NOR,2000,115.38
Norway,NOR,2001,113.53
Norway,NOR,2002,112.31
Norway,NOR,2003,117.11
Norway,NOR,2004,118.29
Norway,NOR,2005,121.74
Norway,NOR,2006,119.4
Norway,NOR,2007,124
Norway,NOR,2008,126.75
Norway,NOR,2009,110.48
Norway,NOR,2010,102.84
Norway,NOR,2011,116.73
Norway,NOR,2012,115.72
Norway,NOR,2013,117.82
Norway,NOR,2014,122.31
Norway,NOR,2015,126.64
Norway,NOR,2016,126.78
Norway,NOR,2017,123.9
Norway,NOR,2018,126.99
Norway,NOR,2019,132.56
Norway,NOR,2020,131.1
Norway,NOR,2021,132.77
Norway,NOR,2022,136.9
Norway,NOR,2023,131.68
Oceania (FAO),,1961,2.1
Oceania (FAO),,1962,2.53
Oceania (FAO),,1963,4
Oceania (FAO),,1964,3.62
Oceania (FAO),,1965,3.63
Oceania (FAO),,1966,4.02
Oceania (FAO),,1967,5.85
Oceania (FAO),,1968,5.75
Oceania (FAO),,1969,5.62
Oceania (FAO),,1970,5.84
Oceania (FAO),,1971,6.52
Oceania (FAO),,1972,8.65
Oceania (FAO),,1973,10.06
Oceania (FAO),,1974,10.56
Oceania (FAO),,1975,10.58
Oceania (FAO),,1976,12.45
Oceania (FAO),,1977,10.63
Oceania (FAO),,1978,11.43
Oceania (FAO),,1979,12.45
Oceania (FAO),,1980,12.19
Oceania (FAO),,1981,12.31
Oceania (FAO),,1982,11.65
Oceania (FAO),,1983,13.65
Oceania (FAO),,1984,13.8
Oceania (FAO),,1985,14.02
Oceania (FAO),,1986,14.08
Oceania (FAO),,1987,16.13
Oceania (FAO),,1988,18.43
Oceania (FAO),,1989,21.42
Oceania (FAO),,1990,21.99
Oceania (FAO),,1991,22.78
Oceania (FAO),,1992,25.39
Oceania (FAO),,1993,27.9
Oceania (FAO),,1994,27.74
Oceania (FAO),,1995,33.56
Oceania (FAO),,1996,36.23
Oceania (FAO),,1997,34.11
Oceania (FAO),,1998,38.51
Oceania (FAO),,1999,39.59
Oceania (FAO),,2000,34.31
Oceania (FAO),,2001,36.36
Oceania (FAO),,2002,35.08
Oceania (FAO),,2003,34.34
Oceania (FAO),,2004,35.71
Oceania (FAO),,2005,31.56
Oceania (FAO),,2006,30.64
Oceania (FAO),,2007,31.46
Oceania (FAO),,2008,30.15
Oceania (FAO),,2009,27.33
Oceania (FAO),,2010,33.03
Oceania (FAO),,2011,30.2
Oceania (FAO),,2012,31.04
Oceania (FAO),,2013,33.96
Oceania (FAO),,2014,38.01
Oceania (FAO),,2015,36.68
Oceania (FAO),,2016,42.46
Oceania (FAO),,2017,42.29
Oceania (FAO),,2018,39.81
Oceania (FAO),,2019,38.25
Oceania (FAO),,2020,50.81
Oceania (FAO),,2021,56.27
Oceania (FAO),,2022,52.84
Oceania (FAO),,2023,59.13
Oman,OMN,1973,2.91
Oman,OMN,1974,3.85
Oman,OMN,1975,5.4
Oman,OMN,1976,2.71
Oman,OMN,1977,4.08
Oman,OMN,1978,3.57
Oman,OMN,1979,15.84
Oman,OMN,1980,13.08
Oman,OMN,1981,9.2
Oman,OMN,1982,16.27
Oman,OMN,1983,11.8
Oman,OMN,1984,7.12
Oman,OMN,1985,17.7
Oman,OMN,1986,11.37
Oman,OMN,1987,10.9
Oman,OMN,1988,33.1
Oman,OMN,1989,31.51
Oman,OMN,1990,60.45
Oman,OMN,1991,60.64
Oman,OMN,1992,60.24
Oman,OMN,1993,69.44
Oman,OMN,1994,83.33
Oman,OMN,1995,84.51
Oman,OMN,1996,69.11
Oman,OMN,1997,49.91
Oman,OMN,1998,94.65
Oman,OMN,1999,80.21
Oman,OMN,2000,54.11
Oman,OMN,2001,77.91
Oman,OMN,2002,57.59
Oman,OMN,2003,23.97
Oman,OMN,2004,83.72
Oman,OMN,2005,123.2
Oman,OMN,2006,131.2
Oman,OMN,2007,117.36
Oman,OMN,2008,169.53
Oman,OMN,2009,113.76
Oman,OMN,2010,132.65
Oman,OMN,2011,124.62
Oman,OMN,2012,137.41
Oman,OMN,2013,163.84
Oman,OMN,2014,125.06
Oman,OMN,2015,112.42
Oman,OMN,2016,104.89
Oman,OMN,2017,87.16
Oman,OMN,2018,94.44
Oman,OMN,2019,84.49
Oman,OMN,2020,83.33
Oman,OMN,2021,106.55
Oman,OMN,2022,106.87
Oman,OMN,2023,102.03
Pakistan,PAK,1961,1.36
Pakistan,PAK,1962,1.33
Pakistan,PAK,1963,2.19
Pakistan,PAK,1964,2.68
Pakistan,PAK,1965,2.15
Pakistan,PAK,1966,3.32
Pakistan,PAK,1967,5.46
Pakistan,PAK,1968,6.33
Pakistan,PAK,1969,8.88
Pakistan,PAK,1970,8.15
Pakistan,PAK,1971,11.28
Pakistan,PAK,1972,12.66
Pakistan,PAK,1973,10.89
Pakistan,PAK,1974,11.81
Pakistan,PAK,1975,14.29
Pakistan,PAK,1976,16.64
Pakistan,PAK,1977,17.92
Pakistan,PAK,1978,21.78
Pakistan,PAK,1979,24.76
Pakistan,PAK,1980,26.02
Pakistan,PAK,1981,26.43
Pakistan,PAK,1982,28.47
Pakistan,PAK,1983,29.11
Pakistan,PAK,1984,28.75
Pakistan,PAK,1985,35.12
Pakistan,PAK,1986,43.59
Pakistan,PAK,1987,40.47
Pakistan,PAK,1988,43.64
Pakistan,PAK,1989,47.56
Pakistan,PAK,1990,48.72
Pakistan,PAK,1991,48.33
Pakistan,PAK,1992,53.86
Pakistan,PAK,1993,53.96
Pakistan,PAK,1994,56.45
Pakistan,PAK,1995,64.17
Pakistan,PAK,1996,63.68
Pakistan,PAK,1997,65.92
Pakistan,PAK,1998,65.86
Pakistan,PAK,1999,69.85
Pakistan,PAK,2000,71.44
Pakistan,PAK,2001,71.68
Pakistan,PAK,2002,74.8
Pakistan,PAK,2003,77.13
Pakistan,PAK,2004,82.79
Pakistan,PAK,2005,91.03
Pakistan,PAK,2006,92.15
Pakistan,PAK,2007,87.51
Pakistan,PAK,2008,96.59
Pakistan,PAK,2009,114.01
Pakistan,PAK,2010,108.15
Pakistan,PAK,2011,103.03
Pakistan,PAK,2012,91.77
Pakistan,PAK,2013,103.57
Pakistan,PAK,2014,100.45
Pakistan,PAK,2015,101.29
Pakistan,PAK,2016,101.97
Pakistan,PAK,2017,107.71
Pakistan,PAK,2018,107.87
Pakistan,PAK,2019,112.09
Pakistan,PAK,2020,111.57
Pakistan,PAK,2021,119.78
Pakistan,PAK,2022,118.49
Pakistan,PAK,2023,122.88
Palau,PLW,2002,3.13
Palau,PLW,2003,6.61
Palau,PLW,2004,6.42
Palau,PLW,2005,2.77
Palau,PLW,2006,6.57
Palau,PLW,2007,10.02
Palau,PLW,2008,5.55
Palau,PLW,2009,11.79
Palau,PLW,2010,6.5
Palau,PLW,2011,10.48
Palau,PLW,2012,6.03
Palau,PLW,2013,15.24
Palau,PLW,2014,15.2
Palau,PLW,2015,15.03
Palau,PLW,2016,15.43
Palau,PLW,2017,3.2
Palau,PLW,2018,3.49
Palau,PLW,2019,3.49
Palau,PLW,2020,3.49
Palau,PLW,2021,3.49
Palau,PLW,2022,3.49
Palau,PLW,2023,3.49
Palestine,PSE,2002,56.62
Palestine,PSE,2003,43.68
Palestine,PSE,2004,45.5
Palestine,PSE,2005,46.22
Palestine,PSE,2006,49.03
Palestine,PSE,2007,48.14
Palestine,PSE,2008,43.98
Palestine,PSE,2009,51.92
Palestine,PSE,2010,45.37
Palestine,PSE,2011,44.28
Palestine,PSE,2012,49
Palestine,PSE,2013,50.07
Palestine,PSE,2014,45.29
Palestine,PSE,2015,46.3
Palestine,PSE,2016,59.05
Palestine,PSE,2017,55.4
Palestine,PSE,2018,50.99
Palestine,PSE,2019,52.13
Palestine,PSE,2020,62.99
Palestine,PSE,2021,53.97
Palestine,PSE,2022,48.39
Palestine,PSE,2023,48.39
Panama,PAN,1961,8.87
Panama,PAN,1962,17.73
Panama,PAN,1963,17.73
Panama,PAN,1964,19.71
Panama,PAN,1965,14.34
Panama,PAN,1966,17.92
Panama,PAN,1967,14.57
Panama,PAN,1968,23.68
Panama,PAN,1969,26.14
Panama,PAN,1970,27.62
Panama,PAN,1971,26
Panama,PAN,1972,29.78
Panama,PAN,1973,21.74
Panama,PAN,1974,24.67
Panama,PAN,1975,24.57
Panama,PAN,1976,20.11
Panama,PAN,1977,16.39
Panama,PAN,1978,17.45
Panama,PAN,1979,21.56
Panama,PAN,1980,20.54
Panama,PAN,1981,24.73
Panama,PAN,1982,24.22
Panama,PAN,1983,18.93
Panama,PAN,1984,20.82
Panama,PAN,1985,23.53
Panama,PAN,1986,34.05
Panama,PAN,1987,33.01
Panama,PAN,1988,33.76
Panama,PAN,1989,28.76
Panama,PAN,1990,33.14
Panama,PAN,1991,25.05
Panama,PAN,1992,35.9
Panama,PAN,1993,39.67
Panama,PAN,1994,26.99
Panama,PAN,1995,25.5
Panama,PAN,1996,41.83
Panama,PAN,1997,32.32
Panama,PAN,1998,31.7
Panama,PAN,1999,26.03
Panama,PAN,2000,22.01
Panama,PAN,2001,22.6
Panama,PAN,2002,21.43
Panama,PAN,2003,24.89
Panama,PAN,2004,21.52
Panama,PAN,2005,22.06
Panama,PAN,2006,25.08
Panama,PAN,2007,20.29
Panama,PAN,2008,21.61
Panama,PAN,2009,24.02
Panama,PAN,2010,28.52
Panama,PAN,2011,17.45
Panama,PAN,2012,30.53
Panama,PAN,2013,36.35
Panama,PAN,2014,22.04
Panama,PAN,2015,22.39
Panama,PAN,2016,13.56
Panama,PAN,2017,17.29
Panama,PAN,2018,26.02
Panama,PAN,2019,26.58
Panama,PAN,2020,45.63
Panama,PAN,2021,57.06
Panama,PAN,2022,32.83
Panama,PAN,2023,56.73
Papua New Guinea,PNG,1961,0.23
Papua New Guinea,PNG,1962,0.22
Papua New Guinea,PNG,1963,0.22
Papua New Guinea,PNG,1964,0.21
Papua New Guinea,PNG,1965,0.21
Papua New Guinea,PNG,1966,0.63
Papua New Guinea,PNG,1967,1.01
Papua New Guinea,PNG,1968,0.99
Papua New Guinea,PNG,1969,1.92
Papua New Guinea,PNG,1970,1.87
Papua New Guinea,PNG,1971,3.66
Papua New Guinea,PNG,1972,3.58
Papua New Guinea,PNG,1973,4.5
Papua New Guinea,PNG,1974,5.81
Papua New Guinea,PNG,1975,5.49
Papua New Guinea,PNG,1976,6.89
Papua New Guinea,PNG,1977,8.9
Papua New Guinea,PNG,1978,9.01
Papua New Guinea,PNG,1979,4.67
Papua New Guinea,PNG,1980,4.37
Papua New Guinea,PNG,1981,10.55
Papua New Guinea,PNG,1982,4.6
Papua New Guinea,PNG,1983,5.01
Papua New Guinea,PNG,1984,4.77
Papua New Guinea,PNG,1985,7.33
Papua New Guinea,PNG,1986,9.18
Papua New Guinea,PNG,1987,9.84
Papua New Guinea,PNG,1988,8.14
Papua New Guinea,PNG,1989,8.12
Papua New Guinea,PNG,1990,6.81
Papua New Guinea,PNG,1991,8.2
Papua New Guinea,PNG,1992,10.04
Papua New Guinea,PNG,1993,9.74
Papua New Guinea,PNG,1994,9.72
Papua New Guinea,PNG,1995,9.59
Papua New Guinea,PNG,1996,9.46
Papua New Guinea,PNG,1997,9.55
Papua New Guinea,PNG,1998,3.6
Papua New Guinea,PNG,1999,3
Papua New Guinea,PNG,2000,5.18
Papua New Guinea,PNG,2001,5.26
Papua New Guinea,PNG,2002,5.4
Papua New Guinea,PNG,2003,7.4
Papua New Guinea,PNG,2004,15.81
Papua New Guinea,PNG,2005,14.67
Papua New Guinea,PNG,2006,11.78
Papua New Guinea,PNG,2007,11.94
Papua New Guinea,PNG,2008,12.98
Papua New Guinea,PNG,2009,17.65
Papua New Guinea,PNG,2010,14.83
Papua New Guinea,PNG,2011,10.55
Papua New Guinea,PNG,2012,14.72
Papua New Guinea,PNG,2013,15.08
Papua New Guinea,PNG,2014,15.27
Papua New Guinea,PNG,2015,18.26
Papua New Guinea,PNG,2016,18.46
Papua New Guinea,PNG,2017,21.69
Papua New Guinea,PNG,2018,23.51
Papua New Guinea,PNG,2019,23.66
Papua New Guinea,PNG,2020,21.74
Papua New Guinea,PNG,2021,20.5
Papua New Guinea,PNG,2022,25.08
Papua New Guinea,PNG,2023,20.75
Paraguay,PRY,1961,0.06
Paraguay,PRY,1962,0.12
Paraguay,PRY,1963,0.12
Paraguay,PRY,1964,0.33
Paraguay,PRY,1965,0.3
Paraguay,PRY,1966,0.3
Paraguay,PRY,1967,0.33
Paraguay,PRY,1968,0.44
Paraguay,PRY,1969,0.55
Paraguay,PRY,1970,2.68
Paraguay,PRY,1971,1.35
Paraguay,PRY,1972,1.59
Paraguay,PRY,1973,1.09
Paraguay,PRY,1974,0.65
Paraguay,PRY,1975,0.26
Paraguay,PRY,1976,0.39
Paraguay,PRY,1977,0.22
Paraguay,PRY,1978,0.53
Paraguay,PRY,1979,0.68
Paraguay,PRY,1980,0.78
Paraguay,PRY,1981,1.22
Paraguay,PRY,1982,1.06
Paraguay,PRY,1983,0.88
Paraguay,PRY,1984,0.66
Paraguay,PRY,1985,1.72
Paraguay,PRY,1986,1.85
Paraguay,PRY,1987,0.91
Paraguay,PRY,1988,1.03
Paraguay,PRY,1989,1.61
Paraguay,PRY,1990,1.65
Paraguay,PRY,1991,1.94
Paraguay,PRY,1992,2
Paraguay,PRY,1993,4.12
Paraguay,PRY,1994,3.88
Paraguay,PRY,1995,3.71
Paraguay,PRY,1996,5.19
Paraguay,PRY,1997,5.56
Paraguay,PRY,1998,6.95
Paraguay,PRY,1999,6.08
Paraguay,PRY,2000,5.88
Paraguay,PRY,2001,6.89
Paraguay,PRY,2002,10.54
Paraguay,PRY,2003,12.29
Paraguay,PRY,2004,14.67
Paraguay,PRY,2005,11.88
Paraguay,PRY,2006,13.3
Paraguay,PRY,2007,21.03
Paraguay,PRY,2008,15.32
Paraguay,PRY,2009,15.62
Paraguay,PRY,2010,21.23
Paraguay,PRY,2011,25.72
Paraguay,PRY,2012,24.5
Paraguay,PRY,2013,28.49
Paraguay,PRY,2014,32.65
Paraguay,PRY,2015,29.22
Paraguay,PRY,2016,28.39
Paraguay,PRY,2017,31.17
Paraguay,PRY,2018,30.58
Paraguay,PRY,2019,27.82
Paraguay,PRY,2020,31.64
Paraguay,PRY,2021,34.65
Paraguay,PRY,2022,24.77
Paraguay,PRY,2023,28.97
Peru,PER,1961,27.76
Peru,PER,1962,33.83
Peru,PER,1963,26.93
Peru,PER,1964,23.09
Peru,PER,1965,23.76
Peru,PER,1966,15.31
Peru,PER,1967,23.27
Peru,PER,1968,21.8
Peru,PER,1969,24.99
Peru,PER,1970,23.57
Peru,PER,1971,25.39
Peru,PER,1972,29.17
Peru,PER,1973,22.94
Peru,PER,1974,31.78
Peru,PER,1975,22.86
Peru,PER,1976,26.9
Peru,PER,1977,28.17
Peru,PER,1978,26.8
Peru,PER,1979,22.4
Peru,PER,1980,21.09
Peru,PER,1981,24.57
Peru,PER,1982,17.27
Peru,PER,1983,12.47
Peru,PER,1984,12.79
Peru,PER,1985,10.9
Peru,PER,1986,28.67
Peru,PER,1987,35.19
Peru,PER,1988,34.39
Peru,PER,1989,24.18
Peru,PER,1990,17.71
Peru,PER,1991,12.15
Peru,PER,1992,13.25
Peru,PER,1993,19.79
Peru,PER,1994,21.9
Peru,PER,1995,25.55
Peru,PER,1996,26.26
Peru,PER,1997,29.46
Peru,PER,1998,33.42
Peru,PER,1999,32.93
Peru,PER,2000,37.16
Peru,PER,2001,38.78
Peru,PER,2002,40.97
Peru,PER,2003,39.62
Peru,PER,2004,40.8
Peru,PER,2005,34.84
Peru,PER,2006,39.15
Peru,PER,2007,47.46
Peru,PER,2008,38.98
Peru,PER,2009,50.15
Peru,PER,2010,42.69
Peru,PER,2011,47.9
Peru,PER,2012,50.67
Peru,PER,2013,47.3
Peru,PER,2014,45.91
Peru,PER,2015,47.85
Peru,PER,2016,51.27
Peru,PER,2017,57.72
Peru,PER,2018,41.71
Peru,PER,2019,58.1
Peru,PER,2020,50.32
Peru,PER,2021,49.31
Peru,PER,2022,45.18
Peru,PER,2023,35.85
Philippines,PHL,1961,5.19
Philippines,PHL,1962,6.88
Philippines,PHL,1963,7.37
Philippines,PHL,1964,7.17
Philippines,PHL,1965,7.92
Philippines,PHL,1966,9.04
Philippines,PHL,1967,8.62
Philippines,PHL,1968,8.54
Philippines,PHL,1969,13.71
Philippines,PHL,1970,15.95
Philippines,PHL,1971,16.39
Philippines,PHL,1972,15.07
Philippines,PHL,1973,19.6
Philippines,PHL,1974,22.17
Philippines,PHL,1975,17.26
Philippines,PHL,1976,20.37
Philippines,PHL,1977,19.15
Philippines,PHL,1978,22.45
Philippines,PHL,1979,24.12
Philippines,PHL,1980,23.35
Philippines,PHL,1981,21.9
Philippines,PHL,1982,24.15
Philippines,PHL,1983,25.27
Philippines,PHL,1984,18.67
Philippines,PHL,1985,21.11
Philippines,PHL,1986,30.45
Philippines,PHL,1987,37.88
Philippines,PHL,1988,37.81
Philippines,PHL,1989,38
Philippines,PHL,1990,40.55
Philippines,PHL,1991,30.62
Philippines,PHL,1992,36.87
Philippines,PHL,1993,41
Philippines,PHL,1994,41.29
Philippines,PHL,1995,41.03
Philippines,PHL,1996,49.56
Philippines,PHL,1997,55.46
Philippines,PHL,1998,41.62
Philippines,PHL,1999,49.09
Philippines,PHL,2000,50.15
Philippines,PHL,2001,52.39
Philippines,PHL,2002,46.21
Philippines,PHL,2003,58.79
Philippines,PHL,2004,63.17
Philippines,PHL,2005,55.21
Philippines,PHL,2006,47.06
Philippines,PHL,2007,50.53
Philippines,PHL,2008,38.18
Philippines,PHL,2009,40.39
Philippines,PHL,2010,55.96
Philippines,PHL,2011,48.18
Philippines,PHL,2012,43
Philippines,PHL,2013,48.09
Philippines,PHL,2014,54.15
Philippines,PHL,2015,47.78
Philippines,PHL,2016,56.81
Philippines,PHL,2017,68.65
Philippines,PHL,2018,58.46
Philippines,PHL,2019,63.72
Philippines,PHL,2020,67.25
Philippines,PHL,2021,64.02
Philippines,PHL,2022,71.72
Philippines,PHL,2023,58.22
Poland,POL,1961,14.81
Poland,POL,1962,15.74
Poland,POL,1963,17.68
Poland,POL,1964,19.4
Poland,POL,1965,22.1
Poland,POL,1966,26.18
Poland,POL,1967,31.18
Poland,POL,1968,36.2
Poland,POL,1969,40.96
Poland,POL,1970,42.93
Poland,POL,1971,47.5
Poland,POL,1972,51.72
Poland,POL,1973,56.86
Poland,POL,1974,60.64
Poland,POL,1975,65.06
Poland,POL,1976,64.31
Poland,POL,1977,66.39
Poland,POL,1978,68.99
Poland,POL,1979,70.06
Poland,POL,1980,71.85
Poland,POL,1981,65.31
Poland,POL,1982,67.19
Poland,POL,1983,71.44
Poland,POL,1984,66.66
Poland,POL,1985,72.03
Poland,POL,1986,74.94
Poland,POL,1987,72.1
Poland,POL,1988,81.43
Poland,POL,1989,80.15
Poland,POL,1990,36.44
Poland,POL,1991,30.95
Poland,POL,1992,37.19
Poland,POL,1993,41.33
Poland,POL,1994,45.65
Poland,POL,1995,46.76
Poland,POL,1996,50.74
Poland,POL,1997,56.4
Poland,POL,1998,47.96
Poland,POL,1999,47.85
Poland,POL,2000,49.99
Poland,POL,2001,49.51
Poland,POL,2002,49.89
Poland,POL,2003,55.5
Poland,POL,2004,55.26
Poland,POL,2005,63.68
Poland,POL,2006,66.32
Poland,POL,2007,74.92
Poland,POL,2008,70.57
Poland,POL,2009,65.84
Poland,POL,2010,77.8
Poland,POL,2011,76.23
Poland,POL,2012,83.31
Poland,POL,2013,78.43
Poland,POL,2014,71.03
Poland,POL,2015,73.98
Poland,POL,2016,82.19
Poland,POL,2017,83.52
Poland,POL,2018,69.99
Poland,POL,2019,72.56
Poland,POL,2020,63.28
Poland,POL,2021,63.67
Poland,POL,2022,72.07
Poland,POL,2023,80.11
Polynesia (FAO),,1974,0.37
Polynesia (FAO),,1975,0.8
Polynesia (FAO),,1976,1.45
Polynesia (FAO),,1977,1.52
Polynesia (FAO),,1978,2.31
Polynesia (FAO),,1979,1.91
Polynesia (FAO),,1980,2.07
Polynesia (FAO),,1981,2.86
Polynesia (FAO),,1982,2.72
Polynesia (FAO),,1983,3.23
Polynesia (FAO),,1984,6.04
Polynesia (FAO),,1985,3.35
Polynesia (FAO),,1986,1.99
Polynesia (FAO),,1987,2.03
Polynesia (FAO),,1988,2.02
Polynesia (FAO),,1989,2.43
Polynesia (FAO),,1990,2.43
Polynesia (FAO),,1991,2.43
Polynesia (FAO),,1992,3.32
Polynesia (FAO),,1993,3.32
Polynesia (FAO),,1994,3.35
Polynesia (FAO),,1995,3.32
Polynesia (FAO),,1996,3.32
Polynesia (FAO),,1997,3.38
Polynesia (FAO),,1998,3.38
Polynesia (FAO),,1999,4.2
Polynesia (FAO),,2000,4.42
Polynesia (FAO),,2001,3.38
Polynesia (FAO),,2002,3.66
Polynesia (FAO),,2003,3.3
Polynesia (FAO),,2004,3.85
Polynesia (FAO),,2005,3.11
Polynesia (FAO),,2006,3.46
Polynesia (FAO),,2007,3.48
Polynesia (FAO),,2008,6.04
Polynesia (FAO),,2009,4.19
Polynesia (FAO),,2010,3.71
Polynesia (FAO),,2011,3.36
Polynesia (FAO),,2012,2.75
Polynesia (FAO),,2013,2.77
Polynesia (FAO),,2014,2.25
Polynesia (FAO),,2015,3.13
Polynesia (FAO),,2016,3.21
Polynesia (FAO),,2017,4.1
Polynesia (FAO),,2018,2.76
Polynesia (FAO),,2019,4.34
Polynesia (FAO),,2020,3.52
Polynesia (FAO),,2021,4.21
Polynesia (FAO),,2022,3.09
Polynesia (FAO),,2023,2.42
Portugal,PRT,1961,22.52
Portugal,PRT,1962,18.1
Portugal,PRT,1963,28.48
Portugal,PRT,1964,35.61
Portugal,PRT,1965,28.85
Portugal,PRT,1966,22.83
Portugal,PRT,1967,33.06
Portugal,PRT,1968,32.91
Portugal,PRT,1969,36.52
Portugal,PRT,1970,24.8
Portugal,PRT,1971,29.21
Portugal,PRT,1972,42.02
Portugal,PRT,1973,41.09
Portugal,PRT,1974,40.74
Portugal,PRT,1975,45.22
Portugal,PRT,1976,43.74
Portugal,PRT,1977,49.37
Portugal,PRT,1978,44.24
Portugal,PRT,1979,49.41
Portugal,PRT,1980,43.49
Portugal,PRT,1981,46.13
Portugal,PRT,1982,44.03
Portugal,PRT,1983,39.9
Portugal,PRT,1984,39.07
Portugal,PRT,1985,43.47
Portugal,PRT,1986,47.42
Portugal,PRT,1987,47.27
Portugal,PRT,1988,49.42
Portugal,PRT,1989,45.91
Portugal,PRT,1990,48.06
Portugal,PRT,1991,45.75
Portugal,PRT,1992,41.78
Portugal,PRT,1993,43.04
Portugal,PRT,1994,43.36
Portugal,PRT,1995,43.1
Portugal,PRT,1996,48.35
Portugal,PRT,1997,46.72
Portugal,PRT,1998,52.23
Portugal,PRT,1999,49.46
Portugal,PRT,2000,44.5
Portugal,PRT,2001,42.73
Portugal,PRT,2002,41.93
Portugal,PRT,2003,40.98
Portugal,PRT,2004,39.33
Portugal,PRT,2005,40.88
Portugal,PRT,2006,44.07
Portugal,PRT,2007,60.13
Portugal,PRT,2008,54.1
Portugal,PRT,2009,50.91
Portugal,PRT,2010,53.85
Portugal,PRT,2011,51.43
Portugal,PRT,2012,57.58
Portugal,PRT,2013,58.71
Portugal,PRT,2014,70.37
Portugal,PRT,2015,64.71
Portugal,PRT,2016,62.21
Portugal,PRT,2017,59
Portugal,PRT,2018,58.12
Portugal,PRT,2019,57.75
Portugal,PRT,2020,56.04
Portugal,PRT,2021,51.79
Portugal,PRT,2022,37.81
Portugal,PRT,2023,49.34
Puerto Rico,PRI,2002,21.48
Puerto Rico,PRI,2003,11.46
Puerto Rico,PRI,2004,14.57
Puerto Rico,PRI,2005,11.51
Puerto Rico,PRI,2006,15.74
Puerto Rico,PRI,2007,13.44
Puerto Rico,PRI,2008,13.75
Puerto Rico,PRI,2009,10.45
Puerto Rico,PRI,2010,18.03
Puerto Rico,PRI,2011,16.71
Puerto Rico,PRI,2012,17.49
Puerto Rico,PRI,2013,18.97
Puerto Rico,PRI,2014,22.05
Puerto Rico,PRI,2015,21.1
Puerto Rico,PRI,2016,19.6
Puerto Rico,PRI,2017,21.64
Puerto Rico,PRI,2018,28.55
Puerto Rico,PRI,2019,28.16
Puerto Rico,PRI,2020,27.12
Puerto Rico,PRI,2021,23.66
Puerto Rico,PRI,2022,19.58
Puerto Rico,PRI,2023,19.58
Qatar,QAT,1975,100
Qatar,QAT,1976,150
Qatar,QAT,1977,150
Qatar,QAT,1978,207
Qatar,QAT,1979,200
Qatar,QAT,1980,160
Qatar,QAT,1981,140
Qatar,QAT,1982,85.71
Qatar,QAT,1983,79.75
Qatar,QAT,1984,66.89
Qatar,QAT,1985,57.78
Qatar,QAT,1986,50
Qatar,QAT,1987,45.45
Qatar,QAT,1988,54.55
Qatar,QAT,1989,115
Qatar,QAT,1990,125.45
Qatar,QAT,1991,136.36
Qatar,QAT,1992,107.14
Qatar,QAT,1993,133.33
Qatar,QAT,1994,400
Qatar,QAT,1995,400
Qatar,QAT,1996,73.25
Qatar,QAT,1997,72.81
Qatar,QAT,1998,62.5
Qatar,QAT,1999,50
Qatar,QAT,2000,31.25
Qatar,QAT,2001,55.21
Qatar,QAT,2002,63.69
Qatar,QAT,2003,61.73
Qatar,QAT,2004,65.79
Qatar,QAT,2005,68.49
Qatar,QAT,2006,65.36
Qatar,QAT,2007,62.5
Qatar,QAT,2008,59.88
Qatar,QAT,2009,57.47
Qatar,QAT,2010,55.25
Qatar,QAT,2011,53.19
Qatar,QAT,2012,51.28
Qatar,QAT,2013,79.21
Qatar,QAT,2014,66.67
Qatar,QAT,2015,57.14
Qatar,QAT,2016,57.14
Qatar,QAT,2017,63.64
Qatar,QAT,2018,47.7
Qatar,QAT,2019,61.85
Qatar,QAT,2020,66.99
Qatar,QAT,2021,64.88
Qatar,QAT,2022,64.88
Qatar,QAT,2023,64.88
Reunion,REU,1961,44.42
Reunion,REU,1962,47.17
Reunion,REU,1963,56.6
Reunion,REU,1964,75.47
Reunion,REU,1965,94.34
Reunion,REU,1966,94.34
Reunion,REU,1967,79.28
Reunion,REU,1968,80.93
Reunion,REU,1969,87.04
Reunion,REU,1970,74.07
Reunion,REU,1971,90.74
Reunion,REU,1972,83.33
Reunion,REU,1973,127.08
Reunion,REU,1974,102.02
Reunion,REU,1975,99.9
Reunion,REU,1976,85.42
Reunion,REU,1977,118.75
Reunion,REU,1978,126.27
Reunion,REU,1979,109.11
Reunion,REU,1980,34.02
Reunion,REU,1981,94.52
Reunion,REU,1982,63.29
Reunion,REU,1983,117.07
Reunion,REU,1984,85.69
Reunion,REU,1985,92.42
Reunion,REU,1986,99.15
Reunion,REU,1987,87.67
Reunion,REU,1988,96.24
Reunion,REU,1989,109.62
Reunion,REU,1990,69.23
Reunion,REU,1991,98.04
Reunion,REU,1992,130
Reunion,REU,1993,131.71
Reunion,REU,1994,75
Reunion,REU,1995,94.59
Reunion,REU,1996,94.59
Reunion,REU,1997,52.63
Reunion,REU,1998,55.26
Reunion,REU,1999,51.22
Reunion,REU,2000,48.78
Reunion,REU,2001,57.5
Reunion,REU,2002,7.16
Reunion,REU,2003,5.73
Reunion,REU,2004,6.36
Reunion,REU,2005,6.14
Reunion,REU,2006,6.7
Reunion,REU,2007,6.92
Reunion,REU,2008,7.45
Reunion,REU,2009,7.3
Reunion,REU,2010,8.72
Reunion,REU,2011,9.03
Reunion,REU,2012,9.25
Reunion,REU,2013,9.89
Reunion,REU,2014,11.03
Reunion,REU,2015,10.38
Reunion,REU,2016,12.39
Reunion,REU,2017,14.3
Reunion,REU,2018,11.7
Reunion,REU,2019,12.46
Reunion,REU,2020,16.35
Reunion,REU,2021,14.68
Reunion,REU,2022,13.43
Reunion,REU,2023,13.57
Romania,ROU,1961,26.37
Romania,ROU,1962,4.08
Romania,ROU,1963,8.18
Romania,ROU,1964,9.66
Romania,ROU,1965,13.79
Romania,ROU,1966,19.76
Romania,ROU,1967,27.42
Romania,ROU,1968,31.25
Romania,ROU,1969,33.18
Romania,ROU,1970,34.9
Romania,ROU,1971,41.04
Romania,ROU,1972,40.14
Romania,ROU,1973,42.39
Romania,ROU,1974,46.8
Romania,ROU,1975,75.05
Romania,ROU,1976,58.19
Romania,ROU,1977,54.21
Romania,ROU,1978,77.88
Romania,ROU,1979,74.99
Romania,ROU,1980,61.57
Romania,ROU,1981,83.93
Romania,ROU,1982,84
Romania,ROU,1983,83.18
Romania,ROU,1984,81.05
Romania,ROU,1985,82.85
Romania,ROU,1986,67.31
Romania,ROU,1987,67.38
Romania,ROU,1988,67.25
Romania,ROU,1989,77.39
Romania,ROU,1990,76.23
Romania,ROU,1991,27.45
Romania,ROU,1992,36.35
Romania,ROU,1993,41.34
Romania,ROU,1994,22.93
Romania,ROU,1995,23.52
Romania,ROU,1996,26.92
Romania,ROU,1997,22.23
Romania,ROU,1998,27.23
Romania,ROU,1999,18.49
Romania,ROU,2000,24.15
Romania,ROU,2001,27.22
Romania,ROU,2002,24.25
Romania,ROU,2003,25.62
Romania,ROU,2004,28.91
Romania,ROU,2005,31.51
Romania,ROU,2006,26.81
Romania,ROU,2007,29.06
Romania,ROU,2008,30.48
Romania,ROU,2009,32.01
Romania,ROU,2010,31.82
Romania,ROU,2011,33.2
Romania,ROU,2012,31.37
Romania,ROU,2013,37.49
Romania,ROU,2014,32.99
Romania,ROU,2015,38.83
Romania,ROU,2016,38.26
Romania,ROU,2017,42.57
Romania,ROU,2018,51.35
Romania,ROU,2019,48.62
Romania,ROU,2020,52.77
Romania,ROU,2021,56.83
Romania,ROU,2022,53.34
Romania,ROU,2023,52.61
Russia,RUS,1992,19.61
Russia,RUS,1993,15.62
Russia,RUS,1994,6.9
Russia,RUS,1995,7.73
Russia,RUS,1996,7.69
Russia,RUS,1997,7.34
Russia,RUS,1998,6.49
Russia,RUS,1999,7.56
Russia,RUS,2000,7.6
Russia,RUS,2001,8.67
Russia,RUS,2002,7.24
Russia,RUS,2003,6.8
Russia,RUS,2004,6.76
Russia,RUS,2005,6.99
Russia,RUS,2006,7.41
Russia,RUS,2007,8.46
Russia,RUS,2008,9.8
Russia,RUS,2009,10.02
Russia,RUS,2010,9.66
Russia,RUS,2011,10.23
Russia,RUS,2012,9.56
Russia,RUS,2013,9.45
Russia,RUS,2014,9.68
Russia,RUS,2015,10.23
Russia,RUS,2016,11.71
Russia,RUS,2017,12.26
Russia,RUS,2018,12.49
Russia,RUS,2019,13.99
Russia,RUS,2020,15.52
Russia,RUS,2021,16.96
Russia,RUS,2022,17.63
Russia,RUS,2023,17.88
Rwanda,RWA,1967,0.07
Rwanda,RWA,1968,0.09
Rwanda,RWA,1969,0.11
Rwanda,RWA,1970,0.11
Rwanda,RWA,1971,0.13
Rwanda,RWA,1972,0.12
Rwanda,RWA,1973,0.1
Rwanda,RWA,1974,0.17
Rwanda,RWA,1975,0.15
Rwanda,RWA,1976,0.17
Rwanda,RWA,1977,0.1
Rwanda,RWA,1978,0.1
Rwanda,RWA,1979,0.1
Rwanda,RWA,1980,0.1
Rwanda,RWA,1981,0.09
Rwanda,RWA,1982,0.37
Rwanda,RWA,1983,0.46
Rwanda,RWA,1984,0.9
Rwanda,RWA,1985,0.89
Rwanda,RWA,1986,0.4
Rwanda,RWA,1987,1.18
Rwanda,RWA,1988,0.23
Rwanda,RWA,1989,0.28
Rwanda,RWA,1990,1.03
Rwanda,RWA,1991,0.56
Rwanda,RWA,1992,0.38
Rwanda,RWA,1993,0.35
Rwanda,RWA,1996,0.09
Rwanda,RWA,1997,0.09
Rwanda,RWA,1998,0.09
Rwanda,RWA,1999,0.09
Rwanda,RWA,2000,0.08
Rwanda,RWA,2001,0.07
Rwanda,RWA,2002,0.62
Rwanda,RWA,2003,0.62
Rwanda,RWA,2004,0.5
Rwanda,RWA,2005,0.85
Rwanda,RWA,2006,0.41
Rwanda,RWA,2007,1.79
Rwanda,RWA,2008,1.94
Rwanda,RWA,2009,0.36
Rwanda,RWA,2010,0.06
Rwanda,RWA,2011,0.05
Rwanda,RWA,2012,1.49
Rwanda,RWA,2013,4.28
Rwanda,RWA,2014,4.35
Rwanda,RWA,2015,5.86
Rwanda,RWA,2016,2.17
Rwanda,RWA,2017,5.36
Rwanda,RWA,2018,4.89
Rwanda,RWA,2019,7.08
Rwanda,RWA,2020,8.03
Rwanda,RWA,2021,6.53
Rwanda,RWA,2022,9.51
Rwanda,RWA,2023,10.1
Saint Kitts and Nevis,KNA,1961,6.25
Saint Kitts and Nevis,KNA,1962,6.25
Saint Kitts and Nevis,KNA,1963,6.25
Saint Kitts and Nevis,KNA,1964,6.25
Saint Kitts and Nevis,KNA,1965,6.25
Saint Kitts and Nevis,KNA,1966,6.25
Saint Kitts and Nevis,KNA,1967,9.38
Saint Kitts and Nevis,KNA,1968,9.38
Saint Kitts and Nevis,KNA,1969,14.29
Saint Kitts and Nevis,KNA,1970,14.29
Saint Kitts and Nevis,KNA,1971,14.29
Saint Kitts and Nevis,KNA,1972,14.29
Saint Kitts and Nevis,KNA,1973,14.29
Saint Kitts and Nevis,KNA,1974,14.29
Saint Kitts and Nevis,KNA,1975,21.43
Saint Kitts and Nevis,KNA,1976,21.43
Saint Kitts and Nevis,KNA,1977,21.43
Saint Kitts and Nevis,KNA,1978,21.43
Saint Kitts and Nevis,KNA,1979,21.43
Saint Kitts and Nevis,KNA,1980,21.43
Saint Kitts and Nevis,KNA,1981,28.57
Saint Kitts and Nevis,KNA,1982,30.77
Saint Kitts and Nevis,KNA,1983,30.77
Saint Kitts and Nevis,KNA,1984,41.67
Saint Kitts and Nevis,KNA,1985,41.67
Saint Kitts and Nevis,KNA,1986,45.45
Saint Kitts and Nevis,KNA,1987,45.45
Saint Kitts and Nevis,KNA,1988,45.45
Saint Kitts and Nevis,KNA,1989,37.82
Saint Kitts and Nevis,KNA,1990,39
Saint Kitts and Nevis,KNA,1991,50
Saint Kitts and Nevis,KNA,1992,50
Saint Kitts and Nevis,KNA,1993,80
Saint Kitts and Nevis,KNA,1994,87.5
Saint Kitts and Nevis,KNA,1995,79.88
Saint Kitts and Nevis,KNA,1996,91.29
Saint Kitts and Nevis,KNA,1997,114.29
Saint Kitts and Nevis,KNA,1998,114.29
Saint Kitts and Nevis,KNA,1999,100
Saint Kitts and Nevis,KNA,2000,106.67
Saint Kitts and Nevis,KNA,2001,109.59
Saint Kitts and Nevis,KNA,2002,3.8
Saint Kitts and Nevis,KNA,2003,3.8
Saint Kitts and Nevis,KNA,2004,3.84
Saint Kitts and Nevis,KNA,2005,6.75
Saint Kitts and Nevis,KNA,2006,10.47
Saint Kitts and Nevis,KNA,2007,5.38
Saint Kitts and Nevis,KNA,2008,8.29
Saint Kitts and Nevis,KNA,2009,5.48
Saint Kitts and Nevis,KNA,2010,5
Saint Kitts and Nevis,KNA,2011,4.71
Saint Kitts and Nevis,KNA,2012,4.71
Saint Kitts and Nevis,KNA,2013,0
Saint Kitts and Nevis,KNA,2014,8.42
Saint Kitts and Nevis,KNA,2015,1.61
Saint Kitts and Nevis,KNA,2016,3.25
Saint Kitts and Nevis,KNA,2017,2.52
Saint Kitts and Nevis,KNA,2018,2.48
Saint Kitts and Nevis,KNA,2019,2.48
Saint Kitts and Nevis,KNA,2020,2.48
Saint Kitts and Nevis,KNA,2021,2.48
Saint Kitts and Nevis,KNA,2022,2.48
Saint Kitts and Nevis,KNA,2023,2.48
Saint Lucia,LCA,1961,14.29
Saint Lucia,LCA,1962,14.29
Saint Lucia,LCA,1963,13.33
Saint Lucia,LCA,1964,13.33
Saint Lucia,LCA,1965,20
Saint Lucia,LCA,1966,26.67
Saint Lucia,LCA,1967,37.5
Saint Lucia,LCA,1968,50
Saint Lucia,LCA,1969,62.5
Saint Lucia,LCA,1970,75
Saint Lucia,LCA,1971,70.59
Saint Lucia,LCA,1972,76.47
Saint Lucia,LCA,1973,88.24
Saint Lucia,LCA,1974,88.76
Saint Lucia,LCA,1975,94.12
Saint Lucia,LCA,1976,94.12
Saint Lucia,LCA,1977,117.65
Saint Lucia,LCA,1978,62.88
Saint Lucia,LCA,1979,79.77
Saint Lucia,LCA,1980,40.91
Saint Lucia,LCA,1981,53.37
Saint Lucia,LCA,1982,78.5
Saint Lucia,LCA,1983,66.92
Saint Lucia,LCA,1984,83.03
Saint Lucia,LCA,1985,90.96
Saint Lucia,LCA,1986,78.13
Saint Lucia,LCA,1987,78.95
Saint Lucia,LCA,1988,78.95
Saint Lucia,LCA,1989,153.95
Saint Lucia,LCA,1990,125.66
Saint Lucia,LCA,1991,168.54
Saint Lucia,LCA,1992,161.79
Saint Lucia,LCA,1993,105.12
Saint Lucia,LCA,1994,30.39
Saint Lucia,LCA,1995,11.36
Saint Lucia,LCA,1996,14.04
Saint Lucia,LCA,1997,5.22
Saint Lucia,LCA,1998,66.87
Saint Lucia,LCA,1999,54.8
Saint Lucia,LCA,2000,71.15
Saint Lucia,LCA,2002,14.85
Saint Lucia,LCA,2003,42.75
Saint Lucia,LCA,2004,20.67
Saint Lucia,LCA,2005,29.65
Saint Lucia,LCA,2006,26.31
Saint Lucia,LCA,2007,4.58
Saint Lucia,LCA,2008,1.57
Saint Lucia,LCA,2009,9.61
Saint Lucia,LCA,2010,26.33
Saint Lucia,LCA,2011,16.2
Saint Lucia,LCA,2012,33.07
Saint Lucia,LCA,2013,21.43
Saint Lucia,LCA,2014,41.88
Saint Lucia,LCA,2015,44.81
Saint Lucia,LCA,2016,29.6
Saint Lucia,LCA,2017,13.14
Saint Lucia,LCA,2018,19.99
Saint Lucia,LCA,2019,28.9
Saint Lucia,LCA,2020,32.28
Saint Lucia,LCA,2021,32.47
Saint Lucia,LCA,2022,32.47
Saint Lucia,LCA,2023,32.47
Saint Vincent and the Grenadines,VCT,1961,52.22
Saint Vincent and the Grenadines,VCT,1962,53.33
Saint Vincent and the Grenadines,VCT,1963,48
Saint Vincent and the Grenadines,VCT,1964,50
Saint Vincent and the Grenadines,VCT,1965,50
Saint Vincent and the Grenadines,VCT,1966,50
Saint Vincent and the Grenadines,VCT,1967,70
Saint Vincent and the Grenadines,VCT,1968,90
Saint Vincent and the Grenadines,VCT,1969,120
Saint Vincent and the Grenadines,VCT,1970,150
Saint Vincent and the Grenadines,VCT,1971,150
Saint Vincent and the Grenadines,VCT,1972,150
Saint Vincent and the Grenadines,VCT,1973,188.89
Saint Vincent and the Grenadines,VCT,1974,200
Saint Vincent and the Grenadines,VCT,1975,233.33
Saint Vincent and the Grenadines,VCT,1976,233.33
Saint Vincent and the Grenadines,VCT,1977,266.67
Saint Vincent and the Grenadines,VCT,1978,266.67
Saint Vincent and the Grenadines,VCT,1979,240
Saint Vincent and the Grenadines,VCT,1980,240
Saint Vincent and the Grenadines,VCT,1981,240
Saint Vincent and the Grenadines,VCT,1982,266.67
Saint Vincent and the Grenadines,VCT,1983,240
Saint Vincent and the Grenadines,VCT,1984,250
Saint Vincent and the Grenadines,VCT,1985,250
Saint Vincent and the Grenadines,VCT,1986,236.36
Saint Vincent and the Grenadines,VCT,1987,269.15
Saint Vincent and the Grenadines,VCT,1988,279.57
Saint Vincent and the Grenadines,VCT,1989,167.79
Saint Vincent and the Grenadines,VCT,1990,58.28
Saint Vincent and the Grenadines,VCT,1991,60.83
Saint Vincent and the Grenadines,VCT,1992,63.61
Saint Vincent and the Grenadines,VCT,1993,133.33
Saint Vincent and the Grenadines,VCT,1994,140.06
Saint Vincent and the Grenadines,VCT,1995,147.49
Saint Vincent and the Grenadines,VCT,1996,155.76
Saint Vincent and the Grenadines,VCT,1997,165.02
Saint Vincent and the Grenadines,VCT,1998,228.07
Saint Vincent and the Grenadines,VCT,1999,243.45
Saint Vincent and the Grenadines,VCT,2000,260
Saint Vincent and the Grenadines,VCT,2001,260
Saint Vincent and the Grenadines,VCT,2002,21.48
Saint Vincent and the Grenadines,VCT,2003,11.46
Saint Vincent and the Grenadines,VCT,2004,14.57
Saint Vincent and the Grenadines,VCT,2005,11.51
Saint Vincent and the Grenadines,VCT,2006,15.74
Saint Vincent and the Grenadines,VCT,2007,13.44
Saint Vincent and the Grenadines,VCT,2008,13.75
Saint Vincent and the Grenadines,VCT,2009,10.45
Saint Vincent and the Grenadines,VCT,2010,18.03
Saint Vincent and the Grenadines,VCT,2011,16.71
Saint Vincent and the Grenadines,VCT,2012,17.49
Saint Vincent and the Grenadines,VCT,2013,18.97
Saint Vincent and the Grenadines,VCT,2014,22.05
Saint Vincent and the Grenadines,VCT,2015,21.1
Saint Vincent and the Grenadines,VCT,2016,19.6
Saint Vincent and the Grenadines,VCT,2017,21.64
Saint Vincent and the Grenadines,VCT,2018,28.55
Saint Vincent and the Grenadines,VCT,2019,28.16
Saint Vincent and the Grenadines,VCT,2020,27.12
Saint Vincent and the Grenadines,VCT,2021,23.66
Saint Vincent and the Grenadines,VCT,2022,19.58
Saint Vincent and the Grenadines,VCT,2023,19.58
Samoa,WSM,1975,0.16
Samoa,WSM,1976,0.15
Samoa,WSM,1977,0.14
Samoa,WSM,1978,0.16
Samoa,WSM,1979,0.29
Samoa,WSM,1980,0.62
Samoa,WSM,1981,1.97
Samoa,WSM,2002,0.09
Samoa,WSM,2003,0.17
Samoa,WSM,2004,0.35
Samoa,WSM,2005,0.32
Samoa,WSM,2006,0.25
Samoa,WSM,2007,0.46
Samoa,WSM,2008,0.56
Samoa,WSM,2009,0.37
Samoa,WSM,2010,0.17
Samoa,WSM,2011,0.1
Samoa,WSM,2012,0.01
Samoa,WSM,2013,0.17
Samoa,WSM,2014,0.12
Samoa,WSM,2016,0.59
Samoa,WSM,2017,0.16
Samoa,WSM,2018,0.43
Samoa,WSM,2019,0.61
Samoa,WSM,2020,0.26
Samoa,WSM,2021,0.27
Samoa,WSM,2022,0.27
Samoa,WSM,2023,0.25
Sao Tome and Principe,STP,2002,1.16
Sao Tome and Principe,STP,2003,1.07
Sao Tome and Principe,STP,2004,1.76
Sao Tome and Principe,STP,2005,1.34
Sao Tome and Principe,STP,2006,1.65
Sao Tome and Principe,STP,2007,1.52
Sao Tome and Principe,STP,2008,1.72
Sao Tome and Principe,STP,2009,1.76
Sao Tome and Principe,STP,2010,1.92
Sao Tome and Principe,STP,2011,1.92
Sao Tome and Principe,STP,2012,1.68
Sao Tome and Principe,STP,2013,2.04
Sao Tome and Principe,STP,2014,2.15
Sao Tome and Principe,STP,2015,2.66
Sao Tome and Principe,STP,2016,2.19
Sao Tome and Principe,STP,2017,2.73
Sao Tome and Principe,STP,2018,2.61
Sao Tome and Principe,STP,2019,2.82
Sao Tome and Principe,STP,2020,2.88
Sao Tome and Principe,STP,2021,2.65
Sao Tome and Principe,STP,2022,3.17
Sao Tome and Principe,STP,2023,3.17
Saudi Arabia,SAU,1961,1.71
Saudi Arabia,SAU,1962,1.68
Saudi Arabia,SAU,1963,1.65
Saudi Arabia,SAU,1964,2.01
Saudi Arabia,SAU,1965,2.27
Saudi Arabia,SAU,1966,3.99
Saudi Arabia,SAU,1967,0.77
Saudi Arabia,SAU,1968,0.75
Saudi Arabia,SAU,1969,0.73
Saudi Arabia,SAU,1970,0.85
Saudi Arabia,SAU,1971,1.02
Saudi Arabia,SAU,1972,0.99
Saudi Arabia,SAU,1973,2.55
Saudi Arabia,SAU,1974,3.05
Saudi Arabia,SAU,1975,3.38
Saudi Arabia,SAU,1976,3.67
Saudi Arabia,SAU,1977,2.61
Saudi Arabia,SAU,1978,3.78
Saudi Arabia,SAU,1979,8.37
Saudi Arabia,SAU,1980,12.83
Saudi Arabia,SAU,1981,20.63
Saudi Arabia,SAU,1982,28.52
Saudi Arabia,SAU,1983,49.9
Saudi Arabia,SAU,1984,57.2
Saudi Arabia,SAU,1985,64.38
Saudi Arabia,SAU,1986,65.29
Saudi Arabia,SAU,1987,79.43
Saudi Arabia,SAU,1988,76.04
Saudi Arabia,SAU,1989,79.64
Saudi Arabia,SAU,1990,78.43
Saudi Arabia,SAU,1991,77.34
Saudi Arabia,SAU,1992,77.95
Saudi Arabia,SAU,1993,66.05
Saudi Arabia,SAU,1994,51.84
Saudi Arabia,SAU,1995,40.44
Saudi Arabia,SAU,1996,45.2
Saudi Arabia,SAU,1997,47.87
Saudi Arabia,SAU,1998,53
Saudi Arabia,SAU,1999,55.16
Saudi Arabia,SAU,2000,60
Saudi Arabia,SAU,2001,58.88
Saudi Arabia,SAU,2002,59.32
Saudi Arabia,SAU,2003,62.22
Saudi Arabia,SAU,2004,62.98
Saudi Arabia,SAU,2005,51.36
Saudi Arabia,SAU,2006,54.57
Saudi Arabia,SAU,2007,61.26
Saudi Arabia,SAU,2008,44.61
Saudi Arabia,SAU,2009,39.87
Saudi Arabia,SAU,2010,39.84
Saudi Arabia,SAU,2011,49.68
Saudi Arabia,SAU,2012,55.32
Saudi Arabia,SAU,2013,46.21
Saudi Arabia,SAU,2014,45.28
Saudi Arabia,SAU,2015,54.5
Saudi Arabia,SAU,2016,55.9
Saudi Arabia,SAU,2017,49.51
Saudi Arabia,SAU,2018,49.43
Saudi Arabia,SAU,2019,49.27
Saudi Arabia,SAU,2020,72.84
Saudi Arabia,SAU,2021,68.54
Saudi Arabia,SAU,2022,67.65
Saudi Arabia,SAU,2023,71.02
Senegal,SEN,1961,0.86
Senegal,SEN,1962,0.88
Senegal,SEN,1963,0.98
Senegal,SEN,1964,0.74
Senegal,SEN,1965,1.02
Senegal,SEN,1966,1.7
Senegal,SEN,1967,1.62
Senegal,SEN,1968,1
Senegal,SEN,1969,0.94
Senegal,SEN,1970,1.19
Senegal,SEN,1971,1.55
Senegal,SEN,1972,1.59
Senegal,SEN,1973,2.23
Senegal,SEN,1974,2.69
Senegal,SEN,1975,2.99
Senegal,SEN,1976,3.23
Senegal,SEN,1977,3.81
Senegal,SEN,1978,3.28
Senegal,SEN,1979,2.55
Senegal,SEN,1980,2.16
Senegal,SEN,1981,2.01
Senegal,SEN,1982,1.08
Senegal,SEN,1983,2.55
Senegal,SEN,1984,2.55
Senegal,SEN,1985,2.23
Senegal,SEN,1986,2.39
Senegal,SEN,1987,2.23
Senegal,SEN,1988,2.68
Senegal,SEN,1989,1.97
Senegal,SEN,1990,1.9
Senegal,SEN,1991,3.27
Senegal,SEN,1992,2.92
Senegal,SEN,1993,4.17
Senegal,SEN,1994,4.01
Senegal,SEN,1995,1.67
Senegal,SEN,1996,2.46
Senegal,SEN,1997,2.38
Senegal,SEN,1998,2.77
Senegal,SEN,1999,4.16
Senegal,SEN,2000,4.8
Senegal,SEN,2001,5.05
Senegal,SEN,2002,6.26
Senegal,SEN,2003,4.39
Senegal,SEN,2004,6.46
Senegal,SEN,2005,3.84
Senegal,SEN,2006,0.56
Senegal,SEN,2007,0.5
Senegal,SEN,2008,0.5
Senegal,SEN,2009,5.03
Senegal,SEN,2010,7.39
Senegal,SEN,2011,5.9
Senegal,SEN,2012,5.76
Senegal,SEN,2013,6.34
Senegal,SEN,2014,6.36
Senegal,SEN,2016,9.35
Senegal,SEN,2017,12.74
Senegal,SEN,2018,9.64
Senegal,SEN,2019,8.3
Senegal,SEN,2020,12.21
Senegal,SEN,2021,4.39
Senegal,SEN,2022,13.46
Senegal,SEN,2023,2.11
Serbia,SRB,2006,87.92
Serbia,SRB,2007,112.14
Serbia,SRB,2008,80.43
Serbia,SRB,2009,120.52
Serbia,SRB,2010,75.17
Serbia,SRB,2011,87.23
Serbia,SRB,2012,129.82
Serbia,SRB,2013,122.65
Serbia,SRB,2014,75.19
Serbia,SRB,2015,68.8
Serbia,SRB,2016,84.19
Serbia,SRB,2017,77.53
Serbia,SRB,2018,41.66
Serbia,SRB,2019,46.76
Serbia,SRB,2020,87.13
Serbia,SRB,2021,36.48
Serbia,SRB,2022,94.98
Serbia,SRB,2023,82.44
Serbia and Montenegro,OWID_SRM,1992,19.14
Serbia and Montenegro,OWID_SRM,1993,14.42
Serbia and Montenegro,OWID_SRM,1994,17.14
Serbia and Montenegro,OWID_SRM,1995,31.58
Serbia and Montenegro,OWID_SRM,1996,39.52
Serbia and Montenegro,OWID_SRM,1997,45.59
Serbia and Montenegro,OWID_SRM,1998,38.05
Serbia and Montenegro,OWID_SRM,1999,36.99
Serbia and Montenegro,OWID_SRM,2000,38.78
Serbia and Montenegro,OWID_SRM,2001,54.21
Serbia and Montenegro,OWID_SRM,2002,51.66
Serbia and Montenegro,OWID_SRM,2003,44.95
Serbia and Montenegro,OWID_SRM,2004,81.95
Serbia and Montenegro,OWID_SRM,2005,72.46
Seychelles,SYC,1982,143.17
Seychelles,SYC,1983,56.33
Seychelles,SYC,1999,2.5
Seychelles,SYC,2000,3.75
Seychelles,SYC,2001,2
Seychelles,SYC,2003,2
Seychelles,SYC,2004,0.75
Seychelles,SYC,2005,2.5
Seychelles,SYC,2006,1
Seychelles,SYC,2007,8.33
Seychelles,SYC,2008,4.67
Seychelles,SYC,2009,8.28
Seychelles,SYC,2010,4.17
Seychelles,SYC,2011,20.51
Seychelles,SYC,2012,25.96
Seychelles,SYC,2013,16.85
Seychelles,SYC,2014,23.72
Seychelles,SYC,2015,37.15
Seychelles,SYC,2016,30.61
Seychelles,SYC,2017,32.57
Seychelles,SYC,2018,30.16
Seychelles,SYC,2019,41.5
Seychelles,SYC,2020,29.65
Seychelles,SYC,2021,29.65
Seychelles,SYC,2022,19.03
Seychelles,SYC,2023,26.11
Sierra Leone,SLE,1966,0.05
Sierra Leone,SLE,1967,0.27
Sierra Leone,SLE,1968,0.44
Sierra Leone,SLE,1969,2.48
Sierra Leone,SLE,1970,2.5
Sierra Leone,SLE,1971,1.39
Sierra Leone,SLE,1972,1.13
Sierra Leone,SLE,1973,1.26
Sierra Leone,SLE,1974,1.03
Sierra Leone,SLE,1975,2.72
Sierra Leone,SLE,1976,1.07
Sierra Leone,SLE,1977,1.33
Sierra Leone,SLE,1978,1.1
Sierra Leone,SLE,1979,2.35
Sierra Leone,SLE,1980,1.48
Sierra Leone,SLE,1981,2.39
Sierra Leone,SLE,1982,0.36
Sierra Leone,SLE,1983,0.73
Sierra Leone,SLE,1984,0.89
Sierra Leone,SLE,1985,2.62
Sierra Leone,SLE,1986,2.93
Sierra Leone,SLE,1987,0.32
Sierra Leone,SLE,1988,0.37
Sierra Leone,SLE,1989,1.41
Sierra Leone,SLE,1990,0.97
Sierra Leone,SLE,1991,0.32
Sierra Leone,SLE,1992,0.98
Sierra Leone,SLE,1993,1.64
Sierra Leone,SLE,1994,1.64
Sierra Leone,SLE,1995,1.64
Sierra Leone,SLE,1996,1.64
Sierra Leone,SLE,1997,1.64
Sierra Leone,SLE,1998,0.16
Sierra Leone,SLE,1999,0.05
Sierra Leone,SLE,2000,0.08
Sierra Leone,SLE,2001,0.12
Sierra Leone,SLE,2002,3.08
Sierra Leone,SLE,2003,0.28
Sierra Leone,SLE,2004,0.32
Sierra Leone,SLE,2005,0.39
Sierra Leone,SLE,2006,0.22
Sierra Leone,SLE,2007,0.56
Sierra Leone,SLE,2008,0.21
Sierra Leone,SLE,2009,0.86
Sierra Leone,SLE,2010,0.29
Sierra Leone,SLE,2011,0.27
Sierra Leone,SLE,2012,0.94
Sierra Leone,SLE,2013,1.09
Sierra Leone,SLE,2014,0.19
Sierra Leone,SLE,2015,0.1
Sierra Leone,SLE,2016,0.69
Sierra Leone,SLE,2017,1.68
Sierra Leone,SLE,2018,1.42
Sierra Leone,SLE,2019,1.42
Sierra Leone,SLE,2020,1.42
Sierra Leone,SLE,2021,1.42
Sierra Leone,SLE,2022,1.42
Sierra Leone,SLE,2023,1.42
Singapore,SGP,1961,71.43
Singapore,SGP,1962,71.43
Singapore,SGP,1963,76.92
Singapore,SGP,1964,76.92
Singapore,SGP,1965,76.92
Singapore,SGP,1966,76.92
Singapore,SGP,1967,76.92
Singapore,SGP,1968,83.33
Singapore,SGP,1969,83.33
Singapore,SGP,1970,83.33
Singapore,SGP,1971,100
Singapore,SGP,1972,90.91
Singapore,SGP,1973,90.91
Singapore,SGP,1974,111.11
Singapore,SGP,1975,125
Singapore,SGP,1976,125
Singapore,SGP,1977,125
Singapore,SGP,1978,125
Singapore,SGP,1979,225
Singapore,SGP,1980,225
Singapore,SGP,1981,285.71
Singapore,SGP,1982,333.33
Singapore,SGP,1983,333.33
Singapore,SGP,1984,333.33
Singapore,SGP,1985,440
Singapore,SGP,1986,417.25
Singapore,SGP,1987,394.5
Singapore,SGP,1988,371.76
Singapore,SGP,1989,349.01
Singapore,SGP,1990,326.26
Singapore,SGP,1991,303.51
Singapore,SGP,1992,280.77
Singapore,SGP,1993,258.02
Singapore,SGP,1994,235.27
Singapore,SGP,1995,212.52
Singapore,SGP,1996,189.78
Singapore,SGP,1997,167.03
Singapore,SGP,1998,144.28
Singapore,SGP,1999,121.53
Singapore,SGP,2000,98.79
Singapore,SGP,2001,76.04
Singapore,SGP,2002,53.29
Singapore,SGP,2003,58.95
Singapore,SGP,2004,61.81
Singapore,SGP,2005,58.6
Singapore,SGP,2006,56.18
Singapore,SGP,2007,59.89
Singapore,SGP,2008,55.84
Singapore,SGP,2009,66.09
Singapore,SGP,2010,65.17
Singapore,SGP,2011,63.87
Singapore,SGP,2012,65.92
Singapore,SGP,2013,67.54
Singapore,SGP,2014,66.53
Singapore,SGP,2015,62.96
Singapore,SGP,2016,65.34
Singapore,SGP,2017,68.12
Singapore,SGP,2018,66.21
Singapore,SGP,2019,62.12
Singapore,SGP,2020,70.48
Singapore,SGP,2021,70.6
Singapore,SGP,2022,61.62
Singapore,SGP,2023,61.62
Slovakia,SVK,1993,40.27
Slovakia,SVK,1994,42.62
Slovakia,SVK,1995,44.85
Slovakia,SVK,1996,48.47
Slovakia,SVK,1997,45.34
Slovakia,SVK,1998,51.92
Slovakia,SVK,1999,41.18
Slovakia,SVK,2000,52.13
Slovakia,SVK,2001,55.3
Slovakia,SVK,2002,56.54
Slovakia,SVK,2003,55.46
Slovakia,SVK,2004,57.27
Slovakia,SVK,2005,55.53
Slovakia,SVK,2006,63.39
Slovakia,SVK,2007,62.58
Slovakia,SVK,2008,54.85
Slovakia,SVK,2009,61.79
Slovakia,SVK,2010,65.59
Slovakia,SVK,2011,71.56
Slovakia,SVK,2012,80.41
Slovakia,SVK,2013,82.16
Slovakia,SVK,2014,86.38
Slovakia,SVK,2015,83.9
Slovakia,SVK,2016,92.48
Slovakia,SVK,2017,90.04
Slovakia,SVK,2018,94.49
Slovakia,SVK,2019,94.03
Slovakia,SVK,2020,93.6
Slovakia,SVK,2021,94.86
Slovakia,SVK,2022,86.08
Slovakia,SVK,2023,81.33
Slovenia,SVN,1992,121.54
Slovenia,SVN,1993,99.05
Slovenia,SVN,1994,116.52
Slovenia,SVN,1995,91.7
Slovenia,SVN,1996,64.82
Slovenia,SVN,1997,99.81
Slovenia,SVN,1998,102.9
Slovenia,SVN,1999,102.15
Slovenia,SVN,2000,102.49
Slovenia,SVN,2001,102.77
Slovenia,SVN,2002,100
Slovenia,SVN,2003,101.09
Slovenia,SVN,2004,87.73
Slovenia,SVN,2005,84.89
Slovenia,SVN,2006,87.22
Slovenia,SVN,2007,87.22
Slovenia,SVN,2008,63.94
Slovenia,SVN,2009,69.07
Slovenia,SVN,2010,69.39
Slovenia,SVN,2011,68.38
Slovenia,SVN,2012,66.96
Slovenia,SVN,2013,68.94
Slovenia,SVN,2014,72.4
Slovenia,SVN,2015,71.59
Slovenia,SVN,2016,68.4
Slovenia,SVN,2017,68.27
Slovenia,SVN,2018,69.46
Slovenia,SVN,2019,71.77
Slovenia,SVN,2020,71.79
Slovenia,SVN,2021,74.93
Slovenia,SVN,2022,71.69
Slovenia,SVN,2023,64.05
Small Island Developing States (FAO),,1961,13.46
Small Island Developing States (FAO),,1962,15.09
Small Island Developing States (FAO),,1963,16.99
Small Island Developing States (FAO),,1964,19.23
Small Island Developing States (FAO),,1965,21.63
Small Island Developing States (FAO),,1966,30.22
Small Island Developing States (FAO),,1967,35.14
Small Island Developing States (FAO),,1968,33.51
Small Island Developing States (FAO),,1969,33.42
Small Island Developing States (FAO),,1970,29.9
Small Island Developing States (FAO),,1971,27.07
Small Island Developing States (FAO),,1972,27.49
Small Island Developing States (FAO),,1973,29.2
Small Island Developing States (FAO),,1974,31.65
Small Island Developing States (FAO),,1975,29.62
Small Island Developing States (FAO),,1976,33.44
Small Island Developing States (FAO),,1977,37.25
Small Island Developing States (FAO),,1978,37.83
Small Island Developing States (FAO),,1979,43.72
Small Island Developing States (FAO),,1980,41.12
Small Island Developing States (FAO),,1981,49.07
Small Island Developing States (FAO),,1982,42.91
Small Island Developing States (FAO),,1983,39.12
Small Island Developing States (FAO),,1984,45.35
Small Island Developing States (FAO),,1985,44.23
Small Island Developing States (FAO),,1986,48.47
Small Island Developing States (FAO),,1987,46.29
Small Island Developing States (FAO),,1988,44.53
Small Island Developing States (FAO),,1989,53.09
Small Island Developing States (FAO),,1990,43.08
Small Island Developing States (FAO),,1991,39.42
Small Island Developing States (FAO),,1992,32.64
Small Island Developing States (FAO),,1993,23.79
Small Island Developing States (FAO),,1994,19.21
Small Island Developing States (FAO),,1995,23.19
Small Island Developing States (FAO),,1996,24.16
Small Island Developing States (FAO),,1997,27.89
Small Island Developing States (FAO),,1998,24.91
Small Island Developing States (FAO),,1999,20.86
Small Island Developing States (FAO),,2000,21.23
Small Island Developing States (FAO),,2001,24.72
Small Island Developing States (FAO),,2002,19.54
Small Island Developing States (FAO),,2003,14.73
Small Island Developing States (FAO),,2004,17.12
Small Island Developing States (FAO),,2005,13.49
Small Island Developing States (FAO),,2006,16.13
Small Island Developing States (FAO),,2007,14.04
Small Island Developing States (FAO),,2008,16.65
Small Island Developing States (FAO),,2009,12.64
Small Island Developing States (FAO),,2010,18.29
Small Island Developing States (FAO),,2011,16.74
Small Island Developing States (FAO),,2012,18.29
Small Island Developing States (FAO),,2013,20.17
Small Island Developing States (FAO),,2014,22.92
Small Island Developing States (FAO),,2015,22.74
Small Island Developing States (FAO),,2016,21.22
Small Island Developing States (FAO),,2017,21.86
Small Island Developing States (FAO),,2018,28.64
Small Island Developing States (FAO),,2019,27.64
Small Island Developing States (FAO),,2020,27.2
Small Island Developing States (FAO),,2021,24.16
Small Island Developing States (FAO),,2022,15.43
Small Island Developing States (FAO),,2023,16.1
Solomon Islands,SLB,2002,0.07
Solomon Islands,SLB,2003,0.3
Solomon Islands,SLB,2004,0.35
Solomon Islands,SLB,2005,6
Solomon Islands,SLB,2006,0.18
Solomon Islands,SLB,2007,3.45
Solomon Islands,SLB,2008,0.09
Solomon Islands,SLB,2009,0.16
Solomon Islands,SLB,2010,0
Solomon Islands,SLB,2011,4.48
Solomon Islands,SLB,2012,1.84
Solomon Islands,SLB,2013,2.69
Solomon Islands,SLB,2014,0.39
Solomon Islands,SLB,2015,2.12
Solomon Islands,SLB,2016,10.32
Solomon Islands,SLB,2017,8.17
Solomon Islands,SLB,2018,14.47
Solomon Islands,SLB,2019,1.97
Solomon Islands,SLB,2020,2.07
Solomon Islands,SLB,2021,0.44
Solomon Islands,SLB,2022,0.19
Solomon Islands,SLB,2023,0
South Africa,ZAF,1961,4.02
South Africa,ZAF,1962,5.2
South Africa,ZAF,1963,6.22
South Africa,ZAF,1964,6.78
South Africa,ZAF,1965,7.14
South Africa,ZAF,1966,7.09
South Africa,ZAF,1967,9.47
South Africa,ZAF,1968,10.39
South Africa,ZAF,1969,10.81
South Africa,ZAF,1970,13.01
South Africa,ZAF,1971,14.99
South Africa,ZAF,1972,18.18
South Africa,ZAF,1973,16.58
South Africa,ZAF,1974,16.5
South Africa,ZAF,1975,20.44
South Africa,ZAF,1976,22.6
South Africa,ZAF,1977,24.52
South Africa,ZAF,1978,27.03
South Africa,ZAF,1979,28.53
South Africa,ZAF,1980,33.22
South Africa,ZAF,1981,37.62
South Africa,ZAF,1982,33.85
South Africa,ZAF,1983,26.16
South Africa,ZAF,1984,29.09
South Africa,ZAF,1985,26.95
South Africa,ZAF,1986,26.02
South Africa,ZAF,1987,22.99
South Africa,ZAF,1988,26.57
South Africa,ZAF,1989,25.98
South Africa,ZAF,1990,25.94
South Africa,ZAF,1991,24.41
South Africa,ZAF,1992,24.25
South Africa,ZAF,1993,26.97
South Africa,ZAF,1994,24.53
South Africa,ZAF,1995,25.14
South Africa,ZAF,1996,26.05
South Africa,ZAF,1997,25.95
South Africa,ZAF,1998,25.99
South Africa,ZAF,1999,26.31
South Africa,ZAF,2000,26.37
South Africa,ZAF,2001,25.11
South Africa,ZAF,2002,30.45
South Africa,ZAF,2003,27.05
South Africa,ZAF,2004,28.13
South Africa,ZAF,2005,23.06
South Africa,ZAF,2006,29.77
South Africa,ZAF,2007,30.51
South Africa,ZAF,2008,28.96
South Africa,ZAF,2009,28.53
South Africa,ZAF,2010,27.42
South Africa,ZAF,2011,30.3
South Africa,ZAF,2012,30.81
South Africa,ZAF,2013,29.29
South Africa,ZAF,2014,28.64
South Africa,ZAF,2015,25.88
South Africa,ZAF,2016,23.71
South Africa,ZAF,2017,34.08
South Africa,ZAF,2018,36.83
South Africa,ZAF,2019,38.8
South Africa,ZAF,2020,42.66
South Africa,ZAF,2021,44.86
South Africa,ZAF,2022,39.27
South Africa,ZAF,2023,30.5
South America (FAO),,1961,2.37
South America (FAO),,1962,2.82
South America (FAO),,1963,3.13
South America (FAO),,1964,3.19
South America (FAO),,1965,3.36
South America (FAO),,1966,3.03
South America (FAO),,1967,4.14
South America (FAO),,1968,4.63
South America (FAO),,1969,4.78
South America (FAO),,1970,6.21
South America (FAO),,1971,6.51
South America (FAO),,1972,8.7
South America (FAO),,1973,8
South America (FAO),,1974,8.62
South America (FAO),,1975,7.81
South America (FAO),,1976,9.64
South America (FAO),,1977,11.33
South America (FAO),,1978,10.94
South America (FAO),,1979,11.5
South America (FAO),,1980,12.23
South America (FAO),,1981,9.76
South America (FAO),,1982,9.28
South America (FAO),,1983,8.82
South America (FAO),,1984,11.84
South America (FAO),,1985,12.44
South America (FAO),,1986,15.15
South America (FAO),,1987,16.04
South America (FAO),,1988,15.64
South America (FAO),,1989,15.02
South America (FAO),,1990,14.91
South America (FAO),,1991,15
South America (FAO),,1992,15.27
South America (FAO),,1993,18
South America (FAO),,1994,20.34
South America (FAO),,1995,20.87
South America (FAO),,1996,23.99
South America (FAO),,1997,25.59
South America (FAO),,1998,25.73
South America (FAO),,1999,26.44
South America (FAO),,2000,27.61
South America (FAO),,2001,28.58
South America (FAO),,2002,31.03
South America (FAO),,2003,34.87
South America (FAO),,2004,37.9
South America (FAO),,2005,31.52
South America (FAO),,2006,33.35
South America (FAO),,2007,40.68
South America (FAO),,2008,37.77
South America (FAO),,2009,32.84
South America (FAO),,2010,39.97
South America (FAO),,2011,45.8
South America (FAO),,2012,42.08
South America (FAO),,2013,46.19
South America (FAO),,2014,49.75
South America (FAO),,2015,40.35
South America (FAO),,2016,43.84
South America (FAO),,2017,51.33
South America (FAO),,2018,51.28
South America (FAO),,2019,54.09
South America (FAO),,2020,61.6
South America (FAO),,2021,68.4
South America (FAO),,2022,67.1
South America (FAO),,2023,61.73
South Korea,KOR,1961,103.51
South Korea,KOR,1962,96.95
South Korea,KOR,1963,95.82
South Korea,KOR,1964,79.79
South Korea,KOR,1965,89.17
South Korea,KOR,1966,104.53
South Korea,KOR,1967,120.05
South Korea,KOR,1968,123.29
South Korea,KOR,1969,138.52
South Korea,KOR,1970,154.72
South Korea,KOR,1971,152.88
South Korea,KOR,1972,166.18
South Korea,KOR,1973,183.51
South Korea,KOR,1974,199.9
South Korea,KOR,1975,208.78
South Korea,KOR,1976,161.43
South Korea,KOR,1977,173.86
South Korea,KOR,1978,207.75
South Korea,KOR,1979,201.13
South Korea,KOR,1980,203.65
South Korea,KOR,1981,197.37
South Korea,KOR,1982,141.56
South Korea,KOR,1983,169.54
South Korea,KOR,1984,186.62
South Korea,KOR,1985,198.74
South Korea,KOR,1986,203.36
South Korea,KOR,1987,209.47
South Korea,KOR,1988,215.2
South Korea,KOR,1989,237.77
South Korea,KOR,1990,239.64
South Korea,KOR,1991,226.45
South Korea,KOR,1992,235.07
South Korea,KOR,1993,232.26
South Korea,KOR,1994,233.64
South Korea,KOR,1995,240.82
South Korea,KOR,1996,234.4
South Korea,KOR,1997,263.51
South Korea,KOR,1998,236.13
South Korea,KOR,1999,225.54
South Korea,KOR,2000,214.56
South Korea,KOR,2001,198.28
South Korea,KOR,2002,191.08
South Korea,KOR,2003,195.54
South Korea,KOR,2004,210.2
South Korea,KOR,2005,228.78
South Korea,KOR,2006,170.51
South Korea,KOR,2007,194.94
South Korea,KOR,2008,162.88
South Korea,KOR,2009,130.1
South Korea,KOR,2010,125.56
South Korea,KOR,2011,130.38
South Korea,KOR,2012,134.14
South Korea,KOR,2013,130.89
South Korea,KOR,2014,130.73
South Korea,KOR,2015,126.33
South Korea,KOR,2016,130.53
South Korea,KOR,2017,129.26
South Korea,KOR,2018,135.43
South Korea,KOR,2019,133.89
South Korea,KOR,2020,146.49
South Korea,KOR,2021,137.19
South Korea,KOR,2022,158.56
South Korea,KOR,2023,139.82
South Sudan,SSD,2012,0
South Sudan,SSD,2013,0
South Sudan,SSD,2014,0.01
South Sudan,SSD,2015,0.02
South Sudan,SSD,2016,0.03
South Sudan,SSD,2017,0.02
South Sudan,SSD,2018,0.04
South Sudan,SSD,2019,0.03
South Sudan,SSD,2020,0.04
South Sudan,SSD,2021,0.1
South Sudan,SSD,2022,0.08
South Sudan,SSD,2023,0.18
South-eastern Asia (FAO),,1961,3.03
South-eastern Asia (FAO),,1962,3.42
South-eastern Asia (FAO),,1963,3.34
South-eastern Asia (FAO),,1964,3.17
South-eastern Asia (FAO),,1965,3.48
South-eastern Asia (FAO),,1966,4.33
South-eastern Asia (FAO),,1967,5.44
South-eastern Asia (FAO),,1968,7.02
South-eastern Asia (FAO),,1969,7.84
South-eastern Asia (FAO),,1970,9.39
South-eastern Asia (FAO),,1971,9.22
South-eastern Asia (FAO),,1972,11.9
South-eastern Asia (FAO),,1973,12.42
South-eastern Asia (FAO),,1974,11.96
South-eastern Asia (FAO),,1975,12.42
South-eastern Asia (FAO),,1976,13.82
South-eastern Asia (FAO),,1977,16.67
South-eastern Asia (FAO),,1978,17.1
South-eastern Asia (FAO),,1979,17.12
South-eastern Asia (FAO),,1980,19.83
South-eastern Asia (FAO),,1981,22.8
South-eastern Asia (FAO),,1982,25.13
South-eastern Asia (FAO),,1983,27.16
South-eastern Asia (FAO),,1984,29.62
South-eastern Asia (FAO),,1985,30.03
South-eastern Asia (FAO),,1986,32.06
South-eastern Asia (FAO),,1987,32.4
South-eastern Asia (FAO),,1988,35.24
South-eastern Asia (FAO),,1989,34.8
South-eastern Asia (FAO),,1990,36.99
South-eastern Asia (FAO),,1991,37.67
South-eastern Asia (FAO),,1992,40.48
South-eastern Asia (FAO),,1993,41.32
South-eastern Asia (FAO),,1994,45.79
South-eastern Asia (FAO),,1995,46.64
South-eastern Asia (FAO),,1996,52.39
South-eastern Asia (FAO),,1997,48.83
South-eastern Asia (FAO),,1998,56.4
South-eastern Asia (FAO),,1999,55.59
South-eastern Asia (FAO),,2000,55.21
South-eastern Asia (FAO),,2001,50.97
South-eastern Asia (FAO),,2002,52.51
South-eastern Asia (FAO),,2003,58.95
South-eastern Asia (FAO),,2004,61.82
South-eastern Asia (FAO),,2005,58.61
South-eastern Asia (FAO),,2006,56.2
South-eastern Asia (FAO),,2007,59.91
South-eastern Asia (FAO),,2008,55.86
South-eastern Asia (FAO),,2009,66.12
South-eastern Asia (FAO),,2010,65.2
South-eastern Asia (FAO),,2011,63.91
South-eastern Asia (FAO),,2012,65.96
South-eastern Asia (FAO),,2013,67.58
South-eastern Asia (FAO),,2014,66.58
South-eastern Asia (FAO),,2015,63.01
South-eastern Asia (FAO),,2016,65.4
South-eastern Asia (FAO),,2017,69.82
South-eastern Asia (FAO),,2018,67.52
South-eastern Asia (FAO),,2019,63.13
South-eastern Asia (FAO),,2020,71.4
South-eastern Asia (FAO),,2021,71.79
South-eastern Asia (FAO),,2022,69.47
South-eastern Asia (FAO),,2023,75.9
Southern Africa (FAO),,1961,3.77
Southern Africa (FAO),,1962,4.83
Southern Africa (FAO),,1963,5.75
Southern Africa (FAO),,1964,6.3
Southern Africa (FAO),,1965,6.71
Southern Africa (FAO),,1966,6.66
Southern Africa (FAO),,1967,8.85
Southern Africa (FAO),,1968,9.55
Southern Africa (FAO),,1969,9.95
Southern Africa (FAO),,1970,11.83
Southern Africa (FAO),,1971,13.62
Southern Africa (FAO),,1972,16.37
Southern Africa (FAO),,1973,15.19
Southern Africa (FAO),,1974,15.13
Southern Africa (FAO),,1975,18.64
Southern Africa (FAO),,1976,20.48
Southern Africa (FAO),,1977,22.34
Southern Africa (FAO),,1978,24.61
Southern Africa (FAO),,1979,25.97
Southern Africa (FAO),,1980,30.28
Southern Africa (FAO),,1981,34.15
Southern Africa (FAO),,1982,30.81
Southern Africa (FAO),,1983,24.18
Southern Africa (FAO),,1984,26.31
Southern Africa (FAO),,1985,24.41
Southern Africa (FAO),,1986,23.7
Southern Africa (FAO),,1987,21.01
Southern Africa (FAO),,1988,24.18
Southern Africa (FAO),,1989,23.7
Southern Africa (FAO),,1990,23.69
Southern Africa (FAO),,1991,22.43
Southern Africa (FAO),,1992,22.42
Southern Africa (FAO),,1993,24.7
Southern Africa (FAO),,1994,22.1
Southern Africa (FAO),,1995,22.78
Southern Africa (FAO),,1996,23.69
Southern Africa (FAO),,1997,23.66
Southern Africa (FAO),,1998,23.87
Southern Africa (FAO),,1999,24.15
Southern Africa (FAO),,2000,24.16
Southern Africa (FAO),,2001,23.34
Southern Africa (FAO),,2002,28.2
Southern Africa (FAO),,2003,24.91
Southern Africa (FAO),,2004,25.75
Southern Africa (FAO),,2005,21.03
Southern Africa (FAO),,2006,27.19
Southern Africa (FAO),,2007,27.85
Southern Africa (FAO),,2008,26.13
Southern Africa (FAO),,2009,26.71
Southern Africa (FAO),,2010,26.36
Southern Africa (FAO),,2011,28.23
Southern Africa (FAO),,2012,29.64
Southern Africa (FAO),,2013,28.91
Southern Africa (FAO),,2014,27.7
Southern Africa (FAO),,2015,25.22
Southern Africa (FAO),,2016,23.57
Southern Africa (FAO),,2017,32.28
Southern Africa (FAO),,2018,36.16
Southern Africa (FAO),,2019,37.64
Southern Africa (FAO),,2020,39.65
Southern Africa (FAO),,2021,41.96
Southern Africa (FAO),,2022,37.56
Southern Africa (FAO),,2023,30.36
Southern Asia (FAO),,1961,1.57
Southern Asia (FAO),,1962,1.98
Southern Asia (FAO),,1963,2.32
Southern Asia (FAO),,1964,3.18
Southern Asia (FAO),,1965,3.24
Southern Asia (FAO),,1966,4.24
Southern Asia (FAO),,1967,5.94
Southern Asia (FAO),,1968,6.9
Southern Asia (FAO),,1969,7.94
Southern Asia (FAO),,1970,8.44
Southern Asia (FAO),,1971,10.35
Southern Asia (FAO),,1972,10.92
Southern Asia (FAO),,1973,10.89
Southern Asia (FAO),,1974,10.55
Southern Asia (FAO),,1975,15.27
Southern Asia (FAO),,1976,14.54
Southern Asia (FAO),,1977,17.18
Southern Asia (FAO),,1978,19.62
Southern Asia (FAO),,1979,20.84
Southern Asia (FAO),,1980,22.18
Southern Asia (FAO),,1981,24.07
Southern Asia (FAO),,1982,24.85
Southern Asia (FAO),,1983,28.03
Southern Asia (FAO),,1984,30.61
Southern Asia (FAO),,1985,33.03
Southern Asia (FAO),,1986,37.79
Southern Asia (FAO),,1987,34.12
Southern Asia (FAO),,1988,40.75
Southern Asia (FAO),,1989,42.46
Southern Asia (FAO),,1990,43.48
Southern Asia (FAO),,1991,46
Southern Asia (FAO),,1992,49.2
Southern Asia (FAO),,1993,49.56
Southern Asia (FAO),,1994,53.36
Southern Asia (FAO),,1995,56.42
Southern Asia (FAO),,1996,59.06
Southern Asia (FAO),,1997,61.92
Southern Asia (FAO),,1998,64.02
Southern Asia (FAO),,1999,66.03
Southern Asia (FAO),,2000,63.77
Southern Asia (FAO),,2001,65.55
Southern Asia (FAO),,2002,62.86
Southern Asia (FAO),,2003,65.12
Southern Asia (FAO),,2004,68.66
Southern Asia (FAO),,2005,74.29
Southern Asia (FAO),,2006,80.35
Southern Asia (FAO),,2007,81.22
Southern Asia (FAO),,2008,86.1
Southern Asia (FAO),,2009,89.87
Southern Asia (FAO),,2010,92.77
Southern Asia (FAO),,2011,95.12
Southern Asia (FAO),,2012,91.05
Southern Asia (FAO),,2013,92.19
Southern Asia (FAO),,2014,94.1
Southern Asia (FAO),,2015,95.58
Southern Asia (FAO),,2016,92.32
Southern Asia (FAO),,2017,94.55
Southern Asia (FAO),,2018,98
Southern Asia (FAO),,2019,104.02
Southern Asia (FAO),,2020,111.55
Southern Asia (FAO),,2021,108.86
Southern Asia (FAO),,2022,111.36
Southern Asia (FAO),,2023,112.82
Southern Europe (FAO),,1961,18.06
Southern Europe (FAO),,1962,19.43
Southern Europe (FAO),,1963,20.46
Southern Europe (FAO),,1964,22.77
Southern Europe (FAO),,1965,23.95
Southern Europe (FAO),,1966,26.69
Southern Europe (FAO),,1967,27.78
Southern Europe (FAO),,1968,32.22
Southern Europe (FAO),,1969,34.07
Southern Europe (FAO),,1970,34.45
Southern Europe (FAO),,1971,39.53
Southern Europe (FAO),,1972,42.58
Southern Europe (FAO),,1973,43.88
Southern Europe (FAO),,1974,43.97
Southern Europe (FAO),,1975,46.25
Southern Europe (FAO),,1976,48.98
Southern Europe (FAO),,1977,51.59
Southern Europe (FAO),,1978,59.36
Southern Europe (FAO),,1979,62.44
Southern Europe (FAO),,1980,58.94
Southern Europe (FAO),,1981,59.15
Southern Europe (FAO),,1982,58.69
Southern Europe (FAO),,1983,59.8
Southern Europe (FAO),,1984,65.48
Southern Europe (FAO),,1985,66.89
Southern Europe (FAO),,1986,67.27
Southern Europe (FAO),,1987,68.75
Southern Europe (FAO),,1988,67.54
Southern Europe (FAO),,1989,62.85
Southern Europe (FAO),,1990,63.65
Southern Europe (FAO),,1991,58.46
Southern Europe (FAO),,1992,53.74
Southern Europe (FAO),,1993,54.41
Southern Europe (FAO),,1994,56.75
Southern Europe (FAO),,1995,56.6
Southern Europe (FAO),,1996,63.21
Southern Europe (FAO),,1997,61.43
Southern Europe (FAO),,1998,63.85
Southern Europe (FAO),,1999,63.74
Southern Europe (FAO),,2000,62.01
Southern Europe (FAO),,2001,61.14
Southern Europe (FAO),,2002,62.37
Southern Europe (FAO),,2003,65.89
Southern Europe (FAO),,2004,68.05
Southern Europe (FAO),,2005,61.64
Southern Europe (FAO),,2006,65.38
Southern Europe (FAO),,2007,70.73
Southern Europe (FAO),,2008,58.63
Southern Europe (FAO),,2009,54.91
Southern Europe (FAO),,2010,56.87
Southern Europe (FAO),,2011,57.04
Southern Europe (FAO),,2012,60.2
Southern Europe (FAO),,2013,64.07
Southern Europe (FAO),,2014,64.86
Southern Europe (FAO),,2015,64.44
Southern Europe (FAO),,2016,62.56
Southern Europe (FAO),,2017,65.32
Southern Europe (FAO),,2018,60.76
Southern Europe (FAO),,2019,60.21
Southern Europe (FAO),,2020,65.43
Southern Europe (FAO),,2021,60.08
Southern Europe (FAO),,2022,54.8
Southern Europe (FAO),,2023,55.17
Spain,ESP,1961,15.78
Spain,ESP,1962,16.58
Spain,ESP,1963,15.98
Spain,ESP,1964,17.71
Spain,ESP,1965,18.68
Spain,ESP,1966,23.5
Spain,ESP,1967,23.33
Spain,ESP,1968,27.91
Spain,ESP,1969,29.13
Spain,ESP,1970,28.17
Spain,ESP,1971,31.49
Spain,ESP,1972,32.56
Spain,ESP,1973,34.72
Spain,ESP,1974,34.18
Spain,ESP,1975,34.66
Spain,ESP,1976,40.19
Spain,ESP,1977,38.25
Spain,ESP,1978,42.31
Spain,ESP,1979,44.24
Spain,ESP,1980,44
Spain,ESP,1981,39.94
Spain,ESP,1982,39
Spain,ESP,1983,39.42
Spain,ESP,1984,44.7
Spain,ESP,1985,47.1
Spain,ESP,1986,52.03
Spain,ESP,1987,56.29
Spain,ESP,1988,57.36
Spain,ESP,1989,54.59
Spain,ESP,1990,52.7
Spain,ESP,1991,49.71
Spain,ESP,1992,40.99
Spain,ESP,1993,47.28
Spain,ESP,1994,50.39
Spain,ESP,1995,48.67
Spain,ESP,1996,60.23
Spain,ESP,1997,54.67
Spain,ESP,1998,64.75
Spain,ESP,1999,64.44
Spain,ESP,2000,60.84
Spain,ESP,2001,61.56
Spain,ESP,2002,57.39
Spain,ESP,2003,66.66
Spain,ESP,2004,59.75
Spain,ESP,2005,51.77
Spain,ESP,2006,55.17
Spain,ESP,2007,56.67
Spain,ESP,2008,42.83
Spain,ESP,2009,45.37
Spain,ESP,2010,54.65
Spain,ESP,2011,49.83
Spain,ESP,2012,48.09
Spain,ESP,2013,56.12
Spain,ESP,2014,64.11
Spain,ESP,2015,62.14
Spain,ESP,2016,57.66
Spain,ESP,2017,63.54
Spain,ESP,2018,61.63
Spain,ESP,2019,60.34
Spain,ESP,2020,63.64
Spain,ESP,2021,62
Spain,ESP,2022,44.35
Spain,ESP,2023,46.55
Sri Lanka,LKA,1961,23.69
Sri Lanka,LKA,1962,29.87
Sri Lanka,LKA,1963,19.25
Sri Lanka,LKA,1964,20.54
Sri Lanka,LKA,1965,22.64
Sri Lanka,LKA,1966,24
Sri Lanka,LKA,1967,23.18
Sri Lanka,LKA,1968,29.66
Sri Lanka,LKA,1969,25.94
Sri Lanka,LKA,1970,26.93
Sri Lanka,LKA,1971,30
Sri Lanka,LKA,1972,26.86
Sri Lanka,LKA,1973,29.71
Sri Lanka,LKA,1974,28.83
Sri Lanka,LKA,1975,20.89
Sri Lanka,LKA,1976,26.72
Sri Lanka,LKA,1977,32.8
Sri Lanka,LKA,1978,39.85
Sri Lanka,LKA,1979,40.21
Sri Lanka,LKA,1980,47.96
Sri Lanka,LKA,1981,41.1
Sri Lanka,LKA,1982,42.76
Sri Lanka,LKA,1983,44.41
Sri Lanka,LKA,1984,53.59
Sri Lanka,LKA,1985,54.23
Sri Lanka,LKA,1986,52.6
Sri Lanka,LKA,1987,54.83
Sri Lanka,LKA,1988,55.85
Sri Lanka,LKA,1989,57.09
Sri Lanka,LKA,1990,48.63
Sri Lanka,LKA,1991,50.35
Sri Lanka,LKA,1992,53.65
Sri Lanka,LKA,1993,61.2
Sri Lanka,LKA,1994,65.75
Sri Lanka,LKA,1995,61.47
Sri Lanka,LKA,1996,62.3
Sri Lanka,LKA,1997,64.88
Sri Lanka,LKA,1998,75.29
Sri Lanka,LKA,1999,85.98
Sri Lanka,LKA,2000,82.45
Sri Lanka,LKA,2001,82.91
Sri Lanka,LKA,2002,98.29
Sri Lanka,LKA,2003,77.42
Sri Lanka,LKA,2004,88.31
Sri Lanka,LKA,2005,88.46
Sri Lanka,LKA,2006,88.06
Sri Lanka,LKA,2007,83.2
Sri Lanka,LKA,2008,97.05
Sri Lanka,LKA,2009,83.76
Sri Lanka,LKA,2010,76.19
Sri Lanka,LKA,2011,91.43
Sri Lanka,LKA,2012,71.42
Sri Lanka,LKA,2013,55.54
Sri Lanka,LKA,2014,99.06
Sri Lanka,LKA,2015,65.24
Sri Lanka,LKA,2016,50.99
Sri Lanka,LKA,2017,47.29
Sri Lanka,LKA,2018,29.02
Sri Lanka,LKA,2019,60.59
Sri Lanka,LKA,2020,100.88
Sri Lanka,LKA,2021,50.27
Sri Lanka,LKA,2022,50.27
Sri Lanka,LKA,2023,46.45
Sudan,SDN,2012,1.44
Sudan,SDN,2013,2.28
Sudan,SDN,2014,2.03
Sudan,SDN,2015,3.79
Sudan,SDN,2016,8.68
Sudan,SDN,2017,7.84
Sudan,SDN,2018,5.68
Sudan,SDN,2019,5.68
Sudan,SDN,2020,11.77
Sudan,SDN,2021,5.68
Sudan,SDN,2022,5.68
Sudan,SDN,2023,5.68
Sudan (former),OWID_SDN,1961,2.26
Sudan (former),OWID_SDN,1962,1.63
Sudan (former),OWID_SDN,1963,2.21
Sudan (former),OWID_SDN,1964,2.08
Sudan (former),OWID_SDN,1965,2.08
Sudan (former),OWID_SDN,1966,2.56
Sudan (former),OWID_SDN,1967,3.41
Sudan (former),OWID_SDN,1968,3.64
Sudan (former),OWID_SDN,1969,3.37
Sudan (former),OWID_SDN,1970,2.8
Sudan (former),OWID_SDN,1971,3.22
Sudan (former),OWID_SDN,1972,4.45
Sudan (former),OWID_SDN,1973,4.54
Sudan (former),OWID_SDN,1974,4.98
Sudan (former),OWID_SDN,1975,7.78
Sudan (former),OWID_SDN,1976,6.5
Sudan (former),OWID_SDN,1977,2.58
Sudan (former),OWID_SDN,1978,0.92
Sudan (former),OWID_SDN,1979,2.72
Sudan (former),OWID_SDN,1980,6.46
Sudan (former),OWID_SDN,1981,5.97
Sudan (former),OWID_SDN,1982,6.3
Sudan (former),OWID_SDN,1983,3.31
Sudan (former),OWID_SDN,1984,6.8
Sudan (former),OWID_SDN,1985,7.35
Sudan (former),OWID_SDN,1986,4.71
Sudan (former),OWID_SDN,1987,2.95
Sudan (former),OWID_SDN,1988,6.09
Sudan (former),OWID_SDN,1989,3.65
Sudan (former),OWID_SDN,1990,5.14
Sudan (former),OWID_SDN,1991,3.04
Sudan (former),OWID_SDN,1992,3.42
Sudan (former),OWID_SDN,1993,2.98
Sudan (former),OWID_SDN,1994,2.61
Sudan (former),OWID_SDN,1995,1.95
Sudan (former),OWID_SDN,1996,4.57
Sudan (former),OWID_SDN,1997,4.13
Sudan (former),OWID_SDN,1998,1.58
Sudan (former),OWID_SDN,1999,1.58
Sudan (former),OWID_SDN,2000,2.01
Sudan (former),OWID_SDN,2001,4.24
Sudan (former),OWID_SDN,2002,3.27
Sudan (former),OWID_SDN,2003,3.16
Sudan (former),OWID_SDN,2004,4.11
Sudan (former),OWID_SDN,2005,2.1
Sudan (former),OWID_SDN,2006,2.37
Sudan (former),OWID_SDN,2007,2.88
Sudan (former),OWID_SDN,2008,2.87
Sudan (former),OWID_SDN,2009,4.3
Sudan (former),OWID_SDN,2010,6.46
Sudan (former),OWID_SDN,2011,4.37
Suriname,SUR,1961,19.26
Suriname,SUR,1962,21
Suriname,SUR,1963,27.31
Suriname,SUR,1964,26.62
Suriname,SUR,1965,30.5
Suriname,SUR,1966,32.43
Suriname,SUR,1967,41.67
Suriname,SUR,1968,41.67
Suriname,SUR,1969,39.47
Suriname,SUR,1970,51.84
Suriname,SUR,1971,79.34
Suriname,SUR,1972,85.37
Suriname,SUR,1973,84.53
Suriname,SUR,1974,94.12
Suriname,SUR,1975,58.14
Suriname,SUR,1976,79.09
Suriname,SUR,1977,84.09
Suriname,SUR,1978,79.55
Suriname,SUR,1979,42.22
Suriname,SUR,1980,24.49
Suriname,SUR,1981,103.85
Suriname,SUR,1982,129.09
Suriname,SUR,1983,124.68
Suriname,SUR,1984,178.15
Suriname,SUR,1985,121.34
Suriname,SUR,1986,122.38
Suriname,SUR,1987,109.43
Suriname,SUR,1988,24.03
Suriname,SUR,1989,19.79
Suriname,SUR,1990,8.82
Suriname,SUR,1991,8.82
Suriname,SUR,1992,38.24
Suriname,SUR,1993,44.12
Suriname,SUR,1994,58.82
Suriname,SUR,1995,58.82
Suriname,SUR,1996,102.94
Suriname,SUR,1997,101.49
Suriname,SUR,1998,84.99
Suriname,SUR,1999,71.64
Suriname,SUR,2000,79.1
Suriname,SUR,2001,78.46
Suriname,SUR,2002,75.23
Suriname,SUR,2003,91.69
Suriname,SUR,2004,106.42
Suriname,SUR,2005,76.51
Suriname,SUR,2006,136.8
Suriname,SUR,2007,99.37
Suriname,SUR,2008,277.88
Suriname,SUR,2009,120.03
Suriname,SUR,2010,161.38
Suriname,SUR,2011,146.7
Suriname,SUR,2012,106.43
Suriname,SUR,2013,98.03
Suriname,SUR,2014,133.68
Suriname,SUR,2015,101.45
Suriname,SUR,2016,171.21
Suriname,SUR,2017,182.6
Suriname,SUR,2018,103.17
Suriname,SUR,2019,96.55
Suriname,SUR,2020,207.77
Suriname,SUR,2021,137.57
Suriname,SUR,2022,142.65
Suriname,SUR,2023,252.58
Sweden,SWE,1961,31.37
Sweden,SWE,1962,33.56
Sweden,SWE,1963,39.35
Sweden,SWE,1964,45.75
Sweden,SWE,1965,50.91
Sweden,SWE,1966,52.78
Sweden,SWE,1967,58.51
Sweden,SWE,1968,62.98
Sweden,SWE,1969,67.14
Sweden,SWE,1970,73.88
Sweden,SWE,1971,76.62
Sweden,SWE,1972,76.83
Sweden,SWE,1973,87.3
Sweden,SWE,1974,77.95
Sweden,SWE,1975,85.83
Sweden,SWE,1976,86.28
Sweden,SWE,1977,86.18
Sweden,SWE,1978,85.32
Sweden,SWE,1979,85.85
Sweden,SWE,1980,81.87
Sweden,SWE,1981,83.82
Sweden,SWE,1982,84.52
Sweden,SWE,1983,87.68
Sweden,SWE,1984,86.34
Sweden,SWE,1985,84.16
Sweden,SWE,1986,82.82
Sweden,SWE,1987,83.55
Sweden,SWE,1988,77.47
Sweden,SWE,1989,77.62
Sweden,SWE,1990,74.42
Sweden,SWE,1991,66.31
Sweden,SWE,1992,74.71
Sweden,SWE,1993,81.38
Sweden,SWE,1994,77.7
Sweden,SWE,1995,69.77
Sweden,SWE,1996,73.88
Sweden,SWE,1997,73.95
Sweden,SWE,1998,70.4
Sweden,SWE,1999,71.71
Sweden,SWE,2000,75.6
Sweden,SWE,2001,69.74
Sweden,SWE,2002,69.54
Sweden,SWE,2003,68.1
Sweden,SWE,2004,66.75
Sweden,SWE,2005,60.04
Sweden,SWE,2006,60.52
Sweden,SWE,2007,63.43
Sweden,SWE,2008,71.24
Sweden,SWE,2009,54.13
Sweden,SWE,2010,63.78
Sweden,SWE,2011,65.77
Sweden,SWE,2012,57.04
Sweden,SWE,2013,62.11
Sweden,SWE,2014,70.07
Sweden,SWE,2015,73.77
Sweden,SWE,2016,72.42
Sweden,SWE,2017,77.57
Sweden,SWE,2018,72.37
Sweden,SWE,2019,71.8
Sweden,SWE,2020,84.65
Sweden,SWE,2021,76.8
Sweden,SWE,2022,73.05
Sweden,SWE,2023,72.76
Switzerland,CHE,1961,27.43
Switzerland,CHE,1962,40.48
Switzerland,CHE,1963,40.07
Switzerland,CHE,1964,37.93
Switzerland,CHE,1965,45.09
Switzerland,CHE,1966,55.78
Switzerland,CHE,1967,58.5
Switzerland,CHE,1968,61.61
Switzerland,CHE,1969,64.43
Switzerland,CHE,1970,68.93
Switzerland,CHE,1971,69.72
Switzerland,CHE,1972,72.39
Switzerland,CHE,1973,76.43
Switzerland,CHE,1974,69.27
Switzerland,CHE,1975,79.86
Switzerland,CHE,1976,91.05
Switzerland,CHE,1977,98.82
Switzerland,CHE,1978,112.53
Switzerland,CHE,1979,113.8
Switzerland,CHE,1980,114.06
Switzerland,CHE,1981,108.31
Switzerland,CHE,1982,102.54
Switzerland,CHE,1983,113.29
Switzerland,CHE,1984,116.65
Switzerland,CHE,1985,117.8
Switzerland,CHE,1986,116.56
Switzerland,CHE,1987,120.51
Switzerland,CHE,1988,117.86
Switzerland,CHE,1989,113.89
Switzerland,CHE,1990,104.09
Switzerland,CHE,1991,102.41
Switzerland,CHE,1992,104.34
Switzerland,CHE,1993,101.84
Switzerland,CHE,1994,99.63
Switzerland,CHE,1995,102.09
Switzerland,CHE,1996,97.82
Switzerland,CHE,1997,95.95
Switzerland,CHE,1998,94.7
Switzerland,CHE,1999,85.67
Switzerland,CHE,2000,78.39
Switzerland,CHE,2001,89.56
Switzerland,CHE,2002,65.75
Switzerland,CHE,2003,70.38
Switzerland,CHE,2004,74.83
Switzerland,CHE,2005,86.97
Switzerland,CHE,2006,86.66
Switzerland,CHE,2007,79.22
Switzerland,CHE,2008,86.31
Switzerland,CHE,2009,83.27
Switzerland,CHE,2010,83.18
Switzerland,CHE,2011,76.28
Switzerland,CHE,2012,64.45
Switzerland,CHE,2013,79.96
Switzerland,CHE,2014,80.97
Switzerland,CHE,2015,82.26
Switzerland,CHE,2016,86.83
Switzerland,CHE,2017,80.34
Switzerland,CHE,2018,73.66
Switzerland,CHE,2019,63.01
Switzerland,CHE,2020,71.03
Switzerland,CHE,2021,72.48
Switzerland,CHE,2022,58.73
Switzerland,CHE,2023,66.21
Syria,SYR,1961,1.49
Syria,SYR,1962,1.32
Syria,SYR,1963,1.53
Syria,SYR,1964,1.82
Syria,SYR,1965,1.95
Syria,SYR,1966,2
Syria,SYR,1967,2.76
Syria,SYR,1968,3.88
Syria,SYR,1969,3.42
Syria,SYR,1970,4.42
Syria,SYR,1971,5.91
Syria,SYR,1972,5.48
Syria,SYR,1973,5.66
Syria,SYR,1974,6.25
Syria,SYR,1975,8.8
Syria,SYR,1976,9.16
Syria,SYR,1977,11.28
Syria,SYR,1978,11.77
Syria,SYR,1979,13.93
Syria,SYR,1980,14.04
Syria,SYR,1981,14.43
Syria,SYR,1982,16.54
Syria,SYR,1983,21.23
Syria,SYR,1984,21.02
Syria,SYR,1985,24.21
Syria,SYR,1986,25.52
Syria,SYR,1987,28.13
Syria,SYR,1988,29.19
Syria,SYR,1989,27.91
Syria,SYR,1990,32.85
Syria,SYR,1991,28.46
Syria,SYR,1992,29.1
Syria,SYR,1993,35.64
Syria,SYR,1994,39.57
Syria,SYR,1995,42.95
Syria,SYR,1996,41.57
Syria,SYR,1997,42.89
Syria,SYR,1998,39.82
Syria,SYR,1999,45.52
Syria,SYR,2000,44.1
Syria,SYR,2001,35.74
Syria,SYR,2002,40.88
Syria,SYR,2003,44.04
Syria,SYR,2004,40.24
Syria,SYR,2005,47.9
Syria,SYR,2006,49.33
Syria,SYR,2007,46.3
Syria,SYR,2008,47.69
Syria,SYR,2009,37.14
Syria,SYR,2010,20.92
Syria,SYR,2011,23.26
Syria,SYR,2012,19.49
Syria,SYR,2013,4.38
Syria,SYR,2014,5.05
Syria,SYR,2015,0.42
Syria,SYR,2016,3.1
Syria,SYR,2017,1.3
Syria,SYR,2018,3.6
Syria,SYR,2019,4.3
Syria,SYR,2020,4.19
Syria,SYR,2021,2.32
Syria,SYR,2022,3.35
Syria,SYR,2023,10.88
Taiwan,TWN,2002,254.82
Taiwan,TWN,2003,220.76
Taiwan,TWN,2004,239.17
Taiwan,TWN,2005,223.99
Taiwan,TWN,2006,225.26
Taiwan,TWN,2007,222.97
Taiwan,TWN,2008,205.91
Taiwan,TWN,2009,207.13
Taiwan,TWN,2010,210.39
Taiwan,TWN,2011,203.66
Taiwan,TWN,2012,207.73
Taiwan,TWN,2013,201.48
Taiwan,TWN,2014,197.34
Taiwan,TWN,2015,191.91
Taiwan,TWN,2016,194.88
Taiwan,TWN,2017,184.31
Taiwan,TWN,2018,181.75
Taiwan,TWN,2019,171.02
Taiwan,TWN,2020,180.55
Taiwan,TWN,2021,163.79
Taiwan,TWN,2022,159.42
Taiwan,TWN,2023,159.63
Tajikistan,TJK,1992,64.97
Tajikistan,TJK,1993,46.09
Tajikistan,TJK,1994,41.24
Tajikistan,TJK,1995,41.71
Tajikistan,TJK,1996,34.93
Tajikistan,TJK,1997,44.96
Tajikistan,TJK,1998,31.87
Tajikistan,TJK,1999,11.96
Tajikistan,TJK,2000,10.05
Tajikistan,TJK,2001,13.7
Tajikistan,TJK,2002,17.14
Tajikistan,TJK,2003,6.02
Tajikistan,TJK,2004,7.18
Tajikistan,TJK,2005,1.83
Tajikistan,TJK,2006,15.27
Tajikistan,TJK,2007,12.35
Tajikistan,TJK,2008,9
Tajikistan,TJK,2009,6.81
Tajikistan,TJK,2010,6.84
Tajikistan,TJK,2011,4.8
Tajikistan,TJK,2012,7.08
Tajikistan,TJK,2013,7.77
Tajikistan,TJK,2014,13.21
Tajikistan,TJK,2015,16.97
Tajikistan,TJK,2016,7.93
Tajikistan,TJK,2017,7.69
Tajikistan,TJK,2018,7.66
Tajikistan,TJK,2019,67.19
Tajikistan,TJK,2020,68.38
Tajikistan,TJK,2021,68.12
Tajikistan,TJK,2022,69.78
Tajikistan,TJK,2023,71.72
Tanzania,TZA,1961,0.24
Tanzania,TZA,1962,0.19
Tanzania,TZA,1963,0.21
Tanzania,TZA,1964,0.21
Tanzania,TZA,1965,0.57
Tanzania,TZA,1966,0.71
Tanzania,TZA,1967,0.57
Tanzania,TZA,1968,0.57
Tanzania,TZA,1969,0.71
Tanzania,TZA,1970,1
Tanzania,TZA,1971,1.34
Tanzania,TZA,1972,1.08
Tanzania,TZA,1973,1.39
Tanzania,TZA,1974,1.74
Tanzania,TZA,1975,1.86
Tanzania,TZA,1976,1.67
Tanzania,TZA,1977,2
Tanzania,TZA,1978,1.43
Tanzania,TZA,1979,2.56
Tanzania,TZA,1980,2.53
Tanzania,TZA,1981,1.94
Tanzania,TZA,1982,2.58
Tanzania,TZA,1983,1.72
Tanzania,TZA,1984,2.61
Tanzania,TZA,1985,2.59
Tanzania,TZA,1986,2.62
Tanzania,TZA,1987,3.19
Tanzania,TZA,1988,2.67
Tanzania,TZA,1989,2.84
Tanzania,TZA,1990,3.31
Tanzania,TZA,1991,3.36
Tanzania,TZA,1992,3.38
Tanzania,TZA,1993,2.66
Tanzania,TZA,1994,2.57
Tanzania,TZA,1995,1.52
Tanzania,TZA,1996,2.02
Tanzania,TZA,1997,2.49
Tanzania,TZA,1998,1.93
Tanzania,TZA,1999,1.25
Tanzania,TZA,2000,1.41
Tanzania,TZA,2001,0.66
Tanzania,TZA,2002,2.18
Tanzania,TZA,2003,2.59
Tanzania,TZA,2004,3.2
Tanzania,TZA,2005,2.96
Tanzania,TZA,2006,3.3
Tanzania,TZA,2007,3.34
Tanzania,TZA,2008,3.35
Tanzania,TZA,2009,5.08
Tanzania,TZA,2010,4.95
Tanzania,TZA,2011,4.98
Tanzania,TZA,2012,4.09
Tanzania,TZA,2013,7.71
Tanzania,TZA,2014,5.9
Tanzania,TZA,2015,5.29
Tanzania,TZA,2016,7.33
Tanzania,TZA,2017,7.12
Tanzania,TZA,2018,9.37
Tanzania,TZA,2019,5.11
Tanzania,TZA,2020,11.04
Tanzania,TZA,2021,5.73
Tanzania,TZA,2022,10.67
Tanzania,TZA,2023,12.12
Thailand,THA,1961,0.97
Thailand,THA,1962,1.06
Thailand,THA,1963,1.51
Thailand,THA,1964,1.31
Thailand,THA,1965,1.42
Thailand,THA,1966,2.71
Thailand,THA,1967,3.99
Thailand,THA,1968,3.83
Thailand,THA,1969,3.63
Thailand,THA,1970,3.08
Thailand,THA,1971,4.45
Thailand,THA,1972,4.2
Thailand,THA,1973,3.86
Thailand,THA,1974,4.88
Thailand,THA,1975,4.73
Thailand,THA,1976,8.02
Thailand,THA,1977,9.21
Thailand,THA,1978,8.64
Thailand,THA,1979,7.75
Thailand,THA,1980,7.28
Thailand,THA,1981,8.09
Thailand,THA,1982,9.32
Thailand,THA,1983,13.02
Thailand,THA,1984,12.81
Thailand,THA,1985,13.36
Thailand,THA,1986,17.26
Thailand,THA,1987,18.38
Thailand,THA,1988,21.38
Thailand,THA,1989,24.21
Thailand,THA,1990,27.98
Thailand,THA,1991,25.37
Thailand,THA,1992,29.17
Thailand,THA,1993,37.61
Thailand,THA,1994,36.03
Thailand,THA,1995,35.29
Thailand,THA,1996,39.12
Thailand,THA,1997,37.66
Thailand,THA,1998,43.28
Thailand,THA,1999,50.95
Thailand,THA,2000,43.8
Thailand,THA,2001,46.12
Thailand,THA,2002,50.88
Thailand,THA,2003,58.88
Thailand,THA,2004,54.07
Thailand,THA,2005,48.87
Thailand,THA,2006,49.53
Thailand,THA,2007,57.57
Thailand,THA,2008,54.84
Thailand,THA,2009,68.28
Thailand,THA,2010,72.97
Thailand,THA,2011,72.15
Thailand,THA,2012,73.53
Thailand,THA,2013,74.64
Thailand,THA,2014,70.02
Thailand,THA,2015,57.42
Thailand,THA,2016,67.22
Thailand,THA,2017,78.32
Thailand,THA,2018,64.54
Thailand,THA,2019,57.16
Thailand,THA,2020,64.6
Thailand,THA,2021,64.8
Thailand,THA,2022,87.96
Thailand,THA,2023,124.4
Togo,TGO,1969,0.04
Togo,TGO,1970,0.11
Togo,TGO,1971,0.11
Togo,TGO,1972,0.14
Togo,TGO,1973,0.14
Togo,TGO,1974,0.43
Togo,TGO,1975,0.45
Togo,TGO,1976,0.5
Togo,TGO,1977,0.19
Togo,TGO,1978,0.38
Togo,TGO,1979,0.79
Togo,TGO,1980,0.44
Togo,TGO,1981,0.41
Togo,TGO,1982,0.49
Togo,TGO,1983,0.6
Togo,TGO,1984,1.25
Togo,TGO,1985,1.77
Togo,TGO,1986,1.91
Togo,TGO,1987,2.04
Togo,TGO,1988,2.43
Togo,TGO,1989,3.04
Togo,TGO,1990,2.31
Togo,TGO,1991,2.51
Togo,TGO,1992,2.7
Togo,TGO,1993,2.13
Togo,TGO,1994,2.3
Togo,TGO,1995,2.59
Togo,TGO,1996,3.53
Togo,TGO,1997,2.58
Togo,TGO,1998,2.81
Togo,TGO,1999,3.59
Togo,TGO,2000,3.74
Togo,TGO,2001,3.8
Togo,TGO,2002,2.41
Togo,TGO,2003,2.68
Togo,TGO,2004,1.78
Togo,TGO,2005,0.23
Togo,TGO,2006,0
Togo,TGO,2007,0
Togo,TGO,2008,0
Togo,TGO,2009,0
Togo,TGO,2010,3.46
Togo,TGO,2011,5
Togo,TGO,2012,2.41
Togo,TGO,2013,3.3
Togo,TGO,2014,0.62
Togo,TGO,2015,0.35
Togo,TGO,2016,4.38
Togo,TGO,2017,1.51
Togo,TGO,2018,7.34
Togo,TGO,2019,1.24
Togo,TGO,2020,1.24
Togo,TGO,2021,0.37
Togo,TGO,2022,8.39
Togo,TGO,2023,9.42
Tonga,TON,1982,2.1
Tonga,TON,1983,2.97
Tonga,TON,1984,3.45
Tonga,TON,1985,3.45
Tonga,TON,2002,0
Tonga,TON,2003,0
Tonga,TON,2004,0
Tonga,TON,2005,0
Tonga,TON,2006,0
Tonga,TON,2007,0
Tonga,TON,2008,3.97
Tonga,TON,2009,3.83
Tonga,TON,2010,0.34
Tonga,TON,2011,0.26
Tonga,TON,2012,1.86
Tonga,TON,2013,2.5
Tonga,TON,2014,1.53
Tonga,TON,2015,1.79
Tonga,TON,2016,2.98
Tonga,TON,2017,3.65
Tonga,TON,2018,2.05
Tonga,TON,2019,2.75
Tonga,TON,2020,2.71
Tonga,TON,2021,3.12
Tonga,TON,2022,1.88
Tonga,TON,2023,2.17
Trinidad and Tobago,TTO,1961,32.61
Trinidad and Tobago,TTO,1962,32.61
Trinidad and Tobago,TTO,1963,32.61
Trinidad and Tobago,TTO,1964,32.61
Trinidad and Tobago,TTO,1965,36.1
Trinidad and Tobago,TTO,1966,41.45
Trinidad and Tobago,TTO,1967,54.35
Trinidad and Tobago,TTO,1968,54.35
Trinidad and Tobago,TTO,1969,54.35
Trinidad and Tobago,TTO,1970,61.96
Trinidad and Tobago,TTO,1971,63.16
Trinidad and Tobago,TTO,1972,73.68
Trinidad and Tobago,TTO,1973,67.31
Trinidad and Tobago,TTO,1974,52.06
Trinidad and Tobago,TTO,1975,43.42
Trinidad and Tobago,TTO,1976,45.05
Trinidad and Tobago,TTO,1977,45.67
Trinidad and Tobago,TTO,1978,48.62
Trinidad and Tobago,TTO,1979,46.73
Trinidad and Tobago,TTO,1980,40.8
Trinidad and Tobago,TTO,1981,31.66
Trinidad and Tobago,TTO,1982,41.46
Trinidad and Tobago,TTO,1983,57.35
Trinidad and Tobago,TTO,1984,73.53
Trinidad and Tobago,TTO,1985,84.62
Trinidad and Tobago,TTO,1986,53.85
Trinidad and Tobago,TTO,1987,49.23
Trinidad and Tobago,TTO,1988,19.91
Trinidad and Tobago,TTO,1989,22.73
Trinidad and Tobago,TTO,1990,77.46
Trinidad and Tobago,TTO,1991,78.67
Trinidad and Tobago,TTO,1992,93.33
Trinidad and Tobago,TTO,1993,40
Trinidad and Tobago,TTO,1994,40
Trinidad and Tobago,TTO,1995,42.86
Trinidad and Tobago,TTO,1996,85.71
Trinidad and Tobago,TTO,1997,92.31
Trinidad and Tobago,TTO,1998,83.33
Trinidad and Tobago,TTO,1999,81.67
Trinidad and Tobago,TTO,2000,121.3
Trinidad and Tobago,TTO,2001,11.81
Trinidad and Tobago,TTO,2002,52.83
Trinidad and Tobago,TTO,2003,52.83
Trinidad and Tobago,TTO,2004,110.42
Trinidad and Tobago,TTO,2005,112.77
Trinidad and Tobago,TTO,2006,112.77
Trinidad and Tobago,TTO,2007,112.77
Trinidad and Tobago,TTO,2008,104.26
Trinidad and Tobago,TTO,2009,110.64
Trinidad and Tobago,TTO,2010,108.51
Trinidad and Tobago,TTO,2011,106.38
Trinidad and Tobago,TTO,2012,127.66
Trinidad and Tobago,TTO,2013,127.66
Trinidad and Tobago,TTO,2014,138.3
Trinidad and Tobago,TTO,2015,138.3
Trinidad and Tobago,TTO,2016,138.3
Trinidad and Tobago,TTO,2017,21.64
Trinidad and Tobago,TTO,2018,28.55
Trinidad and Tobago,TTO,2019,28.93
Trinidad and Tobago,TTO,2020,27.94
Trinidad and Tobago,TTO,2021,24.11
Trinidad and Tobago,TTO,2022,19.73
Trinidad and Tobago,TTO,2023,19.73
Tunisia,TUN,1961,0.71
Tunisia,TUN,1962,0.94
Tunisia,TUN,1963,1.34
Tunisia,TUN,1964,1.38
Tunisia,TUN,1965,1.38
Tunisia,TUN,1966,1.62
Tunisia,TUN,1967,1.27
Tunisia,TUN,1968,2.09
Tunisia,TUN,1969,2.98
Tunisia,TUN,1970,2.72
Tunisia,TUN,1971,3.91
Tunisia,TUN,1972,3.14
Tunisia,TUN,1973,3.91
Tunisia,TUN,1974,4.61
Tunisia,TUN,1975,4.69
Tunisia,TUN,1976,4.92
Tunisia,TUN,1977,3.37
Tunisia,TUN,1978,4.71
Tunisia,TUN,1979,5.48
Tunisia,TUN,1980,5.06
Tunisia,TUN,1981,6.4
Tunisia,TUN,1982,7.63
Tunisia,TUN,1983,6.68
Tunisia,TUN,1984,8.4
Tunisia,TUN,1985,9.09
Tunisia,TUN,1986,10.57
Tunisia,TUN,1987,10.41
Tunisia,TUN,1988,9.61
Tunisia,TUN,1989,10.15
Tunisia,TUN,1990,7.77
Tunisia,TUN,1991,10.61
Tunisia,TUN,1992,11.26
Tunisia,TUN,1993,10.14
Tunisia,TUN,1994,9.77
Tunisia,TUN,1995,8.2
Tunisia,TUN,1996,10.55
Tunisia,TUN,1997,10.47
Tunisia,TUN,1998,12.79
Tunisia,TUN,1999,12.96
Tunisia,TUN,2000,12.44
Tunisia,TUN,2001,11.2
Tunisia,TUN,2002,11.41
Tunisia,TUN,2003,12.17
Tunisia,TUN,2004,13.75
Tunisia,TUN,2005,14.91
Tunisia,TUN,2006,14.86
Tunisia,TUN,2007,15.1
Tunisia,TUN,2008,14.6
Tunisia,TUN,2009,15.8
Tunisia,TUN,2010,15.43
Tunisia,TUN,2011,15.67
Tunisia,TUN,2012,16.59
Tunisia,TUN,2013,11.48
Tunisia,TUN,2014,13.15
Tunisia,TUN,2015,15.07
Tunisia,TUN,2016,20
Tunisia,TUN,2017,15.32
Tunisia,TUN,2018,17.35
Tunisia,TUN,2019,15.76
Tunisia,TUN,2020,14.19
Tunisia,TUN,2021,23.54
Tunisia,TUN,2022,18.94
Tunisia,TUN,2023,13.03
Turkey,TUR,1961,2.16
Turkey,TUR,1962,1.51
Turkey,TUR,1963,1.92
Turkey,TUR,1964,2.04
Turkey,TUR,1965,2.77
Turkey,TUR,1966,3.63
Turkey,TUR,1967,5.26
Turkey,TUR,1968,7.02
Turkey,TUR,1969,8.33
Turkey,TUR,1970,8.89
Turkey,TUR,1971,10.4
Turkey,TUR,1972,13.08
Turkey,TUR,1973,15.2
Turkey,TUR,1974,10.13
Turkey,TUR,1975,17.43
Turkey,TUR,1976,22.77
Turkey,TUR,1977,25.19
Turkey,TUR,1978,30.38
Turkey,TUR,1979,23.81
Turkey,TUR,1980,28.35
Turkey,TUR,1981,28.02
Turkey,TUR,1982,31.87
Turkey,TUR,1983,38.37
Turkey,TUR,1984,34.83
Turkey,TUR,1985,33.28
Turkey,TUR,1986,34.63
Turkey,TUR,1987,40.88
Turkey,TUR,1988,38.97
Turkey,TUR,1989,40.88
Turkey,TUR,1990,43.35
Turkey,TUR,1991,39.86
Turkey,TUR,1992,43.82
Turkey,TUR,1993,48.49
Turkey,TUR,1994,36.25
Turkey,TUR,1995,38.86
Turkey,TUR,1996,42.53
Turkey,TUR,1997,43.44
Turkey,TUR,1998,51.61
Turkey,TUR,1999,55.37
Turkey,TUR,2000,52.25
Turkey,TUR,2001,42.98
Turkey,TUR,2002,45.11
Turkey,TUR,2003,51.51
Turkey,TUR,2004,51.38
Turkey,TUR,2005,51.57
Turkey,TUR,2006,54.35
Turkey,TUR,2007,54.53
Turkey,TUR,2008,46.24
Turkey,TUR,2009,62.96
Turkey,TUR,2010,58.52
Turkey,TUR,2011,53.28
Turkey,TUR,2012,60.18
Turkey,TUR,2013,66.53
Turkey,TUR,2014,62.37
Turkey,TUR,2015,62.11
Turkey,TUR,2016,79.98
Turkey,TUR,2017,75.58
Turkey,TUR,2018,65.9
Turkey,TUR,2019,72.84
Turkey,TUR,2020,88.69
Turkey,TUR,2021,76.14
Turkey,TUR,2022,66.13
Turkey,TUR,2023,81.27
Turkmenistan,TKM,1992,88.38
Turkmenistan,TKM,1993,99.63
Turkmenistan,TKM,1994,81.12
Turkmenistan,TKM,1995,79.53
Turkmenistan,TKM,1996,79.52
Turkmenistan,TKM,1997,109.95
Turkmenistan,TKM,1998,37.77
Turkmenistan,TKM,1999,45.93
Turkmenistan,TKM,2000,52.97
Turkmenistan,TKM,2001,59.94
Turkmenistan,TKM,2002,57.59
Turkmenistan,TKM,2003,60.69
Turkmenistan,TKM,2004,67.69
Turkmenistan,TKM,2005,84.35
Turkmenistan,TKM,2006,115.82
Turkmenistan,TKM,2007,132.34
Turkmenistan,TKM,2008,132.32
Turkmenistan,TKM,2009,137.68
Turkmenistan,TKM,2010,139.32
Turkmenistan,TKM,2011,140.96
Turkmenistan,TKM,2012,141.65
Turkmenistan,TKM,2013,200.01
Turkmenistan,TKM,2014,234.31
Turkmenistan,TKM,2015,276.23
Turkmenistan,TKM,2016,225.26
Turkmenistan,TKM,2017,212.76
Turkmenistan,TKM,2018,243.73
Turkmenistan,TKM,2019,222.18
Turkmenistan,TKM,2020,296.6
Turkmenistan,TKM,2021,244.62
Turkmenistan,TKM,2022,309.4
Turkmenistan,TKM,2023,312.98
Tuvalu,TUV,2002,4.12
Tuvalu,TUV,2003,3.73
Tuvalu,TUV,2004,4.37
Tuvalu,TUV,2005,3.54
Tuvalu,TUV,2006,3.94
Tuvalu,TUV,2007,3.98
Tuvalu,TUV,2008,6.95
Tuvalu,TUV,2009,4.83
Tuvalu,TUV,2010,4.25
Tuvalu,TUV,2011,3.82
Tuvalu,TUV,2012,3.09
Tuvalu,TUV,2013,3.11
Tuvalu,TUV,2014,2.51
Tuvalu,TUV,2015,3.47
Tuvalu,TUV,2016,3.57
Tuvalu,TUV,2017,4.58
Tuvalu,TUV,2018,3.09
Tuvalu,TUV,2019,4.72
Tuvalu,TUV,2020,3.92
Tuvalu,TUV,2021,1.14
Tuvalu,TUV,2022,0.68
Tuvalu,TUV,2023,0.68
USSR,OWID_USS,1961,3.58
USSR,OWID_USS,1962,4.45
USSR,OWID_USS,1963,5.7
USSR,OWID_USS,1964,7.42
USSR,OWID_USS,1965,9.65
USSR,OWID_USS,1966,11.36
USSR,OWID_USS,1967,13.23
USSR,OWID_USS,1968,14.82
USSR,OWID_USS,1969,16.27
USSR,OWID_USS,1970,19.76
USSR,OWID_USS,1971,22.26
USSR,OWID_USS,1972,24.1
USSR,OWID_USS,1973,26.79
USSR,OWID_USS,1974,28.75
USSR,OWID_USS,1975,31.58
USSR,OWID_USS,1976,31.19
USSR,OWID_USS,1977,32.34
USSR,OWID_USS,1978,33.01
USSR,OWID_USS,1979,32.27
USSR,OWID_USS,1980,35.69
USSR,OWID_USS,1981,36.18
USSR,OWID_USS,1982,39
USSR,OWID_USS,1983,44.42
USSR,OWID_USS,1984,44.37
USSR,OWID_USS,1985,47.24
USSR,OWID_USS,1986,49.48
USSR,OWID_USS,1987,50.79
USSR,OWID_USS,1988,50.04
USSR,OWID_USS,1989,43.13
USSR,OWID_USS,1990,38.17
USSR,OWID_USS,1991,33.98
Uganda,UGA,1961,0.3
Uganda,UGA,1962,0.32
Uganda,UGA,1963,0.35
Uganda,UGA,1964,0.31
Uganda,UGA,1965,0.38
Uganda,UGA,1966,0.53
Uganda,UGA,1967,0.35
Uganda,UGA,1968,0.4
Uganda,UGA,1969,0.45
Uganda,UGA,1970,0.8
Uganda,UGA,1971,0.87
Uganda,UGA,1972,0.78
Uganda,UGA,1973,0.77
Uganda,UGA,1974,0.3
Uganda,UGA,1975,0.16
Uganda,UGA,1976,0.17
Uganda,UGA,1977,0.05
Uganda,UGA,1980,0.12
Uganda,UGA,1981,0.09
Uganda,UGA,1984,0.06
Uganda,UGA,1985,0.03
Uganda,UGA,1986,0.04
Uganda,UGA,1987,0.12
Uganda,UGA,1988,0.02
Uganda,UGA,1989,0.04
Uganda,UGA,1990,0.01
Uganda,UGA,1991,0.07
Uganda,UGA,1992,0.06
Uganda,UGA,1993,0.19
Uganda,UGA,1994,0.14
Uganda,UGA,1995,0.11
Uganda,UGA,1996,0.03
Uganda,UGA,1997,0.03
Uganda,UGA,1998,0.26
Uganda,UGA,1999,0.29
Uganda,UGA,2000,0.46
Uganda,UGA,2001,0.51
Uganda,UGA,2002,0.47
Uganda,UGA,2003,0.54
Uganda,UGA,2004,0.48
Uganda,UGA,2005,0.32
Uganda,UGA,2006,0.53
Uganda,UGA,2007,0.47
Uganda,UGA,2008,1.23
Uganda,UGA,2009,0.8
Uganda,UGA,2010,0.71
Uganda,UGA,2011,0.84
Uganda,UGA,2012,0.88
Uganda,UGA,2013,1.05
Uganda,UGA,2014,0.73
Uganda,UGA,2015,0.23
Uganda,UGA,2016,0.94
Uganda,UGA,2017,0.84
Uganda,UGA,2018,1.23
Uganda,UGA,2019,1.31
Uganda,UGA,2020,0.85
Uganda,UGA,2021,0.85
Uganda,UGA,2022,1.04
Uganda,UGA,2023,1.28
Ukraine,UKR,1992,38.83
Ukraine,UKR,1993,24.44
Ukraine,UKR,1994,22.53
Ukraine,UKR,1995,18.21
Ukraine,UKR,1996,10.9
Ukraine,UKR,1997,12.12
Ukraine,UKR,1998,12
Ukraine,UKR,1999,9.73
Ukraine,UKR,2000,10.45
Ukraine,UKR,2001,11.36
Ukraine,UKR,2002,13.26
Ukraine,UKR,2003,10.77
Ukraine,UKR,2004,10.34
Ukraine,UKR,2005,11.3
Ukraine,UKR,2006,14
Ukraine,UKR,2007,17.34
Ukraine,UKR,2008,22.05
Ukraine,UKR,2009,19.02
Ukraine,UKR,2010,23.21
Ukraine,UKR,2011,26.92
Ukraine,UKR,2012,27.84
Ukraine,UKR,2013,30.97
Ukraine,UKR,2014,30.33
Ukraine,UKR,2015,29.26
Ukraine,UKR,2016,35.56
Ukraine,UKR,2017,40.55
Ukraine,UKR,2018,41.62
Ukraine,UKR,2019,43.45
Ukraine,UKR,2020,50.81
Ukraine,UKR,2021,52.4
Ukraine,UKR,2022,35.95
Ukraine,UKR,2023,29.42
United Arab Emirates,ARE,1972,38.08
United Arab Emirates,ARE,1973,38.08
United Arab Emirates,ARE,1974,45.57
United Arab Emirates,ARE,1975,53.33
United Arab Emirates,ARE,1976,62.5
United Arab Emirates,ARE,1977,29.41
United Arab Emirates,ARE,1978,40.56
United Arab Emirates,ARE,1979,110.53
United Arab Emirates,ARE,1980,98.3
United Arab Emirates,ARE,1981,87.26
United Arab Emirates,ARE,1982,90.33
United Arab Emirates,ARE,1983,81.53
United Arab Emirates,ARE,1984,62.88
United Arab Emirates,ARE,1985,79.11
United Arab Emirates,ARE,1986,25.79
United Arab Emirates,ARE,1987,53.16
United Arab Emirates,ARE,1988,51.28
United Arab Emirates,ARE,1989,200.51
United Arab Emirates,ARE,1990,167.27
United Arab Emirates,ARE,1991,236.17
United Arab Emirates,ARE,1992,275.36
United Arab Emirates,ARE,1993,266.67
United Arab Emirates,ARE,1994,280.49
United Arab Emirates,ARE,1995,301.2
United Arab Emirates,ARE,1996,281.61
United Arab Emirates,ARE,1997,254.74
United Arab Emirates,ARE,1998,252.04
United Arab Emirates,ARE,1999,116.2
United Arab Emirates,ARE,2000,96.36
United Arab Emirates,ARE,2001,89.69
United Arab Emirates,ARE,2002,120.83
United Arab Emirates,ARE,2003,126.54
United Arab Emirates,ARE,2004,126.54
United Arab Emirates,ARE,2005,125.06
United Arab Emirates,ARE,2006,131.01
United Arab Emirates,ARE,2007,139.68
United Arab Emirates,ARE,2008,137.52
United Arab Emirates,ARE,2009,259.73
United Arab Emirates,ARE,2010,282.23
United Arab Emirates,ARE,2011,283.95
United Arab Emirates,ARE,2012,255.67
United Arab Emirates,ARE,2013,212.22
United Arab Emirates,ARE,2014,150.92
United Arab Emirates,ARE,2015,182.93
United Arab Emirates,ARE,2016,148.98
United Arab Emirates,ARE,2017,124.81
United Arab Emirates,ARE,2018,117.03
United Arab Emirates,ARE,2019,111.66
United Arab Emirates,ARE,2020,133.93
United Arab Emirates,ARE,2021,124.31
United Arab Emirates,ARE,2022,124.31
United Arab Emirates,ARE,2023,124.12
United Kingdom,GBR,1961,54.44
United Kingdom,GBR,1962,58.89
United Kingdom,GBR,1963,63.1
United Kingdom,GBR,1964,63.85
United Kingdom,GBR,1965,74.08
United Kingdom,GBR,1966,81.79
United Kingdom,GBR,1967,98.04
United Kingdom,GBR,1968,92.69
United Kingdom,GBR,1969,76.06
United Kingdom,GBR,1970,88.99
United Kingdom,GBR,1971,102.97
United Kingdom,GBR,1972,87.45
United Kingdom,GBR,1973,97.64
United Kingdom,GBR,1974,103.66
United Kingdom,GBR,1975,120.22
United Kingdom,GBR,1976,127.31
United Kingdom,GBR,1977,134.51
United Kingdom,GBR,1978,139.38
United Kingdom,GBR,1979,152.15
United Kingdom,GBR,1980,141.8
United Kingdom,GBR,1981,158.81
United Kingdom,GBR,1982,178.64
United Kingdom,GBR,1983,183.76
United Kingdom,GBR,1984,180.83
United Kingdom,GBR,1985,178.11
United Kingdom,GBR,1986,188.36
United Kingdom,GBR,1987,174.21
United Kingdom,GBR,1988,174.17
United Kingdom,GBR,1989,186.94
United Kingdom,GBR,1990,181.39
United Kingdom,GBR,1991,164.63
United Kingdom,GBR,1992,147.36
United Kingdom,GBR,1993,160.6
United Kingdom,GBR,1994,179.37
United Kingdom,GBR,1995,177.27
United Kingdom,GBR,1996,188.63
United Kingdom,GBR,1997,169.71
United Kingdom,GBR,1998,163.15
United Kingdom,GBR,1999,169.97
United Kingdom,GBR,2000,150.47
United Kingdom,GBR,2001,167.94
United Kingdom,GBR,2002,164.08
United Kingdom,GBR,2003,158.51
United Kingdom,GBR,2004,153.37
United Kingdom,GBR,2005,146.95
United Kingdom,GBR,2006,130.71
United Kingdom,GBR,2007,131.53
United Kingdom,GBR,2008,132.34
United Kingdom,GBR,2009,124.49
United Kingdom,GBR,2010,135.11
United Kingdom,GBR,2011,133.88
United Kingdom,GBR,2012,127.84
United Kingdom,GBR,2013,126.65
United Kingdom,GBR,2014,135.07
United Kingdom,GBR,2015,138.48
United Kingdom,GBR,2016,135.16
United Kingdom,GBR,2017,135.84
United Kingdom,GBR,2018,135.83
United Kingdom,GBR,2019,135.43
United Kingdom,GBR,2020,128.43
United Kingdom,GBR,2021,133.95
United Kingdom,GBR,2022,113.34
United Kingdom,GBR,2023,114.49
United States,USA,1961,12.96
United States,USA,1962,15.18
United States,USA,1963,16.85
United States,USA,1964,18.34
United States,USA,1965,20.69
United States,USA,1966,23.69
United States,USA,1967,26.91
United States,USA,1968,27.4
United States,USA,1969,27.71
United States,USA,1970,30.14
United States,USA,1971,30.8
United States,USA,1972,31.46
United States,USA,1973,34.11
United States,USA,1974,33.87
United States,USA,1975,37.84
United States,USA,1976,40.76
United States,USA,1977,39.25
United States,USA,1978,39.84
United States,USA,1979,42.56
United States,USA,1980,44.75
United States,USA,1981,43
United States,USA,1982,37.24
United States,USA,1983,39.93
United States,USA,1984,43.44
United States,USA,1985,41.21
United States,USA,1986,39.31
United States,USA,1987,40.24
United States,USA,1988,40.84
United States,USA,1989,42.19
United States,USA,1990,43.35
United States,USA,1991,44.04
United States,USA,1992,44.48
United States,USA,1993,47.99
United States,USA,1994,47.39
United States,USA,1995,47.73
United States,USA,1996,49.38
United States,USA,1997,49.67
United States,USA,1998,50.22
United States,USA,1999,50.43
United States,USA,2000,48.09
United States,USA,2001,48.3
United States,USA,2002,49.95
United States,USA,2003,54.51
United States,USA,2004,52.29
United States,USA,2005,51.73
United States,USA,2006,57.43
United States,USA,2007,55.43
United States,USA,2008,50.99
United States,USA,2009,54.88
United States,USA,2010,57.97
United States,USA,2011,61.52
United States,USA,2012,62.14
United States,USA,2013,60.97
United States,USA,2014,59.46
United States,USA,2015,59.39
United States,USA,2016,58.26
United States,USA,2017,57.75
United States,USA,2018,59.72
United States,USA,2019,59.49
United States,USA,2020,60.76
United States,USA,2021,60.17
United States,USA,2022,59.08
United States,USA,2023,59.08
Uruguay,URY,1961,1.62
Uruguay,URY,1962,2.46
Uruguay,URY,1963,2.75
Uruguay,URY,1964,4.66
Uruguay,URY,1965,3.29
Uruguay,URY,1966,2.99
Uruguay,URY,1967,2.96
Uruguay,URY,1968,5.86
Uruguay,URY,1969,5.45
Uruguay,URY,1970,7.05
Uruguay,URY,1971,9.19
Uruguay,URY,1972,8.13
Uruguay,URY,1973,8.01
Uruguay,URY,1974,5.27
Uruguay,URY,1975,6.05
Uruguay,URY,1976,10.01
Uruguay,URY,1977,10.2
Uruguay,URY,1978,8.47
Uruguay,URY,1979,13.18
Uruguay,URY,1980,13.11
Uruguay,URY,1981,12.81
Uruguay,URY,1982,14.3
Uruguay,URY,1983,10.74
Uruguay,URY,1984,12.68
Uruguay,URY,1985,11.25
Uruguay,URY,1986,8.53
Uruguay,URY,1987,10.45
Uruguay,URY,1988,21.08
Uruguay,URY,1989,16.96
Uruguay,URY,1990,19.35
Uruguay,URY,1991,19.62
Uruguay,URY,1992,21.88
Uruguay,URY,1993,23.09
Uruguay,URY,1994,16.82
Uruguay,URY,1995,13.99
Uruguay,URY,1996,31.03
Uruguay,URY,1997,30.74
Uruguay,URY,1998,34.67
Uruguay,URY,1999,27.6
Uruguay,URY,2000,23.05
Uruguay,URY,2001,33.9
Uruguay,URY,2002,16.44
Uruguay,URY,2003,41.57
Uruguay,URY,2004,53.18
Uruguay,URY,2005,46.44
Uruguay,URY,2006,60.84
Uruguay,URY,2007,55.21
Uruguay,URY,2008,44.82
Uruguay,URY,2009,42.54
Uruguay,URY,2010,65.83
Uruguay,URY,2011,53.13
Uruguay,URY,2012,88.83
Uruguay,URY,2013,79.85
Uruguay,URY,2014,64.02
Uruguay,URY,2015,42.1
Uruguay,URY,2016,62.21
Uruguay,URY,2017,62.95
Uruguay,URY,2018,65.83
Uruguay,URY,2019,72.85
Uruguay,URY,2020,89.01
Uruguay,URY,2021,99.22
Uruguay,URY,2022,88.76
Uruguay,URY,2023,81.15
Uzbekistan,UZB,1992,209.66
Uzbekistan,UZB,1993,190.3
Uzbekistan,UZB,1994,139.05
Uzbekistan,UZB,1995,160.13
Uzbekistan,UZB,1996,170.52
Uzbekistan,UZB,1997,140.17
Uzbekistan,UZB,1998,133.02
Uzbekistan,UZB,1999,128.75
Uzbekistan,UZB,2000,125.72
Uzbekistan,UZB,2001,115.85
Uzbekistan,UZB,2002,115.81
Uzbekistan,UZB,2003,116.7
Uzbekistan,UZB,2004,99.52
Uzbekistan,UZB,2005,110.9
Uzbekistan,UZB,2006,115.41
Uzbekistan,UZB,2007,116.75
Uzbekistan,UZB,2008,124.19
Uzbekistan,UZB,2009,133.05
Uzbekistan,UZB,2010,139.65
Uzbekistan,UZB,2011,146.35
Uzbekistan,UZB,2012,142.33
Uzbekistan,UZB,2013,152.78
Uzbekistan,UZB,2014,158.3
Uzbekistan,UZB,2015,160.44
Uzbekistan,UZB,2016,163.15
Uzbekistan,UZB,2017,163.27
Uzbekistan,UZB,2018,152.04
Uzbekistan,UZB,2019,183.24
Uzbekistan,UZB,2020,184.46
Uzbekistan,UZB,2021,227.26
Uzbekistan,UZB,2022,187.24
Uzbekistan,UZB,2023,215.13
Vanuatu,VUT,2002,0.04
Vanuatu,VUT,2003,0.04
Vanuatu,VUT,2004,0.09
Vanuatu,VUT,2005,0.03
Vanuatu,VUT,2006,0.01
Vanuatu,VUT,2007,0.04
Vanuatu,VUT,2008,0.04
Vanuatu,VUT,2009,0.04
Vanuatu,VUT,2010,0
Vanuatu,VUT,2011,0.03
Vanuatu,VUT,2012,0.02
Vanuatu,VUT,2013,0
Vanuatu,VUT,2014,0
Vanuatu,VUT,2015,0
Vanuatu,VUT,2016,0.02
Vanuatu,VUT,2017,0.05
Vanuatu,VUT,2018,0.03
Vanuatu,VUT,2019,0.06
Vanuatu,VUT,2020,0
Vanuatu,VUT,2021,0
Vanuatu,VUT,2022,0
Vanuatu,VUT,2023,0
Venezuela,VEN,1961,2.87
Venezuela,VEN,1962,2.01
Venezuela,VEN,1963,4.31
Venezuela,VEN,1964,4.88
Venezuela,VEN,1965,4.88
Venezuela,VEN,1966,4.45
Venezuela,VEN,1967,5.31
Venezuela,VEN,1968,7.96
Venezuela,VEN,1969,6.32
Venezuela,VEN,1970,7.26
Venezuela,VEN,1971,9.52
Venezuela,VEN,1972,10.43
Venezuela,VEN,1973,11.69
Venezuela,VEN,1974,16.52
Venezuela,VEN,1975,18.36
Venezuela,VEN,1976,20.94
Venezuela,VEN,1977,22.89
Venezuela,VEN,1978,25.13
Venezuela,VEN,1979,26.57
Venezuela,VEN,1980,30.8
Venezuela,VEN,1981,19.67
Venezuela,VEN,1982,19.75
Venezuela,VEN,1983,21.09
Venezuela,VEN,1984,35.27
Venezuela,VEN,1985,49.86
Venezuela,VEN,1986,58.81
Venezuela,VEN,1987,71.84
Venezuela,VEN,1988,77.84
Venezuela,VEN,1989,67.61
Venezuela,VEN,1990,56.79
Venezuela,VEN,1991,55.9
Venezuela,VEN,1992,51.46
Venezuela,VEN,1993,42.83
Venezuela,VEN,1994,39.81
Venezuela,VEN,1995,49.76
Venezuela,VEN,1996,50.5
Venezuela,VEN,1997,49.56
Venezuela,VEN,1998,37.87
Venezuela,VEN,1999,31.24
Venezuela,VEN,2000,51.55
Venezuela,VEN,2001,53.27
Venezuela,VEN,2002,55.92
Venezuela,VEN,2003,58.18
Venezuela,VEN,2004,61.19
Venezuela,VEN,2005,65.57
Venezuela,VEN,2006,53.95
Venezuela,VEN,2007,65.72
Venezuela,VEN,2008,90.93
Venezuela,VEN,2009,84.05
Venezuela,VEN,2010,90.1
Venezuela,VEN,2011,84.91
Venezuela,VEN,2012,77.41
Venezuela,VEN,2013,72.88
Venezuela,VEN,2014,71.11
Venezuela,VEN,2015,71.02
Venezuela,VEN,2016,68.76
Venezuela,VEN,2017,67.39
Venezuela,VEN,2018,43.12
Venezuela,VEN,2019,34.3
Venezuela,VEN,2020,33.79
Venezuela,VEN,2021,34.85
Venezuela,VEN,2022,34.85
Venezuela,VEN,2023,34.85
Vietnam,VNM,1961,2.33
Vietnam,VNM,1962,2.49
Vietnam,VNM,1963,1.49
Vietnam,VNM,1964,1.82
Vietnam,VNM,1965,2.15
Vietnam,VNM,1966,2.15
Vietnam,VNM,1967,11
Vietnam,VNM,1968,13.68
Vietnam,VNM,1969,28.39
Vietnam,VNM,1970,28.2
Vietnam,VNM,1971,20.85
Vietnam,VNM,1972,26.09
Vietnam,VNM,1973,21.47
Vietnam,VNM,1974,19.44
Vietnam,VNM,1975,31.09
Vietnam,VNM,1976,30.6
Vietnam,VNM,1977,41.13
Vietnam,VNM,1978,28.03
Vietnam,VNM,1979,14.61
Vietnam,VNM,1980,13.44
Vietnam,VNM,1981,25.7
Vietnam,VNM,1982,32.63
Vietnam,VNM,1983,48.3
Vietnam,VNM,1984,45.39
Vietnam,VNM,1985,53.31
Vietnam,VNM,1986,59.75
Vietnam,VNM,1987,48.38
Vietnam,VNM,1988,67.21
Vietnam,VNM,1989,66.46
Vietnam,VNM,1990,66.63
Vietnam,VNM,1991,96.34
Vietnam,VNM,1992,80.83
Vietnam,VNM,1993,83.59
Vietnam,VNM,1994,128.44
Vietnam,VNM,1995,120.53
Vietnam,VNM,1996,142.1
Vietnam,VNM,1997,128.14
Vietnam,VNM,1998,160
Vietnam,VNM,1999,157.53
Vietnam,VNM,2000,163.19
Vietnam,VNM,2001,120.26
Vietnam,VNM,2002,128.86
Vietnam,VNM,2003,139.54
Vietnam,VNM,2004,142.92
Vietnam,VNM,2005,117.05
Vietnam,VNM,2006,104.88
Vietnam,VNM,2007,121.82
Vietnam,VNM,2008,75.7
Vietnam,VNM,2009,160.9
Vietnam,VNM,2010,118.22
Vietnam,VNM,2011,97.71
Vietnam,VNM,2012,116.83
Vietnam,VNM,2013,159.47
Vietnam,VNM,2014,133.3
Vietnam,VNM,2015,147.38
Vietnam,VNM,2016,134.34
Vietnam,VNM,2017,135.62
Vietnam,VNM,2018,136.79
Vietnam,VNM,2019,133.9
Vietnam,VNM,2020,134.22
Vietnam,VNM,2021,134.22
Vietnam,VNM,2022,151.18
Vietnam,VNM,2023,151.49
Western Africa (FAO),,1961,0.09
Western Africa (FAO),,1962,0.1
Western Africa (FAO),,1963,0.12
Western Africa (FAO),,1964,0.14
Western Africa (FAO),,1965,0.17
Western Africa (FAO),,1966,0.29
Western Africa (FAO),,1967,0.3
Western Africa (FAO),,1968,0.26
Western Africa (FAO),,1969,0.29
Western Africa (FAO),,1970,0.39
Western Africa (FAO),,1971,0.42
Western Africa (FAO),,1972,0.59
Western Africa (FAO),,1973,0.55
Western Africa (FAO),,1974,0.7
Western Africa (FAO),,1975,1.16
Western Africa (FAO),,1976,1.36
Western Africa (FAO),,1977,1.48
Western Africa (FAO),,1978,1.42
Western Africa (FAO),,1979,1.82
Western Africa (FAO),,1980,2.13
Western Africa (FAO),,1981,2.21
Western Africa (FAO),,1982,2.24
Western Africa (FAO),,1983,2.52
Western Africa (FAO),,1984,2.68
Western Africa (FAO),,1985,2.41
Western Africa (FAO),,1986,2.52
Western Africa (FAO),,1987,2.28
Western Africa (FAO),,1988,2.98
Western Africa (FAO),,1989,3.35
Western Africa (FAO),,1990,3.79
Western Africa (FAO),,1991,3.81
Western Africa (FAO),,1992,3.85
Western Africa (FAO),,1993,3.92
Western Africa (FAO),,1994,3.53
Western Africa (FAO),,1995,2.38
Western Africa (FAO),,1996,2.56
Western Africa (FAO),,1997,2.66
Western Africa (FAO),,1998,2.57
Western Africa (FAO),,1999,2.82
Western Africa (FAO),,2000,2.41
Western Africa (FAO),,2001,2.78
Western Africa (FAO),,2002,3
Western Africa (FAO),,2003,3.16
Western Africa (FAO),,2004,2.87
Western Africa (FAO),,2005,3.64
Western Africa (FAO),,2006,3.77
Western Africa (FAO),,2007,1.99
Western Africa (FAO),,2008,2.68
Western Africa (FAO),,2009,2.67
Western Africa (FAO),,2010,4.79
Western Africa (FAO),,2011,3.04
Western Africa (FAO),,2012,4.13
Western Africa (FAO),,2013,4.91
Western Africa (FAO),,2014,4.81
Western Africa (FAO),,2015,4.08
Western Africa (FAO),,2016,5.76
Western Africa (FAO),,2017,7.11
Western Africa (FAO),,2018,7.12
Western Africa (FAO),,2019,7.7
Western Africa (FAO),,2020,8.45
Western Africa (FAO),,2021,6.22
Western Africa (FAO),,2022,4.08
Western Africa (FAO),,2023,4.06
Western Asia (FAO),,1961,2.59
Western Asia (FAO),,1962,2.07
Western Asia (FAO),,1963,2.57
Western Asia (FAO),,1964,2.65
Western Asia (FAO),,1965,3.24
Western Asia (FAO),,1966,3.91
Western Asia (FAO),,1967,5.1
Western Asia (FAO),,1968,6.56
Western Asia (FAO),,1969,7.46
Western Asia (FAO),,1970,8.17
Western Asia (FAO),,1971,9.61
Western Asia (FAO),,1972,11.44
Western Asia (FAO),,1973,13.14
Western Asia (FAO),,1974,9.46
Western Asia (FAO),,1975,14.39
Western Asia (FAO),,1976,18.34
Western Asia (FAO),,1977,20.17
Western Asia (FAO),,1978,23.76
Western Asia (FAO),,1979,20.94
Western Asia (FAO),,1980,23.78
Western Asia (FAO),,1981,23.88
Western Asia (FAO),,1982,27.29
Western Asia (FAO),,1983,32.84
Western Asia (FAO),,1984,32.63
Western Asia (FAO),,1985,32.75
Western Asia (FAO),,1986,33.87
Western Asia (FAO),,1987,39.44
Western Asia (FAO),,1988,38.93
Western Asia (FAO),,1989,40.22
Western Asia (FAO),,1990,42.14
Western Asia (FAO),,1991,38.5
Western Asia (FAO),,1992,41.52
Western Asia (FAO),,1993,44.81
Western Asia (FAO),,1994,37.51
Western Asia (FAO),,1995,38.79
Western Asia (FAO),,1996,41.18
Western Asia (FAO),,1997,42.8
Western Asia (FAO),,1998,47.66
Western Asia (FAO),,1999,50.5
Western Asia (FAO),,2000,48.47
Western Asia (FAO),,2001,47.56
Western Asia (FAO),,2002,49.56
Western Asia (FAO),,2003,43.66
Western Asia (FAO),,2004,45.53
Western Asia (FAO),,2005,46.26
Western Asia (FAO),,2006,49.02
Western Asia (FAO),,2007,48.13
Western Asia (FAO),,2008,43.96
Western Asia (FAO),,2009,51.93
Western Asia (FAO),,2010,45.37
Western Asia (FAO),,2011,44.3
Western Asia (FAO),,2012,49.03
Western Asia (FAO),,2013,50.09
Western Asia (FAO),,2014,45.25
Western Asia (FAO),,2015,46.3
Western Asia (FAO),,2016,59.03
Western Asia (FAO),,2017,55.37
Western Asia (FAO),,2018,49.57
Western Asia (FAO),,2019,52.04
Western Asia (FAO),,2020,63.62
Western Asia (FAO),,2021,54.52
Western Asia (FAO),,2022,49.4
Western Asia (FAO),,2023,60.07
Western Europe (FAO),,1961,40.47
Western Europe (FAO),,1962,47.35
Western Europe (FAO),,1963,50.56
Western Europe (FAO),,1964,53.91
Western Europe (FAO),,1965,59.57
Western Europe (FAO),,1966,64.47
Western Europe (FAO),,1967,70.32
Western Europe (FAO),,1968,76.56
Western Europe (FAO),,1969,80.91
Western Europe (FAO),,1970,88.64
Western Europe (FAO),,1971,92.99
Western Europe (FAO),,1972,97.85
Western Europe (FAO),,1973,102.78
Western Europe (FAO),,1974,97.67
Western Europe (FAO),,1975,102.27
Western Europe (FAO),,1976,109.91
Western Europe (FAO),,1977,110.54
Western Europe (FAO),,1978,115.46
Western Europe (FAO),,1979,122.5
Western Europe (FAO),,1980,125.35
Western Europe (FAO),,1981,121.16
Western Europe (FAO),,1982,122.66
Western Europe (FAO),,1983,124.82
Western Europe (FAO),,1984,127.05
Western Europe (FAO),,1985,131.57
Western Europe (FAO),,1986,134.8
Western Europe (FAO),,1987,135.21
Western Europe (FAO),,1988,138.86
Western Europe (FAO),,1989,135.81
Western Europe (FAO),,1990,120.33
Western Europe (FAO),,1991,122.56
Western Europe (FAO),,1992,110.4
Western Europe (FAO),,1993,108.87
Western Europe (FAO),,1994,114.49
Western Europe (FAO),,1995,116.16
Western Europe (FAO),,1996,119.33
Western Europe (FAO),,1997,119.32
Western Europe (FAO),,1998,120.64
Western Europe (FAO),,1999,124.73
Western Europe (FAO),,2000,108.85
Western Europe (FAO),,2001,109.8
Western Europe (FAO),,2002,109.15
Western Europe (FAO),,2003,113.43
Western Europe (FAO),,2004,110.88
Western Europe (FAO),,2005,107.76
Western Europe (FAO),,2006,104.06
Western Europe (FAO),,2007,113.6
Western Europe (FAO),,2008,100.29
Western Europe (FAO),,2009,94.95
Western Europe (FAO),,2010,104.3
Western Europe (FAO),,2011,98.92
Western Europe (FAO),,2012,100.93
Western Europe (FAO),,2013,105.12
Western Europe (FAO),,2014,108.67
Western Europe (FAO),,2015,108.62
Western Europe (FAO),,2016,105.98
Western Europe (FAO),,2017,105.52
Western Europe (FAO),,2018,98.09
Western Europe (FAO),,2019,95.05
Western Europe (FAO),,2020,97.59
Western Europe (FAO),,2021,90.56
Western Europe (FAO),,2022,79.67
Western Europe (FAO),,2023,80.69
World,OWID_WRL,1961,7.59
World,OWID_WRL,1962,8.54
World,OWID_WRL,1963,9.64
World,OWID_WRL,1964,10.86
World,OWID_WRL,1965,12.53
World,OWID_WRL,1966,14.65
World,OWID_WRL,1967,15.94
World,OWID_WRL,1968,17.33
World,OWID_WRL,1969,18.67
World,OWID_WRL,1970,20.9
World,OWID_WRL,1971,22.33
World,OWID_WRL,1972,23.94
World,OWID_WRL,1973,25.82
World,OWID_WRL,1974,25.51
World,OWID_WRL,1975,29.12
World,OWID_WRL,1976,29.75
World,OWID_WRL,1977,32.49
World,OWID_WRL,1978,35.5
World,OWID_WRL,1979,37.28
World,OWID_WRL,1980,39.63
World,OWID_WRL,1981,39.67
World,OWID_WRL,1982,40.19
World,OWID_WRL,1983,43.21
World,OWID_WRL,1984,45.43
World,OWID_WRL,1985,45.02
World,OWID_WRL,1986,46.17
World,OWID_WRL,1987,48.24
World,OWID_WRL,1988,50.78
World,OWID_WRL,1989,50.18
World,OWID_WRL,1990,49.27
World,OWID_WRL,1991,48.11
World,OWID_WRL,1992,47.32
World,OWID_WRL,1993,45.97
World,OWID_WRL,1994,46.24
World,OWID_WRL,1995,49.93
World,OWID_WRL,1996,52.9
World,OWID_WRL,1997,51.48
World,OWID_WRL,1998,52.41
World,OWID_WRL,1999,53.71
World,OWID_WRL,2000,51.29
World,OWID_WRL,2001,51.87
World,OWID_WRL,2002,53.49
World,OWID_WRL,2003,54.96
World,OWID_WRL,2004,56.39
World,OWID_WRL,2005,56.65
World,OWID_WRL,2006,58.53
World,OWID_WRL,2007,60.59
World,OWID_WRL,2008,59.67
World,OWID_WRL,2009,61
World,OWID_WRL,2010,63.41
World,OWID_WRL,2011,65.22
World,OWID_WRL,2012,64.89
World,OWID_WRL,2013,65.82
World,OWID_WRL,2014,66.31
World,OWID_WRL,2015,65.23
World,OWID_WRL,2016,65.87
World,OWID_WRL,2017,67.05
World,OWID_WRL,2018,66.1
World,OWID_WRL,2019,65.95
World,OWID_WRL,2020,69.66
World,OWID_WRL,2021,68.6
World,OWID_WRL,2022,66.34
World,OWID_WRL,2023,67.72
Yemen,YEM,1966,0.01
Yemen,YEM,1967,0.01
Yemen,YEM,1968,0.02
Yemen,YEM,1969,0.38
Yemen,YEM,1970,0.07
Yemen,YEM,1971,0.21
Yemen,YEM,1972,0.35
Yemen,YEM,1973,0.65
Yemen,YEM,1974,0.73
Yemen,YEM,1975,2.94
Yemen,YEM,1976,1.95
Yemen,YEM,1977,1.37
Yemen,YEM,1978,6.84
Yemen,YEM,1979,8.75
Yemen,YEM,1980,7.41
Yemen,YEM,1981,8.12
Yemen,YEM,1982,8.14
Yemen,YEM,1983,10.33
Yemen,YEM,1984,11.33
Yemen,YEM,1985,11.77
Yemen,YEM,1986,10.02
Yemen,YEM,1987,5.57
Yemen,YEM,1988,11.22
Yemen,YEM,1989,11.16
Yemen,YEM,1990,11.78
Yemen,YEM,1991,9.81
Yemen,YEM,1992,8.1
Yemen,YEM,1993,4.64
Yemen,YEM,1994,5.32
Yemen,YEM,1995,5.82
Yemen,YEM,1996,4.62
Yemen,YEM,1997,11.22
Yemen,YEM,1998,9.46
Yemen,YEM,1999,8.88
Yemen,YEM,2000,8.93
Yemen,YEM,2001,10.03
Yemen,YEM,2002,6.82
Yemen,YEM,2003,3.29
Yemen,YEM,2004,10.9
Yemen,YEM,2005,2.59
Yemen,YEM,2006,5.48
Yemen,YEM,2007,16.12
Yemen,YEM,2008,11.22
Yemen,YEM,2009,9.5
Yemen,YEM,2010,15.15
Yemen,YEM,2011,9.5
Yemen,YEM,2012,8.94
Yemen,YEM,2013,17.88
Yemen,YEM,2014,16.22
Yemen,YEM,2015,0.65
Yemen,YEM,2016,13.52
Yemen,YEM,2017,9.09
Yemen,YEM,2018,0.88
Yemen,YEM,2019,6.41
Yemen,YEM,2020,4.98
Yemen,YEM,2021,1.61
Yemen,YEM,2022,3.66
Yemen,YEM,2023,4.55
Yugoslavia,OWID_YGS,1961,12.88
Yugoslavia,OWID_YGS,1962,16.09
Yugoslavia,OWID_YGS,1963,18.21
Yugoslavia,OWID_YGS,1964,20.01
Yugoslavia,OWID_YGS,1965,20.02
Yugoslavia,OWID_YGS,1966,23.97
Yugoslavia,OWID_YGS,1967,25.03
Yugoslavia,OWID_YGS,1968,32.78
Yugoslavia,OWID_YGS,1969,34.41
Yugoslavia,OWID_YGS,1970,35.78
Yugoslavia,OWID_YGS,1971,40.76
Yugoslavia,OWID_YGS,1972,41.82
Yugoslavia,OWID_YGS,1973,41.95
Yugoslavia,OWID_YGS,1974,43.39
Yugoslavia,OWID_YGS,1975,44.81
Yugoslavia,OWID_YGS,1976,47.72
Yugoslavia,OWID_YGS,1977,50.58
Yugoslavia,OWID_YGS,1978,53.61
Yugoslavia,OWID_YGS,1979,55.72
Yugoslavia,OWID_YGS,1980,52.89
Yugoslavia,OWID_YGS,1981,60.66
Yugoslavia,OWID_YGS,1982,62.51
Yugoslavia,OWID_YGS,1983,60.44
Yugoslavia,OWID_YGS,1984,76.87
Yugoslavia,OWID_YGS,1985,68.38
Yugoslavia,OWID_YGS,1986,65.06
Yugoslavia,OWID_YGS,1987,64.78
Yugoslavia,OWID_YGS,1988,64.82
Yugoslavia,OWID_YGS,1989,57.22
Yugoslavia,OWID_YGS,1990,57.08
Yugoslavia,OWID_YGS,1991,37.77
Zambia,ZMB,1961,2.06
Zambia,ZMB,1962,1.76
Zambia,ZMB,1963,1.78
Zambia,ZMB,1964,2.3
Zambia,ZMB,1965,2.3
Zambia,ZMB,1966,2.25
Zambia,ZMB,1967,2.42
Zambia,ZMB,1968,4.42
Zambia,ZMB,1969,3.33
Zambia,ZMB,1970,7.09
Zambia,ZMB,1971,11.3
Zambia,ZMB,1972,8.58
Zambia,ZMB,1973,8.21
Zambia,ZMB,1974,12.16
Zambia,ZMB,1975,11.47
Zambia,ZMB,1976,13.65
Zambia,ZMB,1977,15.96
Zambia,ZMB,1978,11.33
Zambia,ZMB,1979,16.45
Zambia,ZMB,1980,22.59
Zambia,ZMB,1981,23.97
Zambia,ZMB,1982,21.99
Zambia,ZMB,1983,17.21
Zambia,ZMB,1984,14.69
Zambia,ZMB,1985,20.29
Zambia,ZMB,1986,20.05
Zambia,ZMB,1987,22.55
Zambia,ZMB,1988,20.05
Zambia,ZMB,1989,17.8
Zambia,ZMB,1990,13.02
Zambia,ZMB,1991,14.44
Zambia,ZMB,1992,20.46
Zambia,ZMB,1993,20.66
Zambia,ZMB,1994,13.23
Zambia,ZMB,1995,11.85
Zambia,ZMB,1996,9.59
Zambia,ZMB,1997,11.35
Zambia,ZMB,1998,4.59
Zambia,ZMB,1999,3.7
Zambia,ZMB,2000,2.78
Zambia,ZMB,2001,4.72
Zambia,ZMB,2002,15.42
Zambia,ZMB,2003,14.72
Zambia,ZMB,2004,20.77
Zambia,ZMB,2005,18.7
Zambia,ZMB,2006,16.15
Zambia,ZMB,2007,18.68
Zambia,ZMB,2008,17.24
Zambia,ZMB,2009,17.89
Zambia,ZMB,2010,22.59
Zambia,ZMB,2011,32.04
Zambia,ZMB,2012,25.9
Zambia,ZMB,2013,37.66
Zambia,ZMB,2014,36.91
Zambia,ZMB,2015,44.26
Zambia,ZMB,2016,50.31
Zambia,ZMB,2017,54.88
Zambia,ZMB,2018,38.55
Zambia,ZMB,2019,43.67
Zambia,ZMB,2020,49.94
Zambia,ZMB,2021,46.53
Zambia,ZMB,2022,44.78
Zambia,ZMB,2023,60.45
Zimbabwe,ZWE,1961,18.54
Zimbabwe,ZWE,1962,15.22
Zimbabwe,ZWE,1963,14.65
Zimbabwe,ZWE,1964,32.66
Zimbabwe,ZWE,1965,32.29
Zimbabwe,ZWE,1966,31.56
Zimbabwe,ZWE,1967,33.47
Zimbabwe,ZWE,1968,30.94
Zimbabwe,ZWE,1969,32.23
Zimbabwe,ZWE,1970,35.04
Zimbabwe,ZWE,1971,47.9
Zimbabwe,ZWE,1972,37.83
Zimbabwe,ZWE,1973,42.58
Zimbabwe,ZWE,1974,43.2
Zimbabwe,ZWE,1975,41.82
Zimbabwe,ZWE,1976,32.64
Zimbabwe,ZWE,1977,23.34
Zimbabwe,ZWE,1978,28.35
Zimbabwe,ZWE,1979,29.62
Zimbabwe,ZWE,1980,44.83
Zimbabwe,ZWE,1981,44.62
Zimbabwe,ZWE,1982,38.57
Zimbabwe,ZWE,1983,33.04
Zimbabwe,ZWE,1984,28.48
Zimbabwe,ZWE,1985,36.1
Zimbabwe,ZWE,1986,30.4
Zimbabwe,ZWE,1987,28.29
Zimbabwe,ZWE,1988,32.8
Zimbabwe,ZWE,1989,28.08
Zimbabwe,ZWE,1990,31.2
Zimbabwe,ZWE,1991,28.96
Zimbabwe,ZWE,1992,20.26
Zimbabwe,ZWE,1993,27.89
Zimbabwe,ZWE,1994,28.88
Zimbabwe,ZWE,1995,23.81
Zimbabwe,ZWE,1996,27.83
Zimbabwe,ZWE,1997,28.41
Zimbabwe,ZWE,1998,28.89
Zimbabwe,ZWE,1999,28.5
Zimbabwe,ZWE,2000,23.26
Zimbabwe,ZWE,2001,22.43
Zimbabwe,ZWE,2002,19.08
Zimbabwe,ZWE,2003,20.89
Zimbabwe,ZWE,2004,13.38
Zimbabwe,ZWE,2005,12.24
Zimbabwe,ZWE,2006,14.58
Zimbabwe,ZWE,2007,14.18
Zimbabwe,ZWE,2008,11.32
Zimbabwe,ZWE,2009,15.98
Zimbabwe,ZWE,2010,17.46
Zimbabwe,ZWE,2011,14.06
Zimbabwe,ZWE,2012,10.02
Zimbabwe,ZWE,2013,12.67
Zimbabwe,ZWE,2014,12.24
Zimbabwe,ZWE,2015,10.43
Zimbabwe,ZWE,2016,14.24
Zimbabwe,ZWE,2017,15.94
Zimbabwe,ZWE,2018,12.29
Zimbabwe,ZWE,2019,12.29
Zimbabwe,ZWE,2020,19.57
Zimbabwe,ZWE,2021,34.15
Zimbabwe,ZWE,2022,26.34
Zimbabwe,ZWE,2023,23.75